Date,GLD,TLT,XLE,XLF,XLI,XLK,XLP,XLU,XLV,XLY
2013-01-03,-0.012146779740190669,-0.013642093865864586,-0.0002742370319506199,-0.001185719508572769,0.0005154157876276241,-0.006394259309873309,-0.002517218826773402,0.0,0.0012287659815113513,0.002475276756597588
2013-01-04,-0.0047257550222331544,0.003892617140155693,0.011038050708033983,0.011799669430618253,0.007440297923207357,-0.004059083668160585,0.00279644353580388,0.005049043150789807,0.00441051878980566,0.0037001447189210436
2013-01-07,-0.006315147639550098,0.0004219101322887612,-0.007754689977126173,-0.002348997673744063,-0.004354551686419049,-0.0013570553663864345,-0.0067246033377984385,-0.009841282048495962,0.003173159817496684,-0.0024655759280571886
2013-01-08,0.007062780803268713,0.006563984790654533,-0.003283360730907762,-0.002943586308838877,-0.007732198756576892,-0.0037410027033468935,-0.0028152622032138535,-0.00311317761112782,0.00024371704617870372,-0.002884011312080752
2013-01-09,-0.0004360197219949153,-0.000923234906732465,-0.0016455623742894425,-0.0011798649321772758,0.01004016712223605,0.0017021140648289937,0.002252356487378228,-0.00198601120449218,0.010905327840424937,0.0016494425212167404
2013-01-10,0.009241174883853428,-0.002774270116752972,0.009017727812305134,0.012320217007786075,0.004854879442976566,0.0050894099996507515,0.005890302618910351,0.004251503031962668,0.00696562582286312,0.005750263744860524
2013-01-11,-0.005695893235337639,0.008883999824163267,0.0012235394570996043,-0.002335197833921928,-0.0035749176224118455,0.0013524666928107906,0.0044640705802337696,0.0011308658088740656,-0.0002397398578994857,0.0008187088171256407
2013-01-14,0.002975797243476377,-0.0027577193680353904,0.00013582850057702636,-0.0029262697671350573,0.003830023146990775,-0.006441876692461391,0.0030575623162490207,-0.001980189169906552,0.0009575954583609988,0.002452384083336887
2013-01-15,0.006294400919113552,0.004591090657503218,0.004472439288812239,0.004094768888872085,0.0027990408881832752,-0.006483489001277114,0.0030483918138743482,0.002826667517168617,-0.0011971660193576736,0.007321452092329704
2013-01-16,0.0005534660222785934,0.0020803304308815497,0.0044524424598590745,0.0005834758175588734,-0.004074292200043495,0.0034176871092427862,-0.0013841400754325969,-0.00480953077158208,-0.002157358052005626,-0.0022311032989566913
2013-01-17,0.004294560017826217,-0.010023431427759733,0.006307353064697755,-0.0005834758175588039,0.010659945716401907,0.004085650709523013,0.0066279580118009,0.003963052424319879,0.008840129227121558,0.010505074399748135
2013-01-18,-0.0015930021974330576,0.007693188734906949,0.009851249078466389,0.0011666987121851872,0.008046656564957611,-0.001359671000465486,0.004120313033677788,0.007877973700435926,0.003324712572138625,0.0012050120114898107
2013-01-22,0.003550021116017711,0.0019148913072617394,0.00949261343346237,0.009286206321234758,0.003999358417558521,0.0027180323733172187,0.00027379821346637886,0.008372718749932461,0.0028409501745072486,0.0026061551013789354
2013-01-23,-0.002814438031338391,-0.0014971749780201284,-0.0034176902319045417,-0.0005777439123090129,0.00024836442423665394,0.010464538454692356,-0.00027379821346648435,-0.0025046603503224244,-0.0011827298644152533,0.000800269936261475
2013-01-24,-0.01102810374616787,-0.0035044346522417305,0.0028923333190038463,0.005188579212609118,0.005967668221840997,-0.017274254901014544,0.002737646367601666,0.004448292534303528,0.006369897308212572,0.007572994142639309
2013-01-25,-0.004781604983568098,-0.013798951247870856,0.009408107993576928,0.004589758759622906,0.003217404153885597,0.0010246072852990338,0.004908234578533532,0.004980831178201636,0.007731476192530717,0.010467258467350433
2013-01-28,-0.002243414817202356,-0.003650341226499844,-0.0016917501570060842,-0.004014917826949546,0.0007410285322591055,0.0034068989706826673,0.0008157265460386684,-0.0005523198142086115,-0.003506828330008869,-0.0047266091053504745
2013-01-29,0.004357652623316265,-0.005542127646411952,0.016025012621655118,0.004014917826949483,0.0022196771291256513,0.0013599766526560715,0.005421652431892411,0.006880550036908477,0.010715001393936998,-0.003955627186840128
2013-01-30,0.007426217176999296,-0.0017118111484837521,-0.005012524316397842,-0.004589758759622882,-0.009157191018993807,-0.003062090717485066,-0.001894042408034793,0.0008226876567601455,-0.00301665419742967,-0.0017850221751598446
2013-01-31,-0.006122691411324907,0.004870773210314864,-0.0033557759228910874,-0.0005749992308717172,-0.0034868892312740814,0.0017021140648289937,-0.0013555378471587255,0.0024631228458297126,-0.0027924664798445586,-0.004776108558372392
2013-02-01,0.0015496671610711066,-0.013070346250839766,0.009265561799927916,0.013146641199518295,0.009683374588883124,0.011162144944998096,0.00810412728529834,0.0027299654697574773,0.007892188069348573,0.005767877818197422
2013-02-04,0.0034008569302853,0.012727823331408709,-0.009523975003757052,-0.011421946281529805,-0.008686051841935931,-0.013205122152804855,-0.009461064318197227,-0.006838979062136886,-0.011159915047563411,-0.012372608709042415
2013-02-05,-0.0002469026145644602,-0.008926621132111805,0.008626713443118108,0.009717196116172527,0.009179912406144485,0.011521841488880977,0.01187945625670107,0.0027413521166697657,0.01092887196696557,0.010586345023537112
2013-02-06,0.0026514131006226955,0.00815799800925829,0.0006409154299313135,0.0017047501653572451,0.0002471679680502564,-0.00033692027632547297,0.0013407784652909667,0.003006406111039669,-0.00023120601089668413,0.0021831007297280778
2013-02-07,-0.003392675486914591,-0.002226287260772933,-0.0025660507145794974,-0.002843151238979496,-0.0012351331152405044,0.0,0.005346218571173666,0.0013637194940235764,-0.003708014033654834,-0.002183100729728069
2013-02-08,-0.0016696396112383367,0.003849911922825571,0.009333188673774825,0.0022750822142916316,0.003947807929430554,0.008724829639653243,-0.000799918088568167,0.0,0.007402329478158973,0.0077191108365253615
2013-02-11,-0.011641494508639208,-0.0007691944397427986,-0.004974883369274853,0.004535203293166138,-0.0007392592312371623,0.00200289523070868,0.0,0.0024501947825814993,-0.002076557385289912,-0.0033575771637790438
2013-02-12,0.001189038868357003,-0.002480884792827997,0.002681506871972574,0.007887532056369719,0.004425774616213626,-0.003340138938052942,-0.0010675537772997094,0.004340805138599039,-0.001155508967719964,0.003948948019803348
2013-02-13,-0.005267437597442791,-0.008170185712811822,0.003565266609008392,-0.0022473838579089808,0.005383070492572142,-0.00033485512575461744,0.001067553777299699,0.0,-0.000693618133376936,0.0021651400611250008
2013-02-14,-0.0044108258534539865,0.009026195464505279,0.008605794714537597,0.003369016704530507,0.001462966058281952,-0.002680762783546873,0.0021324147910767198,-0.008154719415203978,0.0020803967610738398,0.0003928812412417593
2013-02-15,-0.016491485732013745,-0.002914377013917222,-0.011533493283733954,-0.004494436854275755,0.00048729817040814636,-0.0006711633827233579,0.001330148141071621,0.002181412864084636,0.002306050831566879,0.0011785893403166803
2013-02-19,-0.00276442800912232,-0.004990598167621158,0.011533493283733908,0.009526357656613327,0.007280065377560637,0.006693181887481527,0.01005291353753342,0.008676384079158292,0.006199991173649093,0.00372270034483074
2013-02-20,-0.02536237476562978,0.00301444842879031,-0.021139404137139536,-0.015172874929269282,-0.013142305879099422,-0.013769982147437394,-0.0018444251578931536,-0.001891394775984886,-0.0064301825269546245,-0.01537259873064416
2013-02-21,0.007761616845874272,0.005831953854801616,-0.006973780875698316,-0.007958937258642855,-0.007376849403684906,-0.008149519871196725,0.0031595278862229714,-0.004337355696387988,-0.004619045366823298,-0.008376605416633263
2013-02-22,0.0022906918469714913,0.0006834479390811321,0.010442716118053414,0.01247868196548904,0.007866773182081914,0.012199394735507215,0.005766997389531161,0.010001238296605968,0.004388473613874927,0.005592310539035815
2013-02-25,0.008916105586720739,0.019462974633444655,-0.026511906304252604,-0.027429977322820907,-0.020782609264705737,-0.014247329505369149,-0.013684757078283554,-0.008915214458323087,-0.011124254422358579,-0.015656572903407707
2013-02-26,0.012107340694240326,-0.005799752480732358,0.00982841051214633,0.0052007443734694925,0.005982599620280208,0.005791482908637904,0.0023819102429116228,0.002980977151564241,0.002560352068960429,0.009863703509161536
2013-02-27,-0.010618162447447536,-0.0029543285538317357,0.01514309118687216,0.015442059690060819,0.018710073557647193,0.008455846596731289,0.007374674568358939,0.00915659995524988,0.010865597788366136,0.015109983924644679
2013-02-28,-0.010209194156268543,0.0018584543866684584,-0.0020570673902439904,-0.001704122012489834,-0.0007321656185006961,-0.0020230016056227242,-0.0005253075866223872,0.0034792806225763073,-0.0009198245705297626,0.004920671024994013
2013-03-01,-0.003666829371253608,0.005430833672149602,0.0012863713245380123,0.0028383091487017616,-0.0017103950279215108,0.0016860426373095168,0.003407630793680754,0.0018683297107935748,0.007566289671856224,0.0023534812831803964
2013-03-04,-0.0009188120822602375,-0.00531242139863984,-0.0021879441513017136,0.008467498486775808,-0.0019574270451964753,0.0030279439742856708,0.0075588465887768234,0.010082833420124704,0.00546684335994047,0.008776335365311059
2013-03-05,0.0005251531495988175,-0.0028795516971843542,0.006421061631729266,0.008396485025410981,0.014108778403099416,0.013677952867545565,0.003369757756903224,0.005266097836429591,0.008595227088928467,0.010046212169891952
2013-03-06,0.005562599618897849,-0.009114256344430824,0.0011513762159929353,0.006666511923659564,0.0,-0.000662710022965403,-0.0023322012310282004,-0.0005255573591551232,0.002025163294869259,-0.0007687726332482465
2013-03-07,-0.0035302945226979147,-0.007730908081003317,0.005101371517823763,0.007172314572869257,0.0007242126552362806,0.002318201357034778,0.0,-0.004476984624584886,-0.0006745988357298076,0.0017297813622538828
2013-03-08,0.0001310037451856418,-0.010489629751377719,0.004822105351686787,0.0027455552459152263,0.009369663336001158,0.0019828892216207524,0.0018145909153294163,0.0021091350456689147,0.0017979199161163918,0.010507299855790308
2013-03-11,0.0018318537547607815,0.0009575685988665528,0.0005066842246328864,0.007645965392595879,0.003341994673927154,0.002308263449001809,0.00103551259911623,0.0023678495789159417,0.0051503457631558594,0.002467227144851842
2013-03-12,0.00781302833234655,0.007200475451397054,0.0011380479127912528,-0.005455525584246316,-0.005736372131788371,-0.003629827304369506,-0.0010355125991162227,-0.002630694657342113,0.004457530942429266,-0.002847367369563407
2013-03-13,-0.0034432307449765156,-0.0010375834781624748,-0.002277470691575892,0.0027312380289786636,0.0047821105629477665,-0.0006613253662532126,0.0025861449904245994,0.00446835806497949,0.00022215579866943056,0.00549810741606451
2013-03-14,0.00013007752936968284,-0.003033406687411127,0.013588436556508515,0.006525458619646243,0.004759696006619471,0.007251451529311639,0.0033513731076990033,0.002095177686485829,0.0008887610829116279,0.0011339079647807182
2013-03-15,0.0020801316122226374,0.004675655067246899,-0.0007911891579012655,0.003366281885850296,0.0007630088454382461,-0.004163563258327367,-0.0043807348178987095,0.006552258055368149,-0.0021442212293688754,-0.0038339329465943146
2013-03-18,0.008921158533619225,0.007573840818076917,-0.008072495502031724,-0.009804405777121208,-0.006214613927511406,0.00033107557968316666,-0.0031225880789776477,-0.005522739137369097,-0.006503674592378194,-0.007634866467491378
2013-03-19,0.00449494709912103,0.0067494401367987535,-0.011079530443717815,-0.005488452147967639,-0.0009591931567020152,-0.0013249604934615724,0.008305307697279215,0.0026334346470965795,0.0006746454535984117,-0.007115068117516097
2013-03-20,-0.004559370369457158,-0.011217613759175094,0.005618843622446286,0.006582145338457979,0.0011991369503835778,0.0049592790508435035,0.009518027662873576,0.007337668294045375,0.008285591800885775,0.011511997685380622
2013-03-21,0.005647950939598429,0.00959826839265429,-0.0051066400484696345,-0.012100969510141415,-0.01011830975972717,-0.011277077059184125,-0.003077294909355408,-0.004973162027223042,-0.0055907063515997025,-0.008429008527729346
2013-03-22,-0.004490045653721258,0.0007678653857044276,0.007904266761398045,0.006069035121655209,0.007718596203016948,0.006317798008340636,0.009202661506129743,0.001573032860589531,0.007596094605444797,0.012237442264842215
2013-03-25,-0.001994901077106218,-0.0009382475127492361,-0.0038173095293138246,-0.002753840102435794,-0.008929350395797524,-0.0023232124683261785,-0.0007640333423316481,-0.002098106641833476,-0.002897765640242329,-0.00171187842681191
2013-03-26,-0.00335530229094277,0.001194040327983385,0.01052460790628801,0.006596781717663604,0.005077790373852768,0.00629269044195939,0.009378178901865925,0.009407196620055748,0.01154039417912703,0.004937359564838739
2013-03-27,0.004127968876901494,0.008484477419991865,0.0032737785042162913,-0.004943419847355631,0.0,-0.002644517480171751,-0.0007574096762195633,0.004669900182350861,0.0050625285216925,0.0003785635881870746
2013-03-28,-0.005874608865923951,-0.005081986999808251,-0.0028953084885619375,0.002749215054898196,0.007209780037784755,0.001984006297791649,0.004031235864117592,0.012093681886229392,0.008743145238715387,0.0035914360409824322
2013-04-01,0.001423403605869597,0.007503536498985715,-0.0020193871689709454,-0.004954470315588099,-0.012287570411637435,-0.006629143656113088,-0.0005027288683212568,-0.002304793653887782,0.0026078915418834745,-0.007576000067125661
2013-04-02,-0.014588376987558337,-0.004062526469639926,-0.005701966009982481,0.006052420148340744,-0.0031568338567885966,0.003982578472761121,0.010759392023502585,0.0033271863996592586,0.014438326624732645,0.008330402811880246
2013-04-03,-0.011215297746718735,0.008948915691200935,-0.018854930706209902,-0.01659310508914719,-0.006098551811419553,-0.007981231551724166,-0.01101112219568857,-0.002814417567945634,-0.006008863139410235,-0.00928149332074931
2013-04-04,-0.0029234122040560696,0.011865003980428368,-0.001295819598299566,0.008883752443386855,0.004395187305404168,0.00033383872595132714,0.005270444243950429,0.009435391788439159,0.004510256250143695,0.005692854205149518
2013-04-05,0.016628587367166922,0.019983464898956468,0.002201958890858115,-0.0033221240856135983,-0.0019510189842080535,-0.007706553438731715,-0.007285484224460321,0.0043055820030309475,-0.005586754427279916,-0.0049317412338369905
2013-04-08,-0.004262680775851177,-0.007682190101054707,0.00670446239069195,0.009933526898621418,0.0058406205457951915,0.004363441750089686,0.011282613747108566,0.0075527755403586375,0.0008614333358817397,0.011344644534463273
2013-04-09,0.007725031383893976,-0.002464789279503677,0.008445234502623423,0.0027422497602509234,0.003150067395647222,0.007007926041653722,-0.0009977855308445725,-0.0030143860556817587,0.003223756764305205,-0.0026358149234314778
2013-04-10,-0.017034818641169572,-0.01383120718863801,0.005337610750120351,0.013598119912369123,0.013216743150170185,0.017471885380075873,0.007458669983530789,0.008018379673763981,0.01660020017482676,0.011619404847286201
2013-04-11,0.0019880924290127428,0.0019164114404596122,0.004299594919048759,0.0021587608381134805,0.002622032696783213,-0.003273445148462285,0.004695718112645067,0.002243526220838329,0.009661770255253941,0.008349474991510923
2013-04-12,-0.048144932178246586,0.014789130976666084,-0.01577219809365347,-0.004322272817947249,-0.005730676029746285,-0.0042712429441141,0.0036910694108648334,0.004224272798099601,0.0018791598298215446,0.005344375763345096
2013-04-15,-0.09190507457983844,0.008656315724901423,-0.04162366566051255,-0.02134129206492869,-0.03088385125164078,-0.01660057991883771,-0.016094908345306365,-0.014486178692701975,-0.01831782464402776,-0.026633313792284067
2013-04-16,0.011283338744214735,-0.008246305529397618,0.012221174978630601,0.015368076090830074,0.013492222078895678,0.012310866380603372,0.01854840384739124,0.012003114797798404,0.014346219311388292,0.014243055306755402
2013-04-17,0.000526909831982771,0.0066182050031620854,-0.02216050237934802,-0.01869220663650773,-0.016707509127854535,-0.020715883327728894,-0.008613267697110521,-0.005733340854352695,-0.0046191676128398305,-0.010287182193181848
2013-04-18,0.010704956398210237,0.0024406211015338074,0.008468015149105137,-0.0105996583202127,-0.0044703749018294185,-0.010520896508263183,-0.001979213022654937,0.003244678972803175,-0.012279910413280836,-0.010964389247574676
2013-04-19,0.008674096350888906,-0.0021146095752687393,-0.0020098449344310427,0.013923788865890392,0.00496547340399648,0.0013636572852361872,0.01548115814060673,0.014840842242447761,0.013962140505376412,0.011904207029350444
2013-04-22,0.01777851793528908,0.0007326896578891189,0.010672767509957635,0.0011055100594794017,0.0012374209572911337,0.007806172787902618,0.002435831223594299,-0.0012287844261742258,0.006074113867456923,0.004310316125470719
2013-04-23,-0.007424075282657943,-0.0035038551517260117,0.011478037869250887,0.018068388938680922,0.007147476172527114,0.010759870288831625,0.007753635932742787,0.0024555588256920296,0.006244784876334912,0.010048360453691335
2013-04-24,0.01082655613705574,0.0025269358220533166,0.013291881554837445,0.005950271533733007,0.01026098207886182,0.0016709426457934848,-0.016058543249731917,0.0031822162543981933,-0.017373505266646765,0.0007405460584186928
2013-04-25,0.023286836308933283,-0.004325129053148543,0.0007767561050694989,0.005915795392783421,0.0050915681110074665,0.0033335323985098607,0.0031837583898996053,0.0002447957245518385,0.004003804675727323,0.008474579340693603
2013-04-26,-0.0050966430061307215,0.009118558029303355,-0.0016830841952685117,-0.0042986451431734265,-0.002906158576236683,-0.00033291353788199746,-0.00024478293737018134,0.0014655191843227855,-0.00021043178458358166,-0.004412653917417776
2013-04-29,0.009816111845741552,-0.003654200484794845,0.010055485339839474,0.004298645143173343,0.0050805977453637265,0.014212665230013782,0.0031742987147385464,0.008262348497207509,0.0031499582060295337,0.0034950670389772578
2013-04-30,0.003297447184859199,0.0005697545387851353,0.003968836546114725,0.0026769207039425507,0.00024104107503179425,0.010771734399648772,-0.0019521662242495343,0.0026584341802761233,-0.007576994476824719,0.002750319589638268
2013-05-01,-0.011695241331580094,0.010220838244273441,-0.015710084032729905,-0.011293092031883167,-0.013112940466897044,-0.00880434599088424,-0.0009773495531188064,-0.009945698387677298,-0.010620199854705928,-0.005324588590240173
2013-05-02,0.00572377326421984,-0.0012912029285904536,0.013022964781549417,0.008616171327940677,0.012389293323759744,0.012693226051007945,0.003660375415457191,-0.0012192359715173598,0.01104278629413777,0.00971007172757913
2013-05-03,0.0011971282175668827,-0.0238596011699306,0.01790194158438255,0.010666537692925747,0.016996113381498125,0.009335101273647874,0.0043750857985732665,-0.001954933287387533,0.006735131516609161,0.012500904557204888
2013-05-06,0.0004221612830436374,-0.0024839096167638968,0.006772001316786756,0.010554197446346518,0.0063881440300296724,0.004794850257505486,-0.007302589684127254,-0.014037641786555479,-0.006524054576389569,0.003235898059720162
2013-05-07,-0.012529729074763163,-0.0039034759608555306,0.0077191040498923,0.0052360475308327265,0.009156379732166207,-0.0006381110064616244,0.0075455501791759656,0.009626347195998097,0.0031623079165928086,0.008399465295673487
2013-05-08,0.01470823959319662,0.0015795622752397694,0.0016109743247713117,0.008319982920585802,0.006289696253476133,0.007945418016789635,0.001211375412602671,-0.008882922435904494,0.002941898479592996,0.0007118253481548809
2013-05-09,-0.011649859087374476,-0.00257873258322131,-0.000866691467208653,-0.0072765224886377515,0.0,-0.002852823384944775,-0.007048408884132678,-0.01523285914312235,0.0012586207978389306,0.001776485988773526
2013-05-10,-0.008630212541188757,-0.01080500207062386,-0.005219046432849627,0.004164615833092658,0.003014374602912512,0.0028528233849446295,0.0038954876286461295,0.0022622827632192886,0.00980294340472153,0.007781007656519726
2013-05-13,-0.008416504259274501,-0.00769208232105916,-0.00012432565508841223,0.0031119066555449705,-0.003943593314853388,-0.00253569466469628,0.0016985853478351312,-0.005286839899629832,0.008268242608398412,0.00017599063236134447
2013-05-14,-0.0044888226191427795,-0.01092233127135411,0.014103650415848398,0.016945422744162414,0.012244423151416805,0.003168757299233905,0.011815024094414272,0.006791774689521268,0.010035708744776021,0.010163228560418815
2013-05-15,-0.023345595911785897,0.006669704842885562,-0.0028295858661721188,0.009123299823713188,0.004124607820366713,0.0031583932468993944,0.009779725614951143,0.009481800828210821,0.005284418182545904,0.005389834571728669
2013-05-16,-0.004019122278807547,0.010343290810537694,-0.004940216599381461,-0.006580689450175611,-0.005042923016662803,0.005346699142068286,-0.005951853649777473,-0.008228623075094754,-0.010392339121534672,-0.011685903128657135
2013-05-17,-0.022779601469059194,-0.012732159225034694,0.016575828521495754,0.013118131946722915,0.015054422277407881,0.009987738890379431,0.0014311372525290299,0.009469039076802053,0.005718929788712948,0.009602781779022792
2013-05-20,0.030431648851024378,-0.0011961077351815125,0.014026969457346144,0.002003245638271162,0.0029393877343588137,0.0,-0.010305479652073563,-0.004973036397275497,-0.006949013027333185,-0.0029580740984471716
2013-05-21,-0.01671673431161512,0.007837602578147123,-0.002043240428643778,0.002497924201786477,0.0013535394101043688,-0.0031103257745199323,0.0009635125955366153,0.0019924887975876263,0.01081139750333206,0.004520898524945579
2013-05-22,-0.007099209752431566,-0.014962573260717885,-0.01161834534426251,-0.01053426991061605,-0.008831207181575,-0.010963457771672397,-0.0016866594287699098,-0.0170601750947741,0.0,-0.00958771392008771
2013-05-23,0.020034420891585903,0.00472751256989754,0.0004871202803003325,-0.006069719406887592,-0.002732755041986099,-0.0003148728995113545,-0.004106892241188817,-0.006855280112373598,-0.00040556783280769793,-0.0021043842625384094
2013-05-24,-0.0063346049211476085,0.0013700212673133938,-0.005857551087173503,0.0010138287629617275,-0.0031976816296207305,-0.001576634307393056,0.009397154978741992,-0.010758383298124107,-0.0030495567353716036,-0.0029882345474763557
2013-05-28,-0.0020204984510566455,-0.0256691313552384,0.010469972057667726,0.010085748676006133,0.005247837879500679,0.00472232381783756,0.001676929849425252,-0.01165683098269698,0.010127583233012763,0.009636275677466754
2013-05-29,0.009988129408433648,0.011181079150105376,-0.002182014301854478,0.0,-0.005705706316698556,-0.002515971989182173,-0.019338029611914796,-0.014962583216153073,-0.015844081199215813,-0.010340955180294025
2013-05-30,0.013773982178960965,-0.002435470000997386,-0.002309075060828854,0.011970318435821657,0.005933474035903177,0.006277502338951732,-0.003913390733250629,0.002641162775010354,0.007140411206999138,0.0
2013-05-31,-0.02054612833699834,-0.0034011242127444624,-0.02089814932272967,-0.01649616350429524,-0.009602436192568937,-0.009430702431008709,-0.018798790634459522,-0.0060854311990042,-0.02220011355582422,-0.01133938738225727
2013-06-03,0.019155238706458418,0.005284462772386025,0.009643224375281522,0.0010076402474142264,0.004812799067207301,0.00504068390534817,0.010927292432683946,0.0021206018489868038,0.005389679458146137,0.004444299721263837
2013-06-04,-0.00942083088363743,-0.009278073155806092,-0.007905513909547811,-0.009105069440185768,-0.005501856179240334,-0.004409304783490634,0.0002462038162594455,-0.0034486052437914375,-0.0062214754451093346,-0.0035539212248202356
2013-06-05,0.002142261538931351,0.013711618441338278,-0.011725138415798034,-0.01639371889189173,-0.018328012292929786,-0.009833609872641905,-0.012172508851491792,-0.00880839252438343,-0.014668962011325882,-0.016695239157927016
2013-06-06,0.007425099325577856,-0.0006077382092777489,0.007500270531734705,0.01384973788629001,0.0063017789401238235,0.002228546993551908,0.004240184187816827,0.011727288117699387,0.014461199174896215,0.010444688329257774
2013-06-07,-0.024092192496149724,-0.018040298942212325,0.012499313846911064,0.017172434899544155,0.018670950201980688,0.009181910640614471,0.01236715758172455,0.006075632925129243,0.009113320979201466,0.018108189044631608
2013-06-10,0.004939787449919778,-0.004783551498595355,-0.0028325702661833826,0.000500629944883173,-0.002973561945806108,0.002203715094007209,0.0,-0.0002628156942284849,0.0014422968034680187,-0.00299546882605682
2013-06-11,-0.0051648936635613095,0.01182881460958278,-0.015286820073209598,-0.016654574159146604,-0.009204229962593926,-0.0104315111327365,-0.0024612127810969826,-0.006608063284556362,-0.0041263795011302834,-0.009930844885638872
2013-06-12,0.007476670343020137,-0.014406981353470865,-0.0061549972924753345,-0.010744400028967751,-0.006958805322235442,-0.006695479731845853,-0.004940806471201994,-0.009860337639338829,-0.010181687110601407,-0.011111066004024086
2013-06-13,-0.0038060756896859606,0.015546741360133363,0.01662024056961275,0.01885429189361213,0.014558514671578811,0.011450595417723879,0.010347553613709164,0.016204745566608558,0.01533710346940198,0.018568391016252274
2013-06-14,0.005145905283357988,-0.002369515150501721,-0.009714154382350775,-0.01321145245814936,-0.0066750857285838615,-0.007619191132815296,-0.002453634296903815,0.0013162739440296545,-0.0016469093558467358,-0.0031890659235776705
2013-06-17,-0.00492162373629442,-0.005285100022398091,0.014288866332258834,0.009671219113251268,0.00782143452337095,0.009198886732270569,0.00880612553737933,0.003153448706977021,0.0022635715963541226,0.00548609741344288
2013-06-18,-0.012335615865617823,0.0005295461663485093,0.005658683358802407,0.006564077962913241,0.011618850197123559,0.007863164823180741,0.0036467915578533177,0.006797074917014587,0.008392549031852808,0.010184643145672856
2013-06-19,-0.011723707191219441,-0.010381619259025726,-0.0092429194463538,-0.013681301618122413,-0.01529169059898373,-0.011659276772150881,-0.02009902885446548,-0.02319586221666465,-0.016026872710140236,-0.011420934749061605
2013-06-20,-0.05501208351122277,-0.01654870409192635,-0.02965382557231303,-0.021661287784238183,-0.023032164425848597,-0.022436794372034743,-0.030670966902251975,-0.028673568558613655,-0.026018990995911227,-0.026500616082008013
2013-06-21,0.011663149049636777,-0.01710391136609704,0.0017158070584670356,0.0008891421756671117,0.0006147389239409424,-0.006045086511239722,0.013121714487936866,0.012973665731159578,0.009817024218015903,0.0019274343747423647
2013-06-24,-0.00899678918866049,0.004142569822166167,-0.014951019790525029,-0.017942094033563526,-0.016927720730375396,-0.012201364876712707,-0.004066543728315648,-0.0008210147902275518,-0.008494044283629034,-0.009126050150057964
2013-06-25,-0.0037186710729782786,-0.008951344503132988,0.012773714709469298,0.018465284596883177,0.011237816611486207,0.008260296719274689,0.0015267649671036835,0.013061114978553293,0.0051051990061434785,0.008944354176270791
2013-06-26,-0.04294353680246575,0.006468124964933632,0.006134824468573592,0.009882961751675402,0.009700377356833918,0.005905390261115802,0.010370396819998726,0.01262655801144691,0.014324877462426801,0.012460525897642561
2013-06-27,-0.01998184769474001,0.010170746018098722,0.0019095566096428778,0.01285689309720811,0.009840961865659758,0.004895083076682518,0.004519555472507267,0.0021332467448731845,0.0035498003735413082,0.008577692072093211
2013-06-28,0.026974604047993712,0.006813540010706551,-0.0042055512682052845,-0.006150756334338016,-0.005845832660980513,-0.004240897254263949,-0.0062821747507124884,0.0023942736502444366,-0.007741514174473742,0.003552507876442211
2013-07-01,0.016816885336969126,0.002013131392630943,0.007126619062533712,0.003079954745838112,0.010033936882395877,0.005217045003552344,0.007283640944105478,-0.012568537106704148,0.0027272803247801506,0.0068910791971658345
2013-07-02,-0.008955978266061641,-0.0006347454468789965,0.002153431070121191,0.0010248262502163005,-0.010737973224881042,0.0016247015175137052,0.0012505409794054743,-0.00026939476943420803,-0.002097224700273742,0.001759106140984005
2013-07-03,0.005731107587480113,-0.002994259703145653,-0.0006334095139084115,-0.003076871437054154,0.0004691122778490615,0.005826789976470662,-0.002001295434488535,-0.0037751781792147196,-0.0014705504395831164,0.004560110415122862
2013-07-05,-0.022192441073447783,-0.034682577888546645,0.012332116049575424,0.017816911258942168,0.015594971244102002,0.006435125551967835,0.002500927303005298,-0.0029768752331578666,0.013571809715271412,0.010790287499255626
2013-07-08,0.01195305315168224,0.009646119990750946,0.006482277430956893,0.00753937316089012,0.0027670811834478977,-0.000641515771543033,0.009942818808787869,0.014260849003179553,0.005583356052076138,0.009303582689395221
2013-07-09,0.009245063039676966,0.001025451613281596,0.010137441170448059,0.00847680081144461,0.013951068176627958,0.003843580029021099,0.007392934456045503,0.007187291576777578,0.0028832616834330847,0.003937061833170539
2013-07-10,0.0027320810310944702,-0.007852468152579306,-0.006169161970206619,-0.005976379079423599,-0.00022685241177599345,0.0031919864270537972,0.0012271763789929635,0.005555365881461823,0.006558891830930237,0.0010240018768713879
2013-07-11,0.026837949821575,0.011661412300902894,0.008012167893850994,0.009445900891971353,0.015776542499090062,0.01674895006319145,0.01557165809422704,0.015962602733381202,0.012788024882778795,0.014232863165362942
2013-07-12,-0.0008857802448473976,-0.0008342140254812882,0.005631922637387494,0.006903211421813588,-0.006055639975484319,0.0006263021649385294,0.00024124621572031664,0.0031102583574570677,0.006032841350912279,0.004699624378332488
2013-07-15,0.0004027469930761068,0.005276488008215482,-0.0008546274144950123,0.004412813526977574,0.0035932234594136863,0.0028143895519416387,0.001447803295955957,0.016173285876440614,0.001001552918549749,-0.002515085994055464
2013-07-16,0.005701216593606186,0.0034119084602937666,-0.0061290824605975385,-0.00392138404632736,-0.005395121399245195,0.0006247804037292193,-0.003622152317454028,-0.005362157927774796,-0.005825081068096677,-0.005386266180151643
2013-07-17,-0.01265074444459673,0.001838893594455605,0.004416434974787605,0.004410795631926829,0.0029257632215115123,0.0009358111186785446,0.001933102805777911,-0.000511902029603718,0.002615046644931899,0.0005061083696964632
2013-07-18,0.005579624197673036,-0.012571415222919803,0.010592469636893467,0.013116700424780227,0.010061662001756894,-0.0024976549652901765,0.003374221402770217,0.008671085659153425,0.002809590045850482,0.005719272156868392
2013-07-19,0.008831130466871196,0.01568950414994819,0.013831758481595634,0.0004822973168043665,0.01018149602689192,-0.0170242489568264,0.005758159445191452,0.00025370050468293416,0.013137035560032703,-0.0008391143464133605
2013-07-22,0.029377940831470724,0.0014645550632406286,-0.0032303436047287203,0.006730487080190114,0.0006608508790397038,0.0028575659603698577,-0.002155337986964925,-0.0010159975814806172,0.004931403279719757,-0.0006715321780398991
2013-07-23,0.006729945073879884,-0.004215310878240713,0.0016758834142262292,-0.0038403622588346702,-0.0006608508790397708,-0.004130268594408977,-0.0019195210211723525,0.002538317905297203,-0.00354812389358317,-0.0013448637186189685
2013-07-24,-0.017341725231021614,-0.012753402553144796,-0.011188195770038403,-0.007241286283748496,-0.007737042043518566,0.006663442976118343,-0.006506610552921397,-0.01532619569551925,-0.0015809939732438854,-0.003369870283492694
2013-07-25,0.009291457084115504,-0.0003720487368765612,0.006632199064163315,0.0009688900265909264,0.00044361125424747806,0.000632327585572355,0.005304955756544032,0.009223698275790851,0.004932283609457095,0.0013494003181030948
2013-07-26,0.000854539664784338,0.006122437774567757,-0.0025270414842343777,-0.0009688900265909556,-0.003332746073734554,0.0028404307222115806,-0.0012039376155819658,0.0035641795144310483,0.0064739674924098505,0.0031975653443597463
2013-07-29,-0.002410089085684926,-0.007332425676718252,-0.008348111215721231,-0.0072938875691014446,-0.0026743886556816953,-0.0015770444609647636,-0.00216897892012973,0.0017773005687107366,-0.0029371412222021637,-0.005222125874888724
2013-07-30,-0.0027281369156585316,-0.00037273982336249924,-0.001945958933058949,-0.0004883108290822977,0.004230867539660375,0.0050379250491287665,-0.0009658759889597797,0.0032924693708903017,0.00019577125861594893,-0.0025364783142108214
2013-07-31,-0.0012495787031893267,0.003628148099348582,0.0032818259141287986,0.0004883108290823069,0.003549278525392212,-0.003460880588164149,-0.0002413563930848431,-0.007359269231443576,0.00039188755546357764,0.005235056787039245
2013-08-01,-0.010606207573640596,-0.019456819841457387,0.016127496139342872,0.015977502681146172,0.016906379693134882,0.010658405272253396,0.008180982293498423,0.008370570248934332,0.006252512544045025,0.015376798597452421
2013-08-02,-0.001976519588739746,0.01094978325723997,-0.004427476579000531,-0.0004809261527544151,0.001958105085695979,0.004355923959202126,0.0004790432757631689,-0.0012640482357896366,0.0003896583820256286,0.007107208238217374
2013-08-05,-0.005236889446047239,-0.007727776564949056,-0.002401013926670126,-0.0019237305357346767,-0.003919004416530864,0.0021708326303984467,0.0007179108820834237,-0.006597561402526393,-0.0013640573248559847,-0.0021431927006503987
2013-08-06,-0.013858480621278743,0.002928086254981787,-0.006149506228495106,-0.009189973559590838,-0.0074447667540630345,-0.005280090293937578,-0.0011969541578465887,-0.005104633684178628,-0.0046901563338179195,-0.004134625523667871
2013-08-07,0.0014509135479650783,0.007425121439484754,-0.0035137308428220457,-0.006826232728756037,-0.001539889761961431,-0.002494958594295627,-0.00480477099132402,0.004595673073560328,0.0007833137936054218,-0.008822337031110938
2013-08-08,0.02159359677218957,0.002711261836819356,0.005446783687963635,0.002443360295689627,0.004612258097011691,0.003117361067647553,0.005283814267087254,0.0038131455554935418,0.0,0.006665339961278854
2013-08-09,0.0,0.0015865807552775907,-0.0030224098779524427,-0.003421883436984958,-0.0032926296659297675,-0.004992270964146831,-0.004320316654006704,-0.006874653671327341,-0.003529615842352536,-0.002161072679910991
2013-08-12,0.017735565654740437,-0.00682915912509275,-0.004246928378304987,-0.003925596060829315,0.0013183109557412468,0.006547245267660654,-0.0028916693712210365,-0.005379646093069002,-0.004132859742688687,-0.0013328377004057379
2013-08-13,-0.010822755261539812,-0.014562023159402221,0.0018225545682937787,0.004904119202124637,0.004381125505046023,0.0068132515636194916,0.0007239433991889322,-0.0054088928002962834,0.0037401252790189247,0.0
2013-08-14,0.009815472951498977,0.0015229491336384055,-0.0046229540751456695,-0.00392138404632736,-0.0070190648918692115,-0.000926344551375324,-0.007016123889410465,-0.006477684818193035,-0.007890880152945867,-0.01106069629687309
2013-08-15,0.020638289899497057,-0.013597552562063919,-0.005502135405021828,-0.014844518341412047,-0.011289637192362837,-0.016194269879666948,-0.016152648898725044,-0.012819124856923752,-0.016978766959486056,-0.01768148102948001
2013-08-16,0.006735556363018295,-0.0034752529463912434,-0.0040543879555574435,-0.0019960234530230995,0.0013350279707721776,-0.0009426999553947157,-0.00593925723647495,-0.011652314439249675,-0.004644075504009792,-0.0036086580947867096
2013-08-19,-0.004308614943246926,-0.008744588137681053,-0.01600850267778754,-0.013071878346896283,-0.005349980543573303,-0.0031475672837977474,-0.004477757184784642,-0.008560816943441782,0.0018198451800512502,-0.0043130266811598995
2013-08-20,0.003327556996308892,0.007679907394577618,0.0061109415287914776,0.009569072713421632,0.001786580409865805,0.001574845894158334,0.0002493243257060638,0.009359391190638793,0.0028242303239585345,0.010149118305457637
2013-08-21,-0.002873052164441264,-0.011003858106187944,-0.005485748287756421,-0.007042186257244955,-0.006941039374271982,-0.002205366366195589,-0.007756696419707702,-0.011511310154277067,-0.006061814434005376,-0.008594062626374148
2013-08-22,0.005587376516652108,0.010131142738786738,0.014767436945161624,0.011543798348927064,0.013612484620423962,0.0044065828220348,0.004261088340361726,0.005638349832522474,0.006464720086837374,0.009962236234058298
2013-08-23,0.015614200939507474,0.010797414248523044,0.007119200920537443,0.000997216994815536,0.0002210032588621108,0.007197524684089125,0.005736601088647212,0.008265786175134971,0.002614465958707364,0.00017104084195592917
2013-08-26,0.004068828031624427,0.004974003716265611,-0.001713500957025516,-0.006501845824809022,-0.0022182048162280752,-0.004688118188402684,-0.011758013446401509,-0.007462996113280636,0.0014043694506734156,-0.002052989027274106
2013-08-27,0.00955189530149838,0.01251549619298561,-0.006267940540713464,-0.024378793339067763,-0.020415741015741905,-0.01769968354182243,-0.0052978822929151065,-0.000535225063292214,-0.0163784018845524,-0.016400826009320295
2013-08-28,-0.00029249824790502016,-0.008135917218005412,0.016506812337962806,0.0015413157615928113,0.0009063510128381314,0.0006375684277458145,-0.007618283015264696,0.003473930479017409,0.004272162740182977,0.005381219954273495
2013-08-29,-0.006163432755339088,0.007947586408214219,-0.010484508135686847,0.002563465234461649,0.002939438266732076,0.005402591754885731,0.004070138105790147,-0.005885839287384223,0.0030404225781466387,0.004836292108550316
2013-08-30,-0.009242551987358015,-0.00113103908556015,-0.00036744241631128714,-0.0046189028645032115,-0.005660741397590155,-0.004765572137878368,0.0030420565283620703,0.0008046678776615606,-0.003852752884921371,-0.006222014639286771
2013-09-03,0.013282390492898161,-0.014205599907996564,0.007329126201972023,0.008196674192896098,0.00633818971604704,0.0009552321378786192,-0.0007596469994237316,-0.011594886628231158,0.006480335248741594,0.007083011539119407
2013-09-04,-0.012985238492024438,-0.002208916209961809,0.0053401500117933615,0.007623905141402004,0.01010188701465338,0.009499576275340125,0.006312178137042183,0.0,0.011440249180105236,0.010446119835044282
2013-09-05,-0.01843720597917757,-0.014041976015812738,0.0033836235170690947,0.002528314633055635,0.0024540559920549886,0.000630136163756975,-0.0015111797417960947,-0.004076607945814131,0.0013958752115525472,0.00034094553387484315
2013-09-06,0.014642627040753583,0.0049609297941532095,-0.00012055974434684571,0.0,-0.00044580266726078555,0.0006295279685678783,0.0025178363878853305,0.007055431823850072,0.0003985707243185743,-0.0011929913575405952
2013-09-09,-0.0017905715189216484,0.00048536019312483346,0.011158439826197353,0.011549445759390419,0.012406056506923214,0.011889894863517391,0.00701495913046566,0.003509331120321138,0.006156224261817339,0.00882698735678166
2013-09-10,-0.016337634945460925,-0.0070079580205110485,0.0003579884271609116,0.0119106026722686,0.014426558169796702,0.006201871577476039,0.00099868465444952,0.007784600741162931,0.006315352474375672,0.009587402418163481
2013-09-11,-0.0003037393323617421,0.008850139163751915,0.007604783509496139,0.0009863472061310905,0.0041145021042456,-0.004647654997298554,0.007208007617555941,-0.009942671156671704,0.006666732773062032,0.007337773136683357
2013-09-12,-0.03107779008702503,-0.0013571618925435189,-0.005936251876925463,-0.007420172946417862,-0.004114502104245493,0.0009312328807113094,0.0002477897918252083,-0.0027043497860085694,-0.0015645140665877571,-0.0023286871600685386
2013-09-13,0.0011742263444235006,0.003869712018453678,-0.0003576830658660529,0.0029744440152972107,0.00281661441335595,0.0009304358804682827,0.008136962344562869,0.007553825435352675,0.002345899994435108,0.0028271960385179316
2013-09-16,-0.010776072852725326,-0.0066851941820841474,-0.0002377973936598098,0.010832579604746175,0.012901434602367964,-0.0015511151057441641,0.009044872700135485,0.0026834051994659436,0.008942326295809835,0.004474557285410714
2013-09-17,0.00039535918570776093,0.008229965903163088,0.004517218663898803,0.004884734868586017,0.004263140389266142,0.004955026125570574,0.003401534430083077,0.005879315794711789,0.0005805630862023095,0.005770292956683213
2013-09-18,0.042635327513365635,0.01226606752201629,0.012025793469920113,0.00873367366924652,0.012472663672449716,0.012586798608538922,0.011814751021576189,0.029406331265162438,0.006170708176055427,0.011441790890451282
2013-09-19,-0.001971448259468817,-0.0059224420594217045,-0.0024641084724804367,-0.003871962565620995,0.0033555336435063593,0.0006098896100473287,-0.004565067120593121,-0.004668224560427665,-0.003273571473686603,-0.0003251574456825305
2013-09-20,-0.029188479494947676,0.0052560632890512275,-0.008141518006468736,-0.005320896324958679,-0.01229636595340865,-0.0071331989257131705,-0.007027039368789872,-0.01520498286595598,-0.0018803064697626738,-0.006051256633821554
2013-09-23,-0.0032092394127313157,0.0073119303719336995,-0.004890611290929994,-0.014297038563048002,-0.0031992217779251092,0.0030807814563220586,-0.004402281880459759,0.011918820692377381,-0.007008825227102812,-0.007739579613484175
2013-09-24,0.0008620400005460428,0.0107286357815039,0.0009559681761396124,-0.006475352717336282,0.0036251751883599097,-0.00431538487897768,-0.004667371078820978,-0.0005266777497707131,-0.005093175708919771,0.0026415858770170433
2013-09-25,0.008812610259893472,0.002056549665185401,-0.00023854248472530921,0.005482101820208031,-0.004480359421737282,-0.0015456248479388866,-0.008407686904383977,-0.006872477680627403,-0.00788699566848746,-0.006119527900685049
2013-09-26,-0.007794819989308921,-0.007030453741263647,0.0017903712039429867,0.0,0.004480359421737274,0.0037056451039531226,0.005201137224801739,-0.001327270291116642,0.003556889375250497,0.00941158311815083
2013-09-27,0.009191529856392782,0.0024431275786731695,-0.003464971426743054,-0.003485090979566453,-0.006406382997553485,-0.006184025425829939,-0.006194983127797363,-0.006395013975239538,0.0,0.00016441613095079968
2013-09-30,-0.006144359705342492,-0.0015033229818858414,-0.007689309945981357,-0.007006981298795846,-0.005800840597259875,-0.00622320095835897,-0.010746109437770568,-0.0010695416997089406,-0.0021720122903451013,-0.0037866870163193495
2013-10-01,-0.028407152018487033,-0.0030381623539241665,0.006371989207944193,0.007006981298795844,0.006229348477162693,0.008701581280235684,0.006011722649684783,0.002939027001911664,0.0125716087281227,0.008049312247207556
2013-10-02,0.01963107970630708,0.001511171154944966,0.0022744952694228556,-0.0004987681225401365,-0.004722173676875736,0.000309288583597297,-0.0022499965722109017,0.0010665574055086253,-0.0023454896409257115,-0.0003272444011438869
2013-10-03,0.0009440116150259955,-0.0016057465096217221,-0.008767340258400574,-0.007513166745461181,-0.011032845484253687,-0.008698739646969067,-0.0050188527828821045,-0.011796327303807317,-0.008843434041998331,-0.011357216207375082
2013-10-04,-0.005123983685186541,-0.0007566170355539288,0.010081815599429599,0.008011934868001351,0.0065045924856865075,0.0040480904704383045,0.0015083491630129427,0.0018862617444171126,0.010993463255281813,0.009391425648535956
2013-10-07,0.008734372074589061,0.004059501408126262,-0.008273957724874591,-0.011537695199473733,-0.006939906459379675,-0.004360220687302223,-0.0032705571854914277,-0.0048573509662383964,-0.011190938598266632,-0.01420319241880029
2013-10-08,-0.0018820415130879548,0.0002829683149573687,-0.010774244239664162,-0.012693822545709338,-0.011381090154473117,-0.016045625026296816,0.0,0.007008400896572025,-0.014517378185566239,-0.015927967106716713
2013-10-09,-0.01017720830751646,-0.00803812897628595,-0.0035358733854235877,0.0035706452598972104,-0.00044059472265334763,0.0037989509451438457,0.0007550195634112929,0.004021000609275463,-0.0018044172854051498,-0.004573569764794999
2013-10-10,-0.014697956002940963,0.0016120829172387911,0.01839590780317519,0.02811430760185274,0.025438930373207217,0.016606894768455293,0.018463770138914738,0.014870005680788216,0.023012526004655205,0.02299314149671426
2013-10-11,-0.013529579748560205,-0.0002839695797123075,0.010734750815574888,0.005430750215677307,0.004712264315626799,0.008355219113050294,0.0029625353809427635,0.004733080974835146,0.004695668492225188,0.008591311994928932
2013-10-14,0.0018742894021130988,-0.008092465869656618,0.006739528879580492,0.004911397693144918,0.003838698440765678,0.003384229484414464,0.004181495860985263,-0.005523921299919659,0.007196249608509887,0.004103762149790912
2013-10-15,0.007300498898775199,-0.0006690242401128951,-0.0036597998379479264,-0.007376318114855189,-0.010055002315194708,-0.0061615072128345175,-0.009123393432111548,-0.014079165355703655,-0.006416248461712367,-0.009547118097208115
2013-10-16,-0.001536801678475267,0.012451945837799641,0.014909259839415717,0.021002161044806143,0.00664330479679406,0.009534322306107403,0.014753088521281304,0.009054793442007021,0.020273455573142803,0.012327978639983002
2013-10-17,0.030923704639582567,0.009028923363260007,0.002094916589508582,0.008662040247059294,0.0076595601181326115,0.0003060438154681984,0.011165128568685106,0.016042017960332968,0.008374556420304045,0.007325331850880084
2013-10-18,-0.004483428301823487,0.0021511300657863514,0.010870767911223355,0.0019147271700946562,0.010751811783801668,0.016990601970987153,0.0014472293191420472,0.0026057060632080726,-0.003988673036631328,0.006143839038246954
2013-10-21,0.0010243461627259776,-0.0031809857528783112,-0.004495745636826879,-0.0019147271700947158,0.0025130730340437953,0.005400743764933257,-0.002171919015695065,-0.002083886821124805,-0.0051509397245749515,0.0025757446907358292
2013-10-22,0.018414947525612457,0.011090969377707587,0.005530609012078024,0.0019147271700946562,0.006670715677506585,-0.00029959960277513536,0.012482495439549393,0.012696185789839878,0.00932892553734988,0.00672971328631746
2013-10-23,-0.0050381372278342695,0.003884762009902558,-0.015749860009193806,-0.008163442399415442,0.00041570029193780517,-0.004800414568997777,0.0019070040292612567,0.0007721327761254698,-0.0018968724148299824,-0.006408325998516959
2013-10-24,0.009358446213496314,-0.0038847620099025006,0.004774218252768747,0.0014457604343533022,0.0074486737373701565,0.002402987524327655,-0.001907004029261222,-0.00206027316718676,0.0,0.009915545259175124
2013-10-25,0.00430184114069166,0.0036997858789112915,0.0060224293546349335,0.004323717358778595,0.005140576931768738,0.00508733921810408,0.002382886949538476,0.010514250920175149,0.0013284720142196678,0.007451359729780142
2013-10-28,0.0007661546853194367,-0.003421607912613924,0.0008078799062777412,-0.002399922890944219,-0.0014367469746563572,0.0032783311129161354,0.013003715429655359,-0.0020427647727137227,0.003406626239522951,-0.001897451611400444
2013-10-29,-0.006069186843828599,0.0012967399423994628,0.007013664165467264,0.002879160327132936,0.002870943265550758,0.006524858363207363,0.008654183777651694,0.0012768417801833293,0.006592273596161773,0.005838327434432595
2013-10-30,-0.001310854659270559,-0.006034200052840842,-0.006782760417293772,-0.0038405593266737253,-0.004515429296713333,-0.0020715729099936285,-0.008654183777651637,-0.006403153184990563,-0.005458864413162058,-0.004889012581079875
2013-10-31,-0.01445589960302803,0.002139025511555495,-0.0034663467904300733,-0.010638645008554354,0.00020577014760675308,-0.003263806631791987,-0.005181438191951461,-0.003603016843738994,-0.0039716350219121946,0.002526392833091887
2013-11-01,-0.006203647298539133,-0.01088263433697675,-0.003594866218656031,0.0024278902315794187,0.0071728716933436255,0.0002971322195690742,0.0037710132340139074,0.007194052777587785,0.006610244767591631,0.0023626197479880047
2013-11-04,-0.0011034001173000462,0.0009406985741746693,0.012353842377475008,0.0004847422938013536,0.0036690042117925254,0.0038552335210141737,0.000940441849509111,0.0020465594489039703,0.0007534028500382506,0.0034555783321762934
2013-11-05,-0.0019733992654948685,-0.01202015239307987,-0.009106554728278446,-0.005346070958458096,-0.001017585716801527,-0.0026673884237192504,0.0018789202659673667,-0.00717966075283428,-0.0033920125957176287,0.0
2013-11-06,0.00504414218537563,0.0004754940604148981,0.0030063726851186873,0.004861328664656757,0.0028471005751302078,0.01003818741016114,0.010732374343835498,0.013546349173673096,-0.0022674854377151346,-0.002512063532933646
2013-11-07,-0.008209655231932556,0.008435170745303974,-0.015590849034214099,-0.011216964333094737,-0.010616701423931734,-0.013010416780953287,-0.014727986235072902,-0.009437879959925368,-0.00893129075240463,-0.020966637235962978
2013-11-08,-0.015013896979636615,-0.024359706203105593,0.014782221444245937,0.02278904100055479,0.013455912605793919,0.008889461972015756,0.004933282712640406,-0.0017953418611191976,0.014590788785837479,0.015766046216119194
2013-11-11,-0.0033044239634362335,-0.003778809601650908,0.001847030708679486,0.0004792374361887524,-0.0008105608646419839,0.0011789807872148676,-0.0030512594507391935,-0.0002567828073286216,0.002442080862241005,0.0015787548053596842
2013-11-12,-0.011529892263514105,0.004648585197064703,-0.009269388085991896,-0.009629375885110923,0.0004052173139801024,0.0026482901759964463,0.001643893188540595,-0.008510740012099324,-0.000562852496839142,-0.0017368577701752095
2013-11-13,0.003261328070825869,0.0036654690766868476,0.008692794589360118,0.008670458181123315,0.005857947238064432,0.008485772831482644,0.008413526620459471,0.00490935730601985,0.005616937651522824,0.01567936577559605
2013-11-14,0.011492504258155503,0.006140891245269546,0.005982660926645946,0.00859627914086517,0.003819674159769718,-0.002625948140359856,0.007188186546673711,0.008724698913613726,0.008366776207384376,0.006976283374170412
2013-11-15,0.00040229335990021333,0.0020081955541073593,0.0054903327149906705,0.004743995561973312,0.003404968016822036,0.0020431584937802704,0.0011550201792527002,0.005858577288428978,0.005722720356043294,0.003392818083419258
2013-11-18,-0.01148785517697459,0.005997317913235826,-0.007672667808663552,-0.00047382978075337324,0.0015988682317506792,-0.0037971512332660284,-0.0030050198372616886,-0.0012707157941874913,-0.004427705652308965,-0.007883208062574107
2013-11-19,0.00040671485346977925,-0.0076231769538609995,0.0017233506041544053,0.0014196961654246428,-0.007213250646656716,-0.003517830828585998,-0.0037109160117056233,-0.00740272310996853,0.0011085930216432165,-0.004354480043606293
2013-11-20,-0.023286477860624745,-0.01716996658608958,-0.002413411182039405,-0.0028405682200425336,-0.004433624016160646,-0.0032362912990475516,-0.004190640976553566,-0.011078090397716806,0.002951085887596384,-0.005156431879010037
2013-11-21,-0.0014996278848545786,0.0016530465883269796,0.009502994726842205,0.01412421842153951,0.008046370148171049,0.008508114867119127,0.0018647855400430932,0.0023289124762870214,0.004043693213337425,0.010286752146774618
2013-11-22,-0.00016679957021921665,0.009281833899194344,0.005341282753796521,0.004664269830961219,0.008777461671353966,-0.002046885049863727,0.00511060974043545,-0.00077587471047603,0.013300613212630985,0.005566832680335858
2013-11-25,0.004492901489940914,0.002882260008192225,-0.009109106491131823,0.0013948565128550112,-0.002187010430253264,0.0,-0.001623482016712483,-0.0038875356400223104,0.003973879522228737,0.0009245516744208197
2013-11-26,-0.005327125906487885,0.0037364650675230674,-0.0025189545154714107,-0.0009299406534577296,0.0019881212564834953,0.0035069790395759314,-0.000928959303597445,-0.009916453465846499,-0.0028889189624009197,0.0058373877510861155
2013-11-27,-0.0030090344685490583,-0.001722612280014749,-0.006788291351203468,0.002786888210931426,0.003965180333457728,0.007845119374213528,0.0006969237400531934,-0.0021004502819901407,-0.0003612691150991085,0.0038217932688850882
2013-11-29,0.01032652317938159,0.00028737727397977714,-0.002080539937952433,-0.0037175565895249773,-0.002773765852949624,0.004043904522918872,-0.0016263143070538051,-0.0005257084154865973,-0.0005428252134245066,0.0009148895312090179
2013-12-02,-0.026189134272709476,-0.007808372629056429,0.0006941821582337434,-0.00046500400993693933,-0.004175318638109322,-0.003176040244534897,-0.0053617707375890385,-0.004216176319678592,0.0003619725853748772,-0.004736682800093987
2013-12-03,0.003226607638788197,0.003670287386638212,0.0024247608984299803,-0.01029988122923815,-0.00860412686782931,0.002310800612410607,0.004896658618089177,0.005004823667644413,-0.008720810958555958,-0.009541346112305723
2013-12-04,0.016812770063131668,-0.009591186457477165,-0.0032342993507723885,0.0023493840300593213,-0.004027555476489211,0.0008652396321241741,-0.0023288110813206773,0.004456116435736896,-0.003473746247994814,-0.0023225649253626516
2013-12-05,-0.013934549467759825,-0.0028275708815115566,-0.00336117496284671,-0.009433713639851104,0.00040351520621106457,-0.003176040244534897,-0.009134415100708065,-0.008141375214669695,-0.0018329021513318207,0.0010843353101244412
2013-12-06,0.00211104147267288,0.004771865569170802,0.0031297880495950135,0.013650697537201604,0.015212071295708871,0.006916763755153482,0.01355465260858241,0.013619711123472487,0.012941232941636955,0.008325613731878853
2013-12-09,0.009820854927032762,0.0023300365670686366,0.0013878006246126362,0.004198517311765194,0.002579069728709281,0.003153608636683006,0.003475937871460983,-0.006000818323477526,0.001990162657112827,-0.0007677408775731169
2013-12-10,0.01738884972238615,0.007147478889917548,-0.003009433488507976,-0.0037314284018043174,-0.0021817105576882566,-0.002006016165616108,-0.008595815571682626,-0.009995000950164085,-0.00398395468685472,0.0006145773880069943
2013-12-11,-0.00791168691971828,-0.007729871745730389,-0.014242704521598464,-0.013643858391794666,-0.015811215926472857,-0.009221697551737722,0.0016321869378912593,-0.008228649516712813,-0.01738849431471474,-0.009256785552437133
2013-12-12,-0.021493611686152832,-0.0037900614128957852,0.004223981143176535,0.0,0.0010076534709999242,-0.006680945761640086,-0.013838862863639667,0.0013319424821631846,-0.00722684730283689,-0.003104439233709351
2013-12-13,0.009172415436119621,0.004856755964764897,-0.0032838948054759384,0.0009472528956657401,0.003018899179269148,-0.0032115326363855467,-0.0016547617929146277,-0.0015982841193512166,0.0007434295576212734,0.0024844173607516014
2013-12-16,0.0025934275495750453,-0.003688834574869035,0.008655132340094776,0.006133383663007947,0.009399182848699488,0.009892478398025597,-0.00023641161484674818,0.005317658721477501,0.0018568097749516975,0.0064924561152068455
2013-12-17,-0.00872709154091616,0.00446358496356859,-0.005722448288073956,-0.0066072134437614,-0.0003987842414610401,-0.00028943184061290734,-0.004744114166585241,-0.0018579199979619609,-0.004834546907927833,-0.002622745555426909
2013-12-18,-0.008803924689540665,-0.0050466926500560136,0.014995499067682449,0.022936023038148696,0.016588514034694104,0.007789118417814965,0.01650601863413168,0.013196066966759169,0.02448763330079414,0.014721939630010113
2013-12-19,-0.024008388970939976,-0.0009742489788500587,0.002880649844082991,-0.001389248949529702,0.000978730857695575,0.0017220109745356641,-0.001872705096262939,-0.007368226728400821,-0.002184996979682915,-0.0006090421999174778
2013-12-20,0.009707154887455789,0.015272152381032487,0.0017667785414398687,0.006080347270955554,0.008010611578772971,0.007782187007160295,0.004522519706256714,0.009855379784770274,0.005021290646932767,0.00415136913791848
2013-12-23,-0.0031964326223481313,-0.005675061702597574,0.0010379567546163879,0.004616788617334091,0.0038945106028927313,0.01307187899175832,-0.0009403538926126193,-0.003973069176621393,0.0038169727663844868,0.004406717163664982
2013-12-24,0.004575471214311559,-0.00803973401309735,0.0055172533562522635,0.0018408451190387062,0.004653056844476772,0.002819201724434682,0.0014099516311108975,0.0039730691766212585,-0.001815918087693838,0.0021202425571561377
2013-12-26,0.005497345915552918,-0.003861024489691747,0.007081479002829905,0.002296537851955045,0.00693892020808141,0.00253118868334687,0.003985417345093491,-0.004503438957992045,0.007424298283455958,0.007387191806186474
2013-12-27,0.0032498521874088976,-0.002844042742124702,0.00488222452690392,-0.0004590752179909382,-0.0011529500641452094,-0.0008432255581700244,0.002337403068027571,0.003974872644836419,-0.0009024689366407393,-0.004667093845579935
2013-12-30,-0.014881383746899417,0.006851761588092802,-0.007160908394807243,-0.0018374626339640384,-0.0009621285703410741,-0.0019693386338197347,0.00256446192016214,0.0023769127263840303,0.00162362315712471,0.004516483036253478
2013-12-31,0.0063064728922821575,-0.006360526107274424,0.009649965238859966,0.00504495412963343,0.005949219211398193,0.006456031968739431,0.0006981249585870137,0.0018454592979387638,-0.0005410268233211528,0.003898634529280196
2014-01-02,0.016060461656273138,0.0030379486198325073,-0.014338171066705938,-0.005504813919475032,-0.014066711178036956,-0.009840982963632021,-0.01240804687421861,-0.015392833452098046,-0.0056073672264220584,-0.004649725200503293
2014-01-03,0.01087288650299346,0.0,-0.0036741535346514905,0.006875790604776282,0.002713189442553324,-0.004815046166953286,-0.0018859052527985729,-0.0032147770062931316,0.002355381892578609,-0.00270933310432408
2014-01-06,0.001758860402907068,0.00420050986899916,0.001379520606498805,0.0009134794840216245,-0.005823123998800879,-0.001705167837717364,-0.003783388828992426,0.0016086423562852266,-0.0041708015882027305,-0.0061997252921635795
2014-01-07,-0.005706631012357315,0.002530162046290835,0.007553325023709589,0.0004564942505049195,0.006209767415244152,0.009060375693077508,0.005433921232528216,0.008801723432946515,0.010484602989239427,0.006048899656839961
2014-01-08,-0.005908660231013954,-0.002725902198143152,-0.006978911955357435,0.0031882307651141827,-0.0017425483553615102,0.0,-0.007568533411916124,-0.005325436128553925,0.008772848042070673,-0.002717501020342734
2014-01-09,0.0028742629920469314,0.005832460175882357,-0.0031051293493013343,0.0036310217761834156,0.004833443924415382,-0.006503870262824269,0.005209385831289101,0.00585580590992464,0.007458739385698924,-0.00015125890631852311
2014-01-10,0.015080740254614516,0.011850373520947373,0.0008061226108560731,-0.0018135952525756864,0.0015419641090527567,0.001984037824403967,0.0014164797648297878,0.014229671110578171,0.0038844465667447034,0.00301958556198486
2014-01-13,0.0062997100806513355,0.004967775335698122,-0.020109067164613283,-0.01509297841958175,-0.012206177983174608,-0.010817375784217854,-0.005676808911190813,-0.010256601933956763,-0.008140064184599652,-0.02025236215749375
2014-01-14,-0.009381142826874576,-0.004585252484717831,0.012948518435374305,0.008260496620199485,0.010471324006804401,0.016744981349425384,0.005205017096828018,0.0013209810900993177,0.012536563748632901,0.00857758641616548
2014-01-15,-0.0019202320624570302,-0.0010531663445094528,-0.0029014000664471865,0.011813074098240978,0.007111805856693298,0.012029812079828683,0.00023570597096094121,-0.0018495474032547536,-0.0008773461562382947,0.0024368574206052604
2014-01-16,0.001085798819833523,0.0066871003436839984,0.001393238484604809,-0.006343452923390018,-0.0024926871081334466,-0.0002782404432755733,0.00023608584340183085,0.006852869839147378,0.002455300862059207,-0.00533925116430954
2014-01-17,0.009471650934748868,0.004179480493216863,-0.0016256102390136157,-0.003186779522304532,-0.005005010138593948,-0.005578276371457275,-0.007813767929354206,-0.0002628429675221212,-0.001051557026605261,-0.004445357435905888
2014-01-21,-0.010223281251883428,0.000758060158715921,0.008220678730902525,0.0009115451885313518,0.0009641743770823757,0.005022056691920659,0.0037958313256649724,0.01097460018180749,0.005770860964348809,-0.0009220831061753497
2014-01-22,-0.004269708090943136,-0.002466080419071255,0.004602112661136152,0.0004554611905146736,0.003080094485412596,-0.0011136154202596807,0.0,0.0010391245705278307,0.000871644507009032,0.002610598753859396
2014-01-23,0.02157937863834985,0.014051014693920973,-0.011429158956267133,-0.016529196808490795,-0.011987944754061597,-0.001952806231471632,-0.008799984024587437,-0.00285980711387873,-0.006993052564800478,-0.007080272238131254
2014-01-24,0.004097023071523926,0.006440619965517509,-0.02111976350086311,-0.022946476553949203,-0.03161681467434346,-0.019450659982515547,-0.009119439920177089,-0.011258181231470203,-0.023789645994605202,-0.01933915320553098
2014-01-27,-0.010935375825426051,-0.007002888951732702,-0.0035639289845262084,-0.006177533458773564,0.0010036348489782824,-0.00943773037500003,-0.0041069174895982455,0.002367106560535782,-0.008117533310094974,-0.003944616944633067
2014-01-28,-8.269303790822393e-05,0.0024332806528470515,0.007587466612347356,0.013257935882551655,0.009382118516786258,-0.006053219836725979,0.007716620841265688,0.0036708583244299685,0.013314279447129117,0.006932260900140051
2014-01-29,0.012488900176089597,0.008191454670888719,-0.005566455634089661,-0.011828652763192156,-0.010787565920078162,-0.007836241556564327,-0.017690823124457897,-0.0005237538215429132,-0.00915730035394282,-0.016144628469662824
2014-01-30,-0.022292903069312663,-0.0028778871795166363,0.0032019633785567224,0.014177713142972143,0.009793307918706466,0.012163760394855562,0.0014657989796994083,0.015330833633981128,0.01805413725187112,0.01661571682304173
2014-01-31,0.0026682222466366365,0.0066712404103745765,-0.012988199411535438,-0.011801154633131179,-0.004984176495612655,0.0023001674063731006,-0.0048945910254531684,0.008217870644873032,-0.008718050699330597,-0.014225142735957055
2014-02-03,0.010190249127034517,0.012110821629799609,-0.018031712608426568,-0.025488025681549613,-0.028176677673443885,-0.02118823832758165,-0.02182623730095984,-0.00796005332051258,-0.01985301032173675,-0.026616564795072434
2014-02-04,-0.0027238004077892192,-0.010667565266431056,0.010205570060688313,0.009694926880659472,0.006353174159451294,0.00380658666500552,0.005251622407366754,-0.005946974897863085,0.00979512705294103,0.012186426601530524
2014-02-05,0.0024764999719102173,-0.009287857334280046,-0.009839537371622284,-0.0009652170549312377,-0.00040858177754442586,0.0008759460216416407,0.0007481732595250119,-0.004418584234646325,-0.005611258445110894,0.0012910266549009688
2014-02-06,-0.00041234529928668945,-0.0043020739882666135,0.014783106535997403,0.015333268861551277,0.013801465716155708,0.011034360338606917,0.010660848463925553,0.007266988758633839,0.005611258445110801,0.02090906356085475
2014-02-07,0.007641467858454856,0.0008429296599614678,0.010766981285418352,0.012287059558312517,0.01718646632186469,0.01348055180877085,0.009327166658213011,0.0054160129894254595,0.017002755440275394,0.012244943080613054
2014-02-10,0.006120219937763649,0.0028053796098355776,-0.0048904252085552715,0.0009391420690885285,-0.006360163278132791,0.0019921925235716837,0.0039016706770603985,0.007431119655963345,0.008306071953103674,-0.0006243572794742528
2014-02-11,0.011646867732522378,-0.00580655857851136,0.012949192076971388,0.01027064529177236,0.011104090225959626,0.012151888212308897,0.011613925993696992,0.009402012552359387,0.013461042110438097,0.007311150110573242
2014-02-12,0.0005627211416357906,-0.005178746735183509,-0.0023638121303391005,0.0,0.005702811581708713,0.003924754550406114,-0.004339223892872309,0.0012636013210027912,0.0,0.000929707446554409
2014-02-13,0.008482745858973437,0.005648498550560517,0.004721335899993877,0.0037090034603437768,0.0007842220963857364,0.0072492600526321786,0.005060833276668782,0.01080273767207858,0.0070935913319098085,0.0030921436613585334
2014-02-14,0.01314144676964577,0.000563652636959865,0.012986958318621825,0.0013870989367318642,0.006444482597779108,0.001942251122991015,0.005752629578680211,0.006475591263172043,0.0036141485862486115,0.006002172967526426
2014-02-18,0.001964251246385302,0.0022485262920799096,0.004522980410515693,0.0018467266141134497,-0.0007788119113850378,0.000553754112740308,-0.005752629578680338,0.003469452154900775,0.009233929682203648,0.0012268846910491035
2014-02-19,-0.00890931024990728,-0.0042213908835613805,0.0012719864629618602,-0.013933853433768652,-0.00939542034050808,-0.0033302150551559224,-0.0021655662243078183,-0.005706399176856535,-0.006146256882346437,-0.008155758117667007
2014-02-20,0.01047791408716357,-0.002447402196092224,0.006565988660653591,0.0028019199740513976,0.009395420340507957,0.0033302150551559003,0.004326895735627359,0.007684112552679914,0.009035818073707416,0.005393215066035192
2014-02-21,-0.000156725786373845,0.005263340146099766,-0.007953805335737075,0.0018643493349651996,0.0011680830629972768,-0.0038867418002482526,-0.002161329511319497,0.0012337377882704287,-0.0018686366659440555,0.0019957822219510224
2014-02-24,0.010991291396995246,-0.0025344811272410834,0.01493271729109454,0.007420857510638919,0.007560288934811807,0.0038867418002483042,0.003599182819686945,-0.0024692800822256685,0.007454001025668109,0.004133086633797651
2014-02-25,0.0017041151320099485,0.008889994088193274,-0.00045623849889359194,-0.006025575257325466,-0.003288461911220938,-0.0027743674185037805,0.0038251216374492183,-0.0012365792361464692,-0.0025349210104186597,0.007001199347293042
2014-02-26,-0.008549765062402548,0.005294755935445849,-0.006293209352965245,-0.0013952822533134066,0.0009685559912640984,0.0008332541134343648,-0.0009549095757304302,-0.003223393666958077,0.0,0.005596418295983385
2014-02-27,0.0007022460492867505,0.005452761032959599,0.0010322502045881767,0.005108137915238336,0.005790070799801672,0.008019154285806584,0.004527266593510612,-0.0024861886583218864,0.00573624785687744,0.004063730771727225
2014-02-28,-0.004534400720141258,0.0005528243131634718,0.005032796402130752,0.005081837813642648,0.0019227801911036442,0.0011008020808756871,0.006871404854787336,0.00694616156142646,0.0,0.00404806977602636
2014-03-03,0.02070556372289368,0.006652961578756002,-0.006409366930890556,-0.007865220615317796,-0.006745691996363593,-0.010787344418585492,-0.005445439101448878,-0.009937840938589857,-0.007429851054167241,-0.00947034210215289
2014-03-04,-0.012434038231916314,-0.015155961452845994,0.01084866105758808,0.020230953270818804,0.014399963169715696,0.012985624186767785,0.013441981910138462,0.0072149515430502235,0.01880534130441538,0.012458089936638977
2014-03-05,0.0016306772285005259,0.002139474148858575,-0.009357531318205053,0.010414238161453026,0.0013335104143712658,0.0013717559654768535,-0.003285033805109452,-0.006715728161380628,-0.0024983473324056995,0.004167789663883166
2014-03-06,0.009881951730484863,-0.0098985259681537,0.007196973319958902,0.003148347343344342,0.005694628470725731,0.0013695127327512237,-0.0002352535770091558,-0.005004195974609564,-0.006188836799915929,0.0025219069119288263
2014-03-07,-0.008331467261762834,-0.006307175752521326,0.001933629677317049,0.0044799397934711755,0.0032128227700787926,-0.003015918880794414,0.0028171711429733908,0.0030055216167714847,-0.0025196248425186796,-0.00148237560652368
2014-03-10,0.00030987952174799755,0.0014160039468919616,0.0015896872597759213,0.00044704357370772265,-0.004349319319521085,-0.0016486945074947496,0.0009376049741662964,-0.002503618057359062,0.004196036629965105,-0.002675024966473639
2014-03-11,0.0056372651087014634,0.0026361769616448983,-0.011407981576542669,-0.006724938737455694,-0.007227114909075776,-0.002202638752152756,-0.0004685999077564998,-0.0027610249818583897,-0.002011859758542236,-0.005819067720490435
2014-03-12,0.01452509239828917,0.006937140046344669,0.0001144857833345454,-0.0018013266708437037,-0.001910657257510475,0.0016522049865797263,0.0021065100221420428,0.012490311717206836,-0.0001681569239370984,-0.0014980371396969931
2014-03-13,0.00340957412514151,0.013360249181297041,-0.010030346411963823,-0.011329888561397418,-0.014253110515667126,-0.013575087384657663,-0.004922358345813217,0.010372870839636368,-0.013690687523591163,-0.012214774666298667
2014-03-14,0.006709152953836264,0.00018335326944640058,0.0009261826799274528,-0.006401193124426935,-0.003887051332247504,-0.006155711424917234,0.0004700448419605622,0.00465746260398405,-0.005460635962677428,-0.0009106061110926097
2014-03-17,-0.01102985181906253,-0.007490934965728,0.005311026937999863,0.010495023986227906,0.012194458165336283,0.011718348093747392,0.005853699713916629,0.006581634164784002,0.009706315881972322,0.006659988795338164
2014-03-18,-0.0077786123459218795,0.003613935078989944,0.008371338365452842,0.00498059229885873,0.0053717029170697395,0.012953842446040623,0.0020995099784072613,-0.0014592605302760097,0.010619717436875878,0.004364994038239916
2014-03-19,-0.01955919383977943,-0.007800683773980764,-0.007565378222816993,-0.0004517574556803151,-0.010386181976643039,-0.004115793707094113,-0.007718424910885277,-0.015941083841359248,-0.00302278157160953,-0.006630620146858476
2014-03-20,-0.0017971931407437896,-0.0017733547603405568,0.0039043285286473124,0.015691983240994505,0.0028955923463872867,0.007669300811892753,0.0035151111514895848,0.0022225842898382637,0.0,0.0025669083302471193
2014-03-21,0.004759503433198317,0.010775918883887861,0.002726323468841885,0.00013399556707111964,9.689800346841889e-05,-0.005027520673884836,-0.0005638577698303092,0.0075573974991761245,-0.018308555778547727,-0.006404480535345534
2014-03-24,-0.017985962184133498,0.007088813095783328,-0.0020696860642292064,-0.00044637196979711657,-0.003296683882552699,-0.0008262175471457031,-0.0009416442591546724,0.0027111965696322887,-0.011235065961371134,-0.01009944133453627
2014-03-25,0.0018211601163198826,-0.0037684272643103488,0.008937635759030884,-0.000894261075555919,0.009088162630737142,0.00604539341885836,0.007274532734897802,0.004177043137395851,0.00882576625594515,-0.006016312884723504
2014-03-26,-0.0079422224405048,0.007797148557966757,-0.004688095004558029,-0.010334334938082942,-0.010254297803753747,-0.01212786206707946,-0.002340824650692096,-0.004177043137395805,0.0003445184382006253,-0.008078132411248478
2014-03-27,-0.006560082119566911,0.005013524631829054,0.008105010888505947,-0.005435022597662124,-0.0013624886027408778,-0.003611795561404017,-0.0007034587667556041,0.00809189294896322,-0.00224137429066959,-0.004847424369985963
2014-03-28,-0.00024080899198648432,-0.005653190520911956,0.012427618357037772,0.00407863529841324,0.007373210295919492,0.003888794566015405,0.002576114693262619,0.0014646495088847748,-0.0038051832320418846,0.007495424978155916
2014-03-31,-0.007656055088048284,-0.002472019595542193,0.0,0.010348946754615665,0.011532300462995432,0.007732512908976296,0.0072257921514335315,0.010912510246296242,0.013425416932608762,0.006821816025734292
2014-04-01,-0.0017813868735330133,-0.008582713676689474,0.005933463273751948,0.0017891372028592221,0.00704535693354301,0.01176011413800175,-0.0016270648365176302,-0.007019511315294075,0.006305761138904793,0.0138101482448966
2014-04-02,0.0075088182006584885,-0.005763140803287566,0.0035656238170473967,0.002231585771760286,0.006996334588634064,0.0005440406357585727,0.001161806016863363,-0.0014582702305251383,0.004407771936848313,0.006682644648148277
2014-04-03,-0.003222702832066955,0.004372530479579488,0.006429915223111477,-0.001784686416347415,0.0015060705662942016,-0.004903678612900629,0.0011614321425322625,0.0031577775763832125,-0.002201378771034418,-0.004855635635100769
2014-04-04,0.013227188238038262,0.006660414410721431,-0.0036534004237668686,-0.009874973246152375,-0.011543226956359788,-0.019300415119011396,-0.003254327854037643,0.005320003969436084,-0.01675241250484657,-0.016719440906962934
2014-04-07,-0.0052698622747470985,0.005975238061010914,-0.016889695192828225,-0.015454992415954761,-0.01437768466402484,-0.0078252563454309,0.0009310896946419853,-0.0016896667003724877,-0.010048641111238727,-0.01968191545793776
2014-04-08,0.009402401345718429,0.002379372658303601,0.009989420786629628,0.0013737059477138703,0.0,0.008938518822421105,0.005104127351309264,0.014154037468117487,-0.008217459775134713,0.010045497277161477
2014-04-09,0.0018224588899723945,-0.004949396405684798,0.004568201091944035,0.008654301768914423,0.0126633927833502,0.013259854568346371,0.004387788197460197,-0.002146507052530941,0.021192280943829463,0.010718701829795235
2014-04-10,0.0054474728041238926,0.009237664535611189,-0.013994020305463987,-0.023401302076333,-0.020027661451900287,-0.0233216990084419,-0.009957443630702204,-0.003826564848397996,-0.03391350688125307,-0.025191283165285162
2014-04-11,-0.0006300845312461718,0.008069917135637678,-0.0028222810415511218,-0.01214415230480067,-0.009970039620217688,-0.011299384046236548,-0.005133199232983251,-0.0009591190761818788,-0.009468789652969946,-0.013881044873650617
2014-04-14,0.007221933997910394,-0.0026218789606268266,0.013587210834222123,0.007957565850992738,0.005681240570396443,0.009893822734196358,0.007921965474311518,0.005978719357614966,0.005549615930996688,0.007841715708389969
2014-04-15,-0.018631632703177,0.00622736184337813,0.013295120093215656,0.00928069556353902,0.007008288492037373,0.00505071518819364,0.002549610609028559,0.01373453005082759,0.01065329724920903,0.001274402797553375
2014-04-16,0.00039838308299643756,0.0012596743964967084,0.0119254207202371,0.007821357085235648,0.015208636065809973,0.009747898786140682,0.009674916612262788,0.007264394378974738,0.004933376860280947,0.013913440988379093
2014-04-17,-0.006312705550471783,-0.011024965440115345,0.009093712248655463,0.001831534112451908,0.007802570109001983,-0.001386787821190423,0.00022935274296602754,-0.012451495632116434,-0.00017604151657247126,0.0012554109992771573
2014-04-21,-0.004096572985582287,-0.0008190173957527331,0.006766277858494842,-0.0009158183656050386,0.0028399035621110244,0.0038782674043362072,0.0004587882011122595,-0.0011831418427427766,0.011882005293125612,0.0026621001883185727
2014-04-22,-0.003709375196707251,0.0033596188350945976,-0.0016066675459232346,0.006845209248194257,0.0005668352843923722,0.004138255120675504,-0.0004587882011121844,0.0014190171945863337,0.010883971379214232,0.008565084561071244
2014-04-23,-0.00016156292345426097,0.005694666599631045,0.005239429171509716,0.002270985699587508,0.003771307106717452,-0.01079557391985007,-0.001605490636512458,0.00047311245419820116,-0.004995696289720555,-0.004662588405355859
2014-04-24,0.006443284399615783,0.00189046229500887,0.0003201945616219048,-0.00045333150280436657,-0.0018836971443006488,0.007762403058039754,0.0038953494808003568,0.006827339494095975,-0.0015548486838602774,0.0054377237909371805
2014-04-25,0.0069603285441200615,0.0014380622771716777,-0.005988629844621716,-0.008204446214496664,-0.009854495805823899,-0.012784747450072314,0.0013707914478234327,0.011431761461884066,-0.007465165486639093,-0.01719085600117771
2014-04-28,-0.004394582256213961,-0.004861855657762128,0.0017148566726116535,-0.0059675630440551445,0.0005714047124504385,0.009465579640997078,0.011353615607100125,0.004858915240052383,0.005907172251473494,-0.0025250722494790196
2014-04-29,-0.0001601396915205392,-0.0013548603776236134,0.004593865241890995,0.00962213265546605,0.002661168192819799,0.006902842721630359,-0.004299426558663312,-0.004164026758583504,0.005872082943255804,0.00457218921720162
2014-04-30,-0.00513891756378345,0.004148928698447374,-0.0008534204915707374,0.0013669774681827353,0.006621922900553574,0.003022639574175674,0.0031701328778674103,0.0016216362241268207,0.000860349605410585,0.004238219014209479
2014-05-01,-0.003386812056897391,0.010670968453533873,-0.002242652024527883,0.0018198682041290087,-0.002454445246809096,0.0010969628727899442,-0.0009050664754507577,0.004157164025279908,0.002234374823315776,0.003908597584809804
2014-05-02,0.01012621771606769,0.006140660972655002,0.002029086493115642,-0.00045462326600894705,-0.00151355176070897,-0.0027443331231562845,0.0,-0.0207252771122989,-0.008620760627151189,0.002493266906682244
2014-05-05,0.00923282321005491,-0.006051685364175737,0.004683709136534207,-0.004101205155594446,0.0020803870451014026,0.005207731623573338,-0.002265066402416563,0.008901402516961669,0.006558861734552475,0.0009334002089930355
2014-05-06,-0.0019032349869848157,0.00400889058174447,0.0014860022437304722,-0.014256062584688109,-0.0075857328274944935,-0.011271760118803056,-0.00636955721466193,-0.004909028911518458,-0.008812523137467568,-0.014408906377830995
2014-05-07,-0.014471611157944844,-0.003562230994017053,0.008657993251203835,0.013342387504014074,0.00852998319255794,0.0005531522083455094,0.00953969009252927,0.016041241867331222,0.002773430425798788,-0.0012630105580868774
2014-05-08,0.0,-0.004291514326653001,-0.01440100523998848,0.0027384577172765846,-0.00018893964873392693,0.002759295180584995,0.001354880993698533,-0.010898937251541254,-0.005379632898661013,0.0028393447540883674
2014-05-09,-0.0005638997673953104,-0.003231124340599298,-0.0009599755593270837,-0.00045579988731087745,0.0007546513361627105,0.0011009457506213909,0.0047291531973428285,-0.014797500178630695,0.006071810366111937,0.005497307481344243
2014-05-12,0.006745961691050962,-0.004054050986299508,0.007021092965350602,0.009981840141495425,0.014793377713991963,0.013397715818612335,0.0008981767475639318,-0.009271486882579774,0.010152210185571681,0.012453652985083536
2014-05-13,-0.0027250474989194643,0.008627711032575732,0.003703623529312026,-0.0009034244457470187,0.0016712233643785173,0.0005429704282842324,0.0020181586936172473,0.0023849820724048407,0.0015396312784008747,-0.002788692318566618
2014-05-14,0.009664218850403477,0.01076988277068122,0.0004224374012481506,-0.007255993504467732,-0.00745018458003992,-0.004624913998474756,-0.005390282416185338,0.004991571020590598,0.0006833443103450011,-0.011232372351815114
2014-05-15,-0.008300797439581379,0.007934936527813883,-0.011467307696149363,-0.011444554846746648,-0.008825351467211051,-0.006017766642377495,-0.008823116126349053,-0.004038110517117579,-0.01012963262735781,-0.00724299654611282
2014-05-16,-0.002166299613193375,-0.002813706721335139,-0.002566412695346701,0.0013802525848714226,0.0013192447460154445,0.00629015845783917,0.006116210293629242,0.0030890950976935816,0.003445107839229186,0.007400005792143672
2014-05-19,0.0006423786190590421,-0.00742620836851596,0.003099795182162196,0.005044711594308054,0.003947590323439794,0.006521819227388516,-0.0020344643836209225,-0.015544709853997543,0.0061720603378036315,0.004538488091014984
2014-05-20,0.0008825820644809731,0.0022161698795442725,-0.002886014752836504,-0.005964420509182079,-0.013410087180077981,-0.005704126659118961,-0.0036271565797594526,0.0,-0.006343998231069146,-0.009098011905404133
2014-05-21,-0.0024088902731866564,-0.006127668043536342,0.010753265933470754,0.00642161252415621,0.009839219100309288,0.006787192195085479,0.005661620963380417,0.0007229599674704969,0.008392677822997742,0.012060735458712994
2014-05-22,0.002248445354556146,-0.0014270543806736984,-0.0009532889796463494,0.0045623986525929455,0.00188104045620116,0.0018919207881743644,-0.0015820824962580883,0.008155253004157615,0.005952194491347718,0.005279084698407035
2014-05-23,-0.0012841805482511725,0.005338552544665662,-0.0020161219070162434,0.0031807859146094682,0.0063692881202046855,0.008336810553017288,0.0015820824962579814,-0.0023913905766085315,0.0005083030674546136,0.00786764357175972
2014-05-27,-0.02159528357280634,0.005839319455996746,0.002757789416874855,0.008583595642721164,0.005215460598344751,0.008533419458752483,0.002706905832719986,0.007870985246277279,0.005408281372313618,0.005210849291928183
2014-05-28,-0.005348719092920353,0.012274177825408558,0.0016935053751828408,-0.0018010889345524467,0.0007427749261428717,-0.002658901595514092,-0.0013528920807445717,0.005921935447613724,-0.002869771822967573,-0.0010705632440281723
2014-05-29,-0.002147473423706254,-0.005328947452301711,0.008528258815209628,0.002250871267235156,0.004075341865728783,0.005840443045020184,0.007862707681152225,0.002829937526529946,0.007913316286957933,0.004122882151384435
2014-05-30,-0.004225901225548044,-0.0004383714078118067,-0.000734438698541797,0.0022458820965754653,-0.0007394901130387381,0.001057957143800714,0.00780136749547325,0.006573327704194352,0.0026796805237293765,0.0009139217517073324
2014-06-02,-0.006080086737565114,-0.007461086343141477,-0.0012592981138307526,0.00268815456256605,0.004246036996206948,-0.0015879987384688795,-0.002445266532623407,-0.0002338969175670996,0.001337074818879819,0.0033441171622681444
2014-06-03,0.002586503374912596,-0.012381903550888446,0.0034610611464703372,0.0013415691422582576,-0.001106034976022141,-0.0015898219198593494,-0.003567427321842596,0.0037370478395683587,0.0018356796710893072,-0.0018228342687358092
2014-06-04,-0.002085332494818545,-0.00026869368377303106,-0.0005237927655482906,0.0026771619953105744,-0.00018444359785405214,0.0018545856402434524,0.003567427321842452,-0.0004663433446132647,0.0028302077641821476,0.004852888609530827
2014-06-05,0.007486945414296175,0.00044784616166827047,0.005743984068384523,0.009314965064169069,0.010094647340667472,0.006597457578156219,0.003997983953984577,0.008362322753853846,0.0011630010990722908,0.006484181110239752
2014-06-06,-0.00041449870757462217,0.0,0.008194263719096848,0.006600378658959396,0.009993934184242216,0.004461407714381195,0.0026567022902448056,-0.003475485793810345,-0.0009965769603708632,0.005845063088143472
2014-06-09,0.0003316000625026315,-0.0014347865510404819,0.0015480871615740823,0.004376771693402417,0.005049492223700267,0.003137342200782135,-0.0015489432307528527,-0.006754848370532569,-0.005166412712695293,0.00029920571150525167
2014-06-10,0.006114693163497651,-0.003686166245096077,-0.0016512909796085502,-0.0004369444448137861,-0.002341282312357664,0.000521973139393663,0.0,-0.002339553118904701,0.003336076184461806,-0.0019444793230718959
2014-06-11,0.00016477983735385757,0.0018002792742219556,0.0038145077179500262,-0.006574856534809001,-0.0074199711831348,-0.002350854546943811,-0.002660476480853167,-0.012729702627561982,-0.001166295374650146,-0.002997805337027045
2014-06-12,0.010079951867740265,0.0088614749602861,0.0032880595551622563,-0.006175495530316834,-0.01353356464956237,-0.008667509912457476,-0.007130342585437521,0.003079050355491199,-0.005014350678964833,-0.012842939499784062
2014-06-13,0.0026058621978226784,-0.0005350562568717848,0.009494461597158723,0.0004426799532982542,0.0034922794268438867,0.005786563413975626,-0.00022370319725961412,0.006366002177886764,-0.0008380843347333874,0.0004559597000274833
2014-06-16,-0.00440135131883663,0.002493979648833168,0.005976302655593251,-0.004877223889255017,-0.0011015675785308826,0.0,0.003795229699688552,0.006792225915735559,0.002010472102742562,0.0022774795432257736
2014-06-17,-0.0011442534259887985,-0.007947570992001086,-0.0007070146858181895,0.010170278209050178,0.002751603696150627,0.0023582065185352233,0.0,-0.0014012518006613563,-0.0005023168967193815,0.003935288793588284
2014-06-18,0.003184321078208193,0.00768055495414577,0.00755187054448495,0.005703023158534983,0.005662583352899959,0.005218705714606321,0.0117398709069015,0.02242095693360035,0.008005406690321182,0.007524424440033355
2014-06-19,0.03421674499309133,-0.012894550278451598,0.007096651644323727,-0.0013130599073570741,0.002546917343190583,-0.001823870803446848,0.0057095480003473,0.008194358311872764,0.003316635757159046,-0.0024017060720825374
2014-06-20,-0.0034722449435064377,0.007541767316190936,0.009897258982991985,0.003950098570435199,0.004188925909673535,-0.002202874029245523,-0.0030694517217004233,-0.00610032118865985,0.008373881514370327,-0.003745975870618121
2014-06-23,0.0027629658487138523,-0.003135334832307172,0.003560668818540374,0.002187470325645236,-0.0058331290062005655,0.0028840952273911855,-0.005543535927784389,-0.0034566568632762155,-0.003797466301114594,0.0012099937949638245
2014-06-24,0.0010243461627259776,0.010088485175297996,-0.02125313594929071,-0.0065775263973260585,-0.01010577202173492,-0.0052494339867952405,-0.0035643611980035097,0.0029965874519459093,0.000661432452570406,-0.002421189756447766
2014-06-25,7.870619989003499e-05,0.0025722679116634687,0.007535046228701272,0.0008794643719741168,0.0009231438438314696,0.0039399734087905425,-0.0015636522560998208,0.003675601746342441,0.010851924512313696,0.008448967566319337
2014-06-26,-0.0020494607960695427,0.00477287141393488,0.00110022276565292,-0.003522636808724291,-0.0007383772686322,-0.0010494040185122407,-0.003582017571598748,0.002976434744068114,0.0013072993233882782,0.000750932051566896
2014-06-27,-0.0005525055816399519,-0.00150066056371032,0.0,0.0039619505980207454,0.0023973013540146784,0.006016854257296157,0.0017924375728810258,0.0038791708736852994,-0.002616536955410071,0.0023991089407121697
2014-06-30,0.010836302664764272,0.002470284944428028,0.000799462378503347,-0.0008790136096272789,-0.004245371756674997,0.0002607081891977848,-0.00089570036563704,0.00793913783815566,-0.00393749719151498,-0.00044952918002206426
2014-07-01,-0.0026589235253347675,-0.008408077252967968,0.0005993125267860572,0.006137761845682581,0.006085706898148802,0.010118254360236039,0.0022382729352599237,-0.009991162832878906,0.01257857421570914,0.010581674944878022
2014-07-02,0.0,-0.010744538991755547,-0.0014982647900510882,-0.0008745931518865928,-0.0016561317853092498,0.0010321206492912827,0.002680447167836452,-0.01958787966562128,0.007600866696489399,0.0014818930433858231
2014-07-03,-0.004237574298798965,-0.003608151086509799,0.003792098501152725,0.007842921545310282,0.008253452804404721,0.00437387728966407,0.005559791958364644,-0.010998295173817774,0.004020007108787751,0.007668405142927225
2014-07-07,-0.0011016368953835223,0.00729208692004062,-0.0076997166470895275,-0.004349001560771131,-0.007148944647566645,0.0010271224231177525,0.0015507151845339162,0.004695152028899657,-0.007570555677946167,-0.006188897803070643
2014-07-08,0.00039358536836548694,0.011149444970675146,-0.0016070360226152869,-0.008757088678335157,-0.006829776432080829,-0.009017409864989553,-0.0019943674010849846,0.006768610167241461,-0.009421697997434399,-0.00980419811140607
2014-07-09,0.006041340057119357,0.0007979634556018109,0.0066136571019895654,0.0026353035501010887,0.0016656328640112079,0.004904838393853706,0.004427344327668006,-0.0027955370472727806,0.004234723375476485,0.012018817464166389
2014-07-10,0.005460634339476959,0.0002654083179824927,-0.009634782043029928,-0.006600680632821266,-0.005934994899534473,-0.0028368954809039723,-0.001547751224782453,0.006742120123913612,-0.0006503991964036774,-0.009335486644900678
2014-07-11,0.001865424919652749,0.006359671655522668,-0.0076941654611454155,0.0017641666329059036,0.005749954987954398,0.005151846081487512,0.0013267740661157999,-0.007675488087437883,0.002111727535644356,0.003269986049741424
2014-07-14,-0.024048290991992773,-0.0043239950477476875,0.008601788411650685,0.006151501969851696,0.005716821921745873,0.0071688217387922415,0.00352909962077496,-0.011506638979138464,0.003240111560137324,0.002815578314193131
2014-07-15,-0.0095105807084893,-0.0020356766077748735,-0.004342112137164458,0.00698347131221343,0.000551420923586421,-0.0017875335658661996,-0.008845748662562701,0.005182761491812877,-0.008609743087724804,-0.0034094791459511825
2014-07-16,0.003527077335086919,0.0053027645579075055,0.015064706635266954,-0.0017408709060942875,0.004218466518653181,0.009158287275034753,0.00022203926134320784,0.0032841723308810987,-0.0032684769769315888,0.0025210017954939014
2014-07-17,0.01682174981323043,0.012524366756649887,-0.01628008044690849,-0.013158269008876752,-0.015678622925211255,-0.012998946303576725,-0.0062374421532104055,-0.009175939589488948,-0.011028236040753587,-0.009523739375385401
2014-07-18,-0.00758236875559345,-0.0032255266532242176,0.0029341232006847105,0.0114132130786114,0.008331207017891196,0.011985391932203852,0.010005277867539164,0.010112212968201865,0.016252472921249657,0.009227598125897869
2014-07-21,0.0016635571611118736,0.004965073242716761,0.0015144184651964124,-0.0026223789016831247,-0.0005533233570352566,-0.0012678316624813641,-0.004656057009526984,-0.0009362733787130304,-0.004079322625502412,-0.004602896507751713
2014-07-22,-0.00476039051876284,0.002082348717716807,0.0071353144646036605,0.0030593272780726996,0.0036822727457019046,0.00834045919199144,-0.001780321722379871,-0.0021101039342045383,0.00862841662845484,0.00415822994119104
2014-07-23,-0.0009547670752031266,-0.0013011321775889355,0.006389237289458968,0.002179017344594791,-0.004051325149592227,0.001760451287435987,-0.0013370047978497176,0.0009383809767164593,0.008072328248532695,-0.0007410988806876017
2014-07-24,-0.01016134091187034,-0.007494317054361516,0.0008953772376040259,0.0021737712759358325,-0.004809417590352231,-0.0007545889792219485,0.0026722244004188803,0.0030435895389864446,-0.0020925016211905435,0.0022222949055007656
2014-07-25,0.01151369915042729,0.011740200260998757,-0.007384454266321179,-0.005662929036611977,-0.002599413666613588,-0.0012576243395599656,-0.0040107864266626025,-0.007979400448048212,-0.0037127175115796236,-0.011161843344261574
2014-07-28,-0.0016708368622555144,-0.0013846149219470878,-0.0024064443661642827,0.0004368190622221952,-0.0050318579158341046,0.0017605628620345163,-0.005148558292223286,0.013806169302953048,0.0009697802900374324,0.001943654173843493
2014-07-29,-0.0030305859758103,0.003629082496414514,-0.0025135484562088645,-0.005254015174718146,-0.012598035962075474,-0.002012388293462843,-0.00449793043297065,-0.0093395369625553,0.0008076065491027028,-0.0028420462064447072
2014-07-30,-0.002959607959589689,-0.013984667835465986,-0.00595621282652435,0.004380314001978975,0.0009459295741834071,0.0010069214528563492,-0.010652228914620459,-0.017033737786186283,0.004027832293629985,0.0055269783305023435
2014-07-31,-0.011602760367427242,-0.0029780914164038927,-0.021803697783820918,-0.020755958566846446,-0.020433835239158087,-0.019048562750223368,-0.017235314941075344,-0.015873302832225888,-0.02079647304563091,-0.018644095197619146
2014-08-01,0.007991307629640355,0.007710573327598726,-0.00810383304559999,-0.008514018676780572,-0.0009654668074695839,-0.005398821606608266,0.0076201654760675724,0.0038713224010794105,0.0008203674258781869,-0.003649236249285545
2014-08-04,-0.0031404736308630744,-0.0026216029022520827,0.016657087792953676,0.008067842191273947,0.003469766674734669,0.007192195947398847,0.003215472556682442,-0.005327008639238454,0.004255910853854399,0.009701508532128972
2014-08-05,-0.0009682492234864183,0.0032326544337744783,-0.022097388049253257,-0.010321150843225825,-0.005984059442183401,-0.009515480701315039,-0.004366224432061659,-0.01221292433152992,-0.009683836072645202,-0.006963085792988775
2014-08-06,0.014426758317503117,0.0006106783755540734,0.002932489874957486,0.0040515842326623325,-0.0050464381069353,-0.0031051841112214205,0.0084854900162147,-0.01286203788110602,-0.0004953070219377907,-0.0021294125903558556
2014-08-07,0.004050052304525599,0.009285755987949172,-0.00629496742135902,-0.00450232789308797,0.0009721491737085719,-0.0041560259364160305,-0.008254909630802035,0.011386165731074259,-0.012954810039880162,-0.005189112818116721
2014-08-08,7.926565064659302e-05,-0.0021621598436135994,0.016596270183690653,0.009878551761160976,0.014091853882604252,0.006485732279792651,0.010079773336401856,0.019740012536761803,0.011799156772645928,0.015337050595294097
2014-08-11,-0.001824338047458477,-8.662395754243002e-05,0.00010399629551339023,0.0008933427424905303,0.004017481637050917,0.0049018364066376096,0.007041725658936244,-0.0036261581523851826,-0.0004955144890442399,0.004510485042593883
2014-08-12,0.00023813280255596478,-0.006514224837391568,-0.0073764293729079375,0.0022299367114097727,-0.0022937914888707524,-0.0005149777713658875,-0.0006795608820775812,-0.0007270420482690281,-0.0008269132123720037,-0.0025533711949476488
2014-08-13,0.001665404158214096,0.006514224837391519,0.0032270309649567526,0.004444232484031663,0.009711612960900354,0.009736376963731294,0.0029402179842944265,0.004594486169208507,0.012003756738171887,0.003602955484325194
2014-08-14,0.0008712575320018362,0.00801919739842611,-0.005732842797880895,0.006188993561414696,0.004349105433185359,0.0017825398473193036,0.0040572396202377455,0.008647480360354213,0.011699811677772426,0.007762466454105994
2014-08-15,-0.006592773381983102,0.01084753945761573,0.007394618981633426,-0.004859566192780349,-0.0020777247156791986,0.0,0.0013477877306638092,0.0038191043824187605,0.0009689826336830258,-0.001935104582260055
2014-08-18,-0.004152731310402707,-0.009988822468726701,0.0026939665932958446,0.011011068162632058,0.015012428119831611,0.009373259904978061,0.005823276775333583,-0.0026239209388667487,0.0077167637599206374,0.009194820197236202
2014-08-19,-0.002243221418003945,-0.0030947291664339413,0.007629262372776453,0.0017498856581149777,0.0024185248395816043,0.0062838081286597765,0.002676512555089863,0.012581562634778982,0.006545167429900246,0.007500683852953612
2014-08-20,-0.0036962603887065737,-0.0016360448255760547,0.0021542658750115847,0.0026205993271471296,0.010535078051772093,0.0,-0.0006684277982240836,0.002121109893151757,-0.00015951348494565169,0.004677712630715166
2014-08-21,-0.010845949910482119,0.00558821068057733,0.0008196292172034264,0.011706429018845247,-0.0009196574820269104,0.004749349876336146,0.0017814435537618285,0.0023517642356603854,0.0014314746980361307,-0.000875390148834291
2014-08-22,0.0025196517444803458,0.005557065953783567,-0.006677930732916605,-0.003454633184303011,-0.0035027455886606734,0.00024937664186678893,-0.002449737228328131,-0.003058169661988658,0.0009526168042018286,0.001896006877475451
2014-08-25,-0.003659619235666915,0.0037439636680649925,0.008825990503439332,0.008613587100331166,0.0038707794422162063,0.0009967757001039343,0.005559791958364644,0.006808468832173326,0.007591935768485309,0.002909246665158535
2014-08-26,0.0049575510486128994,-0.0032324865160652254,0.005095793025194579,0.0021418067664604073,-0.003316669091861894,0.0004980702071196821,-0.0006659570232638606,-0.012004299437279493,0.003617175171217008,0.00014478855855676618
2014-08-27,-0.00024323006176227963,0.008485346445575146,-0.0020352756235639167,-0.002141806766460311,-0.0005541103503544272,-0.0002488946764431232,0.00044386645645419807,0.0108336083199886,-0.0007856469165285132,0.001016342380150517
2014-08-28,0.005498965061752994,0.005224523356509118,0.00020367737427649354,-0.0030067729953917465,-0.0014784040374333771,-0.0014953278726472453,0.0004433228058494903,0.007235485583657805,-0.00031417018914067465,-0.0013065093773687187
2014-08-29,-0.0011296651673684001,0.0006726406093295383,0.005585662419571757,0.004720610282056025,-0.0009248410192208568,0.0044789649976714665,0.000665366651783582,0.006490388444349036,0.003608169657990782,-0.00014514668944371948
2014-09-02,-0.01800381866494826,-0.017401115063766737,-0.012740032385395067,0.0038451475819283043,0.0033263889004854965,0.0002483713934082643,0.0004427162340969949,-0.009052025675454548,-0.00046974205843079703,0.0018870325522135389
2014-09-03,0.004101728422874365,0.005552763857439089,0.002663549583181258,-0.0017070669377346802,-0.0012919958021821805,-0.005475510675269292,0.0006642839169279794,0.004884541223952032,0.004532920686451344,-0.002613778126147757
2014-09-04,-0.005500142384415236,-0.012256965458727473,-0.013595932158419931,0.0008538665172928439,0.00036885195835072734,-0.0004993134543882829,0.003094016967021348,-0.0004639550786725844,-0.005003173272462489,0.003773499069219743
2014-09-05,0.004763039303479569,-0.0018991489481984605,0.006717899229287983,0.0012795278042344873,0.0033189381076990827,0.0059748241296574784,0.0057205443577251465,0.012456642627583983,0.005782775405057164,0.0033261364579523283
2014-09-08,-0.010956031965065697,0.00043196641333693,-0.01567659414288787,0.00042602107407317756,-0.0009210206413071608,0.001487627466472582,-0.007487200630541224,-0.005978204983338514,0.00015577550685265916,-0.004195249064122438
2014-09-09,0.0011589354452107377,-0.0007777286181216367,-0.004404285476683738,-0.010278208880439258,-0.0031370640335149393,-0.007213092777757648,-0.002434360845230506,-0.011598609073236397,-0.002652428110022544,-0.010055169776472585
2014-09-10,-0.005059527219948347,-0.006330265589398344,-0.0024204366711338943,0.005152372215632371,0.0007391465671228698,0.00597301176731311,0.004862580093270131,-0.004442805860665978,0.007005681663036684,0.0035082229020621273
2014-09-11,-0.006590779328069375,-0.003310591086386142,0.0006323241550494526,0.0025664212692063566,0.00036932500445479015,0.0022310397907433985,0.00044125850397126173,0.008401595966806083,-0.0027964721581784087,0.0004384253958269775
2014-09-12,-0.009165537985610298,-0.010529112879287556,-0.015063787526729051,-0.0008552215204535588,-0.0033283219943193894,-0.00421749955984921,-0.007078517344780047,-0.018056577460095653,-0.007338508585811232,-0.002921953668498656
2014-09-15,0.002193926623932413,0.0014989602859911968,0.007029772612935056,-0.000427165799609108,-0.00037046918385136675,-0.005984924319749272,0.0048717719678323295,0.0030710421034086,-0.002667901302049429,-0.004105221452177909
2014-09-16,0.001600223025853226,-0.004059436159356042,0.012026789342284343,0.0042678292416661375,0.0055431992596471314,0.007475466239418633,0.007482144494083056,0.012658718441993918,0.01357837362792441,0.005128803565822919
2014-09-17,-0.010915206737386957,-0.0025673291244152113,-0.005468081186619664,0.004250064405584631,0.0038619770201290954,0.001984048383945938,-0.002194549152406847,-0.0018650600965885204,0.0007746758943325711,-0.00043836799328322965
2014-09-18,0.0020397581785849142,0.003185843831946812,-0.0051799223194835915,0.009706597392256681,0.00476132482288052,0.005928851707012391,0.001975219387398525,-0.0072612984371537,0.007407351197502079,0.004376766594511243
2014-09-19,-0.005875628567548555,0.012644862936399949,-0.0008206861234504623,-0.002617969189876826,-0.0009734985807773723,-0.0021297841022856236,0.002579079594087475,0.008973327918060563,0.0010947265449058208,0.0004233479258970174
2014-09-22,-0.0020517906581858703,0.001221649529370337,-0.014822562424180605,-0.0067882845165286995,-0.01127002961663171,-0.006715413392036889,-0.0017628085157026122,-0.007551167335287929,-0.005408719172363892,-0.014115817970963986
2014-09-23,0.006397974562940498,0.006168878567745513,-0.0029261020395414854,-0.006834680451393104,-0.008209259345080286,-0.0022484207239574076,-0.008859230031448936,-0.0028460839257412394,-0.0059065274175349215,-0.008625618647944014
2014-09-24,-0.004687802480188249,-0.0055596230736948,0.0008673151095762284,0.0055562149171702185,0.005231667022088215,0.00648216489911499,0.012820733199712607,-0.003569165565476642,0.017308352137802737,0.011287753035383664
2014-09-25,0.002900499681904508,0.011776895178724843,-0.015407230888900243,-0.016763514864087645,-0.015777657426877208,-0.022111677702127467,-0.013265271725166415,-0.005977241606072579,-0.016529226688729002,-0.014729121418265977
2014-09-26,-0.0028151166840318367,-0.0014645833825628267,0.012801726527426881,0.009491259021047211,0.00923352183269502,0.010865666742699686,0.00377591105879587,0.0014379029727161366,0.0031105886068455114,0.010288521275861022
2014-09-29,-0.0002563012510608187,0.007985111813480814,-0.0022857728021518733,-0.003440941588561404,-0.0015015350380294858,-0.0002511848260620332,-0.00022144789569705447,0.006444540155413459,-0.0021763239811223357,-0.0052057786682822155
2014-09-30,-0.007031410399421769,-0.0056607777600646515,-0.012610723716124888,-0.0017249838964329936,-0.0015039695567605868,0.003011925925305102,0.0004431912252003082,0.0014265557059751186,-0.005461406095787562,-0.005532409137405229
2014-10-01,0.004807267982801864,0.019205591126981128,-0.0206263387552724,-0.012158228894535628,-0.01899384853579818,-0.015660987030848398,-0.006225973439107908,0.005686024198965637,-0.010538995358933207,-0.013435276460902553
2014-10-02,-0.00025693786276921897,-0.008750112556604338,-0.00519483124883643,0.0026178304902871197,-0.0011511562920315426,-0.0005089579152210037,0.0017825448353275925,-0.0014183307512571157,-0.0020576314443179378,0.004548940431006511
2014-10-03,-0.01841415564252709,0.004257136894615002,-0.001586893105156277,0.014276712364543118,0.013538223225950463,0.00811737914326976,0.011732256043651874,0.006366966150765028,0.020389811362808236,0.012777370942604603
2014-10-06,0.012313702004798997,0.0005947841474720476,0.0011333168741934504,-0.0030113300638614495,-0.003034934210389006,0.0002525645120938179,0.0004403481100403289,0.0,-0.004668647652536901,-0.005391667550677458
2014-10-07,0.002840071033501484,0.013410185756756506,-0.013113363702706334,-0.016945992561992657,-0.024616513256860525,-0.01578414424637183,-0.005957340668742221,-0.001411649734214412,-0.01603821081909112,-0.0149785211856596
2014-10-08,0.009494153355036908,0.0002515943128996744,0.009709145082532858,0.01866756748454348,0.017753955924674998,0.01881105514581789,0.01449972353120515,0.022347196940314014,0.02519886384680748,0.015578823216599626
2014-10-09,0.0014461162700842916,-0.004364203495641133,-0.0374080183159781,-0.021300330816134503,-0.0234166378532773,-0.016760532308015632,-0.010083993886438516,-0.016478931298538474,-0.020928058150868435,-0.02292310038104817
2014-10-10,-0.00042514180520484993,0.009877367100118682,-0.014142706060709371,-0.007940006890412755,-0.01479429114973468,-0.025941554782443702,0.004835330074593688,0.004669402696895881,-0.006174470792160042,-0.008791545888038363
2014-10-13,0.007877727689301057,0.006061847011720032,-0.031366969707823364,-0.00889679928717967,-0.015622296571595317,-0.011099425155962982,-0.013908363881170494,-0.0009325633109160157,-0.023946707142362376,-0.02050326842719595
2014-10-14,0.0005904407146892826,0.006519634301502977,-0.01267660268968346,0.004013360982204121,0.013832194278903533,0.0015929626292089949,-0.0004450481898010144,0.009052397491103434,-0.007510113700070092,0.007247937871861798
2014-10-15,0.0033673029177564103,0.007865384075244628,0.007600533581335046,-0.019322067001872875,-0.0023922667875764772,-0.0069222527039885075,-0.012083624995966075,-0.013257689264657126,-0.008227926199664894,-0.008355146628143732
2014-10-16,0.001931098016823982,-0.0063862446210065866,0.017717123081978654,0.0,0.007357006241915393,-0.005894951567031788,-0.007456471320124512,0.0009360387613935986,-0.005135444774133652,0.0011072087562819168
2014-10-17,-0.001931098016823874,-0.005600390242313715,0.008500352386707145,0.012624373160158924,0.01961590022290454,0.011755704869498724,0.012172934421232181,0.005831053404302784,0.015818356806239473,0.01100823242005789
2014-10-20,0.006784273141083318,0.003627631168419011,0.008668224462949854,0.005807104230140235,0.002909522835066677,0.007145629454048662,0.014238329695506561,0.013857119596227046,0.01202473977843433,0.013823350202786982
2014-10-21,0.0018346564364615716,-0.00801471969177512,0.02999420294190794,0.018535654923543757,0.02202936356627413,0.019326814599436512,0.004188525219705408,0.003434325346336602,0.02614543127983885,0.019248901363045384
2014-10-22,-0.0056818361839991085,0.00107729216948978,-0.01914405862363218,-0.009224913902596027,-0.013159226466256951,-0.004666938394159692,0.0021974724035312577,0.006152118383110793,-0.0050481775408321525,-0.008661952795821933
2014-10-23,-0.006894837025991361,-0.008905878371229936,0.018445738505598913,0.009661716223702013,0.02183702090083827,0.011112775839606629,-0.0006590306165757843,0.001815881258086148,0.016936450373296098,0.013492176495100965
2014-10-24,-0.0014353713145334821,0.0010024860857778455,-0.0034983059912373172,0.009569575304525743,0.008789451133058531,0.008700002410522201,0.008311249748340964,0.009703528997066429,0.013897720854090741,-0.000903867052243307
2014-10-27,-0.0024533739338827992,0.0018359134295135103,-0.021252297647303332,0.0012979985621197742,-0.00037266156611594973,0.0010182503209410312,0.0023933157275961604,-0.0022485274533425954,0.001072618923995277,0.0019573470826178257
2014-10-28,0.000338761149914085,-0.00627249371726207,0.022536730999482498,0.01075030219740095,0.017539431975172336,0.013650741882902936,0.003903939896401117,0.006953127593054932,0.007326150805716413,0.01077166996531856
2014-10-29,-0.01441323656422149,0.0022627419930731944,0.003261031076918584,0.0025629740605285292,-0.0034834655491748265,-0.0010048778025466014,-0.0017330658348599598,-0.0058283561855882,0.00045629971833796053,-0.002980176042483985
2014-10-30,-0.010535513585850132,0.0008367321756136804,-0.0036112879413403324,0.00553095595077667,0.00403200402892081,0.003262085437204976,0.006267999313324119,0.02179346647146906,0.018224664294755916,0.006545744898408624
2014-10-31,-0.022208494160596958,-0.0025969544367269305,0.020104471146234912,0.011390306257227263,0.009829382533574179,0.015411396618539621,0.006443324844888971,0.0002195069445062953,0.004021590200321622,0.009738942291027577
2014-11-03,-0.004537191400506066,0.0,-0.015911547080994404,0.0037676727962719114,-0.0012686821327189078,0.004184547922030822,0.003846381639716683,0.006576492705859521,0.0011884576110332535,0.0
2014-11-04,0.0006239666286797927,0.0031061831965651073,-0.02078656814456317,0.0004182488869405378,-0.0005445423466441092,-0.0002456151659127739,0.005317173160948617,-0.0052573652821077625,0.00014857758527635272,-0.012114639502371695
2014-11-05,-0.021891782615057327,-0.0014255437034652358,0.017409976174408707,0.006660866556187446,0.006150716084567866,0.00269920503991276,0.00697625760821561,0.022370437512160918,-0.0010396172507522309,0.0040054123231404405
2014-11-06,0.0008193776453400158,-0.006483367191981228,0.012516375880152624,0.0016583525400941396,0.01040561078861854,-0.0004903009625953447,0.002104197250459395,-0.017113072230053164,0.0060744236397136,0.008402672411382709
2014-11-07,0.027733471313511962,0.011421943302907906,0.01099567123025004,0.0004140080023666891,0.0014268025399959564,0.0012251948253749103,0.003567276369303979,0.01043253046592401,-0.00994578128690756,-0.0016161312584287843
2014-11-10,-0.022468851359662735,-0.009227971474840993,-0.009039657933220827,0.005368903849285748,0.004977588408476496,0.0026896434937961062,0.004389399151412622,0.004960507305451568,0.010093454754950612,-0.0005879262770269137
2014-11-11,0.014202502378614763,0.000674209744889086,0.0029838989972060664,-0.003300407792073824,-0.0012421178896869511,0.00048827893863866774,-0.001878719594030023,-0.0036636724873817072,0.0036853769129660667,0.0042572277536633875
2014-11-12,-0.004831367663167211,-0.0008427447989875295,-0.008863039951204773,-0.0020684960572118325,0.0014196275346497035,0.0031679616829803576,0.0,-0.017645924869674538,-0.0014723448755894568,0.004677407734056143
2014-11-13,0.0015234861605121853,0.0023577921280838327,-0.013385958997911465,-0.0004140080023666261,-0.0028411064552404733,0.005338603699978591,0.003545914334511555,-0.00816521855638387,-0.0007372238659579583,0.006250022118017502
2014-11-14,0.024764713533656058,0.004864829480086976,0.010143188514400355,-0.003319641395496263,0.001243800383911201,0.006994108414240505,-0.005637564711168512,-0.004218869413701634,-0.008292692691708473,0.0039047578889333735
2014-11-17,-0.003675815105875707,-0.002513375600142806,-0.005233365890511796,0.0,-0.0014214814117321408,-0.0019243503758595412,0.006678003576368241,0.013043282273658165,0.004895221918003865,-0.0011551885984480992
2014-11-18,0.008729867518400021,0.0027651384682406245,0.0008156403679607339,0.0033196413954962927,0.007441433146646972,0.0033652656235279134,0.003736126950453153,0.002851215425304252,0.0160004170650499,0.0018771220598825288
2014-11-19,-0.011979356533504825,-0.006378972334842602,0.005229248710823942,-0.002073280046473477,-0.003005196727532083,-0.006500479232783172,0.004136264554329226,-0.0008764175299210616,-0.00554910640115034,0.004173828049994155
2014-11-20,0.010326514276663132,0.005207578550715056,0.012439689809831081,0.0,0.0026521271783985618,0.005059563985114802,-0.004342996192283362,-0.002194562027233393,-0.004255560381765885,0.004299569367428483
2014-11-21,0.004603689167085155,0.006012154261215833,0.012965046832907258,0.0049689463064934635,0.009665384462049256,0.00144091524766824,0.004136476541503995,0.003946871622136959,0.004694824002317793,0.002428470705767668
2014-11-24,-0.0024294916878058385,0.0008323469358010691,-0.0077131906700507345,0.006587125966146507,0.002620111554355081,0.005265663330749164,-0.0006194940633175227,-0.008350436045942156,0.005109842780598491,0.009231713072980135
2014-11-25,0.0023428067947760148,0.008285585846481137,-0.016417713253643485,-0.0008211264266828267,0.002960624157899886,0.0004770114114761351,0.0008260137140968063,0.0,0.0013097941358141,0.0031049630132337835
2014-11-26,-0.001908507479919573,0.002718478386751483,-0.01269685930200478,0.0012316460361337196,-0.0019147112374121814,0.009026354725493718,0.004529483085610564,0.004403564423805137,0.0060890808443283565,-0.00014142024080897875
2014-11-28,-0.026841959934437463,0.007868944538603324,-0.06640058838906103,0.000819877349786237,-0.008399413502622527,0.004717668098829335,0.012655782368946607,0.010489287697141678,0.006196664702363684,0.012048865167444325
2014-12-01,0.03909721071410293,-0.005851421522764358,0.0035013201851230888,-0.006991710281141792,-0.01290982253747847,-0.011360394034249087,-0.0065119967919329445,0.001955001030639447,-0.0024450638172044343,-0.011062457228186471
2014-12-02,-0.012428974377113596,-0.009759828587406434,0.010802577620185508,0.0094479123140489,0.008507177709553088,0.0002378528439421579,0.0034648665434955546,0.006703714501621758,0.011027906156564137,0.00379475896565488
2014-12-03,0.010282221622138828,0.003898576102772502,0.012153294748959957,0.004486607763426428,0.013324400609483103,0.0035633030557428733,-0.007146924924216739,-0.0028060972590535104,0.0015652909021419063,0.0016817526009347305
2014-12-04,-0.0038758463696522295,0.00832691742878557,-0.008700438391115655,0.0012200917192446798,-0.005063374529839961,0.0,-0.0008197255291809147,-0.0008649780937035351,-0.0012807844785298673,-0.0005603510173152956
2014-12-05,-0.012591864202654249,-0.00584617105372092,-0.012010589866088803,0.008903627968316124,0.00227297085737026,-0.0011865305841344024,0.0018440745933144447,-0.007817511748422766,0.0079424710600436,0.002239098202939545
2014-12-08,0.011728543111015293,0.012148477886629417,-0.04132504319898975,0.004823444530651587,-0.011063347543357274,-0.010261189732741862,-0.002049111010837657,0.008033960943290702,0.003525376218974327,-0.008141666691471637
2014-12-09,0.020601691573211994,0.005126063806341519,0.010845390926977028,-0.0024089311510461435,0.00017684023326202877,-0.00023963083740513664,-0.0032874856080297686,0.004961577636471274,-0.004231945313446026,-0.0018336723918657156
2014-12-10,-0.0019479434950335464,0.007279411895027888,-0.03130534089819459,-0.012945221799718076,-0.01925229355419308,-0.015231068831383872,-0.009512211986845617,-0.012559471414171219,-0.01552829207609415,-0.013362163811516024
2014-12-11,-0.0022915065517862218,0.004100633617099736,-0.0006628868922282145,0.0024400431072747345,0.004848122315814565,0.004375396699943942,0.008276413088770272,0.009973958600595896,0.002866746224461088,0.008124193384601769
2014-12-12,-0.0023819558010529113,0.013471055237913481,-0.018737077181629428,-0.0196890533564601,-0.018256645587564898,-0.014905250361260895,-0.01285820818233321,-0.00953844280186786,-0.015436610450872336,-0.006408040085982614
2014-12-15,-0.026058456631024355,-0.002060101020873951,-0.008956434404200946,-0.009155100278429184,-0.003288523522349694,-0.006173644127156587,-0.0067012387869537175,-0.008530999092541848,-0.009201967277532527,-0.006018250817970397
2014-12-16,0.004883567458748403,0.012300785886712151,0.008821392449576465,-0.009661930420842992,0.0009145211735189892,-0.013466689047156337,-0.0037893708969683254,-0.0008791750975855645,-0.011659901150780342,-0.015497361241765118
2014-12-17,-0.005933184879209442,-0.009053159915437276,0.04064360463756314,0.022538509603533947,0.009281978821581001,0.01865500858869706,0.014448682894585889,0.017653379288634065,0.018532843849625898,0.018940680109040438
2014-12-18,0.007671599736508545,-0.017954410029627582,0.01901869587036633,0.022848969612413624,0.024869486827135478,0.028184219763981423,0.018946284902937167,0.019467864819637522,0.027028460307914996,0.016336518808377054
2014-12-19,-0.0033055430745708814,0.013356578717279586,0.031456538797590354,0.0006483280933939637,0.005599601515237571,0.0011072807742085263,-0.0010278817097873442,0.0016448187394218978,0.002417794681728801,0.0027268117830929655
2014-12-22,-0.019532501975925286,0.0013502053410731649,-0.010229820406089956,0.00686435724659943,0.00949694029442895,0.01195604311350397,0.009620398035011034,0.0025572983652352847,-0.009561763907711067,0.009689766956582139
2014-12-23,0.0016866692377105724,-0.020034513883092773,0.01208951638536926,0.005618262482081161,0.0036695216159671356,0.002611236925862991,0.006902420661086361,0.0025514733794097092,-0.023209130404820276,0.005573883755904673
2014-12-24,0.00026605277109295546,0.0054281794379671955,-0.007335947574977604,-0.0016021156967356044,0.001045745670793288,-0.0009484984274469299,-0.0010119653631071124,0.018302336641342343,0.007310901346015575,-0.0016690256203680293
2014-12-26,0.018102473257655193,0.003704606821826099,-0.0002499646612784424,0.0,0.0,0.004262256013770702,0.001618840544079775,0.012018484052741193,0.007113223217662677,0.005414179305329028
2014-12-29,-0.010153292143778454,0.007447378103160942,0.003613918480847257,0.003600839223288103,0.0015666926033101665,-0.004974504953020414,-0.003037439853910334,0.011468310976368017,0.003465566982016554,0.0075856852405910375
2014-12-30,0.013370224180731385,0.002709003639593929,-0.00799222889583417,-0.0011988010184119334,-0.00593172990213427,-0.007149593735924344,-0.004471855988148728,-0.020988482679667166,-0.004334104294373761,-0.004682692667895484
2014-12-31,-0.014162271200273793,0.0019074484257319945,-0.007550724717915832,-0.01125838683618564,-0.010023590616964577,-0.011063082255657402,-0.012297760776622643,-0.018256713568690956,-0.010040161259661898,-0.0040114256874078155
2015-01-02,0.0043925221460414865,0.011056979652213113,0.004662749910807112,0.0,-0.0012382910495066378,-0.0019369784912613834,-0.0028910829477939394,0.004648256302851725,0.003649604742533617,-0.007233260815948698
2015-01-05,0.014964618775983719,0.015586241054652112,-0.042248069364586346,-0.021251737786668366,-0.02363564853721359,-0.015382382656282091,-0.007057253023429865,-0.012300963469589959,-0.0051130767974528575,-0.019310989584201965
2015-01-06,0.011334482171420189,0.017856992710548362,-0.01479912885412459,-0.015400825585064002,-0.01239790292739884,-0.012130728341511295,-0.001250167768243695,0.0006394996828709222,-0.003374189882268932,-0.010013095726862506
2015-01-07,-0.005908836993974954,-0.0019766506023086118,0.0021277077507849294,0.010432052323345865,0.007493355924646479,0.008432311056984724,0.01695655829877167,0.009762857107783261,0.02324034098182028,0.015689819421790426
2015-01-08,-0.0042173997009502945,-0.013332098378082817,0.022201169358998914,0.014833098518855831,0.019831454422575213,0.021743113431461236,0.015059227494342534,0.0069448479991044455,0.016941034052350847,0.014890085017075973
2015-01-09,0.011320872784881022,0.010893192262360851,-0.00795681773858916,-0.013588783981659818,-0.01076823616689112,-0.0031466436884015517,-0.008111676064023155,-0.006311848381937967,-0.008933024430698844,-0.011640166696399662
2015-01-12,0.011025431201653892,0.0057059337501513905,-0.02923410142181771,-0.008326240332304894,-0.006880468183940526,-0.011704574596834586,-0.0030595401440023837,-0.002324312695471188,0.0004268543243956106,-0.0053745782495580405
2015-01-13,-0.0033794717396937453,0.0,-0.007987464448869993,-0.003350126528236867,-0.0020002333783697714,-0.0007360846483621854,-0.00020400139027003503,0.002746282637559816,-0.004422941550074968,0.0
2015-01-14,-0.0016093040146014643,0.007557066435392582,0.003121406804486477,-0.01436437671215449,-0.005476637638158738,-0.005661746749076573,-0.0030693459951128764,0.008612807224686284,-0.0015746580802706027,-0.012128528677724284
2015-01-15,0.02486420983066415,0.015614064654999933,-0.012819023814608954,-0.012416989405684729,-0.004770636581065535,-0.012919349235217389,0.0016381708548527526,0.007916835886930117,-0.01079978210067229,-0.01300452568558295
2015-01-16,0.01297967953352017,-0.012831317482598087,0.032010112805721004,0.01199097632680217,0.006599289813796433,0.009705018185309427,0.007946702763039442,0.008883248312365134,0.01864656784031377,0.013147660015846198
2015-01-20,0.013618890362551296,0.01320178028512491,0.0011960176087013334,-0.004265867522008863,0.0071006010452662575,0.008385124779225367,0.004051570497781851,0.0024652910011994864,0.0,-0.005757997068117487
2015-01-21,0.00024156831944978564,-0.01162670786337578,0.0201097243238282,0.0025619755117572804,0.008130992260993647,0.001717282075926594,0.004839260294962846,0.009596614320337819,0.001987644484819109,0.006475529501253296
2015-01-22,0.008017360134577187,-0.0036049851788173375,0.004673462013028954,0.024432447386744265,0.01588908512128371,0.016292282421311425,0.010008042901582711,-0.004276561699050285,0.011842644698126237,0.018615349789902067
2015-01-23,-0.008017360134577146,0.013822568163529248,-0.0071490238658360695,-0.010878746075765307,-0.00835958134907068,-0.00024149846765849785,-0.011215431220450834,0.002852997927188209,-0.005762941570962525,-0.001409267453525933
2015-01-26,-0.010031679362329654,-0.003046989576591137,0.014247149045721472,0.005035921579411226,0.00124945156046059,-0.004109466460894944,0.0,-0.0006106559084699594,0.005202469153895897,0.005203363343149937
2015-01-27,0.011399158685807192,0.0015619114355615894,-0.0006432061753233679,-0.01094309010668409,-0.013288064932388152,-0.02925134714901362,-0.011547153995937628,0.0014245441568623324,-0.0071776004492401,-0.008026588201324663
2015-01-28,-0.00790903451402992,0.01621542400298066,-0.04017342430454798,-0.01836451686621321,-0.00871443713939811,-0.001747619555545084,-0.011681307866886712,-0.008576853249840099,-0.014511760032332083,-0.013092347657973975
2015-01-29,-0.02178803552843412,-0.006601529126920588,0.003343500392887171,0.008156008570749843,0.011422224277143461,0.009450543845986786,0.0080073877871159,0.01324259591560261,0.008419543715693343,0.013516660257032532
2015-01-30,0.022031068542067805,0.017582020768861523,0.00864081199346007,-0.01637952584741358,-0.01635815069654344,-0.012453571512838704,-0.01815944446434018,-0.02230718436351075,-0.015754769706206664,-0.010941983583688652
2015-02-02,-0.008378450604819716,-0.0037828194581492483,0.030117414371968767,0.01595188073180454,0.014734779591796986,0.010223104277860157,0.01179990652286516,0.004336275203540756,0.005614124832502165,0.00896092746598977
2015-02-03,-0.011254031870982307,-0.021393563745481868,0.026989268290307927,0.016543321938345273,0.016120470694098964,0.011347328192987324,0.008810561909884924,0.0037024463669624278,0.006724213362418439,0.021018516582375444
2015-02-04,0.004368788786280421,0.0017077490944300098,-0.016639586025355563,-0.0025273807805338204,-0.007669869639072766,0.0019600700133659845,0.0004079030885546067,-0.012186588764043379,-0.012627513031411111,0.006633681854802539
2015-02-05,0.0017257602352123193,-0.011040109389892345,0.01426154049933464,0.010071179711290679,0.00855784937877553,0.009259517407123713,0.005085060143953123,0.009102094291231589,0.016754410809206012,0.0061785944134303775
2015-02-06,-0.026204564931172653,-0.017860215827297243,0.00025078672283092757,0.007902272322818114,-0.002310406062461673,-0.0031581100084046446,-0.004473569713730127,-0.042058002634128976,-0.009130009982201847,-0.001506969901339862
2015-02-09,0.004457337052542182,-0.0016048696135706907,0.0010014780629721415,-0.0049834576484470245,-0.002672816780055758,-0.001461196553374944,-0.007568678930209895,-0.00884506050866771,-0.0118205725103001,-0.00384597537841643
2015-02-10,-0.0058912554670822355,-0.007985900605597031,-0.0005007623592605695,0.007878792470245739,0.005515566233954696,0.014754654078001792,0.011635893044853993,0.0203766019155398,0.016681240653776866,0.012174811544666176
2015-02-11,-0.01188773038576783,0.0018483651025417668,-0.007036756923414935,0.0,0.0003546003221939505,0.003834030604790614,0.004657643404081214,-0.02189450867254811,0.0009974016716867557,0.00027146292026690964
2015-02-12,0.0023036284035265445,-0.003314181557502254,0.013029418147225238,0.009864325257137523,0.009356668868636404,0.013540925865710188,0.004635636656243589,-0.004567653409534306,0.0035560505391505704,0.011756091553045798
2015-02-13,0.005439474740014081,-0.010321646330784454,0.020939223197817602,-0.0008178956536776707,0.004558363149359716,0.0063508443466200664,-0.004635636656243539,-0.015378014502529687,0.003966822123836755,0.006026796106944274
2015-02-17,-0.016838734326833322,-0.015170265333042119,0.003042493855789523,0.003268877272817787,0.0013985536156059877,0.00046812959718576787,0.0002020465714349389,-0.0008864166313482017,0.00718562807210605,-0.0022726126590129217
2015-02-18,0.0028404943034607286,0.0059225658648350415,-0.01198030727024563,-0.00613851674509393,0.005573845303918916,0.0009374367248914095,0.005438333735178666,0.023432733724385865,0.0011227899313151525,-0.0005353341468454534
2015-02-19,-0.0034440700358847392,-0.006635699499502856,-0.004684274422426886,-0.004113379055593573,0.0017352672438329668,0.0035059060480762084,-0.006448559170143544,-0.011319053358054752,0.0016813108101181994,0.0030750144599716624
2015-02-20,-0.005708895866845093,0.002928488301302559,-0.004830679815645698,0.007392227854585488,0.00846070828258979,0.005120287849964116,0.0028260841313592394,0.0002189790027321433,0.01044481892117675,0.0070502831156760435
2015-02-23,0.0013003471683988895,0.011392706041554809,-0.004105832680976876,-0.002457771519512864,-0.0043073124768975525,0.0006957122771116931,0.0028190503852474546,0.006761457180491881,0.004561806692784585,-0.0009283621821941739
2015-02-24,-0.0014738237281033374,0.013041193745959105,0.00273921706413966,0.0049096355020177606,0.003963566663792337,0.003010984607537983,0.0034117028635788594,0.0073644997135246925,-0.0012420551959610188,0.0047652952625151885
2015-02-25,0.003810143280624359,0.004309435792449762,0.005455659344952325,0.0,-0.0020662463725906748,-0.006263715590775568,-0.0034117028635789067,-0.016536044770947077,-0.00041425581772815807,0.007629640891854922
2015-02-26,0.003192846928133444,-0.013762588252669936,-0.01872261948521562,-0.00245186398250493,-0.004491109833442175,0.006263715590775452,0.001406447396802781,-0.006604095916427734,0.0027587855264404274,-0.003150211953135836
2015-02-27,0.000775127851616969,0.008372986081976177,-0.004419670535144731,-0.003689640390157452,-0.004685323511157168,-0.0034750420543606707,0.004007012084948429,-0.0011048142277224461,-0.004833468353723928,-0.0013152102255375535
2015-03-02,-0.004140821554351363,-0.018802465815992972,-0.0069842453060383804,0.007365126602740191,0.009176433344599439,0.007859837738168864,0.0017980278939201892,-0.019422284973077953,0.008957522914679657,0.011906756526213974
2015-03-03,-0.0018169945131893267,-0.0036319814626454322,0.003688703906818912,-0.0028574510834422397,-0.00639738308740604,-0.006699946304150507,-0.003799784512092283,0.00606811359855496,-0.009095679112772311,-0.002734940095517221
2015-03-04,-0.0031225683060647487,0.0003159766457013839,-0.0013979007214161147,-0.006151637303477534,-0.007836230774097208,-0.003948564970433201,-0.007037302271107446,-0.005617052346436412,0.0048339449074775425,-0.005230910768912142
2015-03-05,-0.0009560698660537595,-0.0012654945929988087,-0.005993619699251384,0.0041052340287399715,0.0006992359357415833,-0.0011642802368189169,0.0034242804106952873,0.007855362640458602,0.0035755402990968895,0.0006553480408180401
2015-03-06,-0.027684033513420175,-0.02234023805060167,-0.018069614628580144,-0.00740140732580182,-0.013720651811919489,-0.012425208776981896,-0.01969793015582826,-0.030415368941242218,-0.01982687592731487,-0.011994989491532966
2015-03-09,0.0009828943243309087,0.009188601207366068,-0.007189206122861134,0.004529889117202039,0.009343386831753384,0.004706793975404537,0.005522067247657496,0.0018416564689129082,0.006142532774446463,0.005685324648084029
2015-03-10,-0.004924161015297537,0.013072222486181806,-0.014002515465342598,-0.021595470943589015,-0.01859625930095095,-0.020638773746613385,-0.01437992399635251,-0.0018416564689128945,-0.011196710389938353,-0.015681044178321578
2015-03-11,-0.006031419233618187,0.007259401801083079,0.002922371265303678,0.006276634325291469,-0.0010733042570247053,-0.0064929801213567204,-0.00768533356529812,-0.006474164612627936,-0.0005632917886640057,-0.005506346334079483
2015-03-12,-0.0002709060307489861,-0.0007079571013368498,-0.006387388944468479,0.02146249827447116,0.012802591821098238,0.006492980121356625,0.014489958673128137,0.018842303042873137,0.013150809140899685,0.020132487251334926
2015-03-13,0.0014440077763351806,-0.003073099084327849,-0.0037449848642667335,-0.006966208073825318,-0.00922971455958883,-0.005528280179091007,-0.007839741491146187,-0.010296371404831632,-0.0019477612703193115,-0.007951468487204648
2015-03-16,-0.0006315097549611378,0.00958141368670765,0.0134427168441095,0.012260298614606643,0.016447203615901122,0.011741027167667948,0.012146374729430108,0.0171022306530919,0.021900317076977392,0.011640134583177785
2015-03-17,-0.005429372519536307,0.008250668236493723,-0.0038411487230938343,-0.0024401348140615964,-0.004042452841786391,0.00023813884395002186,-0.007187707343061515,-0.0015841605396108554,-0.00286501954167996,-0.005538399610258865
2015-03-18,0.019409393965783985,0.019118590591701855,0.028649887630580226,0.005684178576121367,0.01173119440233858,0.01348326935172805,0.0067783850404538,0.026591153030038065,0.012896454120620007,0.00882118961954906
2015-03-19,-0.000712203624430316,-0.005108451847407569,-0.015990008945073544,-0.009355048496514373,-0.006811718234022091,-0.002823962454527088,-0.004514061102700733,-0.009304584756291596,0.005782643670893281,-0.0014430365973760275
2015-03-20,0.011334565478751316,0.0052604280185325975,0.014603991087939276,0.013485868278462649,0.005635358625855348,0.006438914492518836,0.012459880074936433,0.008954928507844892,0.00720908643516368,0.01106802736545863
2015-03-23,0.006319701703631724,-0.0012170901968565045,-0.003517102095736067,-0.005682186363435371,-0.008438757039236683,0.0,0.0016335637353834577,0.0006668154902347349,-0.0028076225079970312,-0.0016949153746766519
2015-03-24,0.002446901321801825,0.009622387644705327,-0.006676847736248989,-0.00817281447666291,-0.0033602871736022354,-0.0032967284916520616,-0.005728452099409741,-0.011171065058862076,-0.008740932422111882,-0.005232338533189955
2015-03-25,0.001395583828601838,-0.008481480428963673,0.012920479800426437,-0.016132974550404897,-0.017152322390576197,-0.026043704771364955,-0.0024649218557763397,-0.011750856109654574,-0.01840160942394508,-0.016398824402869938
2015-03-26,0.006515812793653495,-0.01571193924962553,-0.0011677011149216249,-0.0008345056096061613,-0.002706661854028127,0.0007257001704115132,-0.004328815430177321,-0.008447105658479611,-0.0023415132896816397,-0.0062859696634395695
2015-03-27,-0.003643673647529427,0.012360320808536348,-0.008212310908433076,-0.0012529147882008513,0.003787245199796691,0.0007255930563297297,0.0061777613994717815,0.005942960737261264,0.007144730708083079,0.005085506629602683
2015-03-30,-0.011450652385538468,-0.004971998494804913,0.021238697999067805,0.014520247503511887,0.01394383241750274,0.012013791110938978,0.010009647316885256,0.012231382209283338,0.010080686796382153,0.010226370271154674
2015-03-31,-0.000791489742224147,0.002145620119997566,-0.005911840554028003,-0.007026617257049945,-0.009991098503293496,-0.010323343202559586,-0.009393671430403271,0.00022514405045775563,-0.017501554876989515,-0.004369555489679957
2015-04-01,0.016924374949796855,0.013049119358541491,-0.0002578079187159427,-0.0008295848831403732,-0.006656636254104078,-0.0014484211436480265,0.0012302909650546141,0.0009002530509131039,-0.010119698966551722,-0.004389650284259543
2015-04-02,-0.002772001936393702,-0.010652827703609917,0.0020609841292052494,0.0049687679196468455,0.0005417342692593387,-0.00024202676473145213,0.006739624821758853,0.0017966747942678185,0.003060507471227102,0.008891139742999012
2015-04-06,0.012156925637931672,-0.005599560424115392,0.0178529222078805,0.0016506854824197218,0.007548137837363253,0.009622489375584702,0.007906794927138262,0.01382119028244915,0.0015270974109048083,0.0047455377771237475
2015-04-07,-0.004982843844589032,0.008349732253854771,0.0006316564866190116,-0.005375154443425584,-0.002330531697131838,-0.002156853252892821,-0.0046557661209750524,-0.011578948174689999,0.0023550735522770727,-0.005538541004801268
2015-04-08,-0.005527256360212914,0.00030548655027820445,-0.008116498040138453,0.0037244689610059977,0.0034043197814432554,0.0031138943616949052,0.0016220771786882213,-0.002915700892745982,0.008405362082660026,0.009344217072031438
2015-04-09,-0.006952344453191511,-0.013049503637933947,0.015917192827761762,0.0016506854824197218,0.004817580652194797,0.002627512007329444,0.0028313643142093337,-0.00427670323962912,0.007518411749037197,0.0009163213351441436
2015-04-10,0.011273125412459931,0.0014670950675733656,0.004377145993475351,-0.00041183527980984293,0.013964041115488122,0.0038095441446302676,0.0018162551272724139,0.007416510345411396,0.00854271596122093,0.003397141375596146
2015-04-13,-0.007182773547924921,0.0013877664221771638,-0.010033099081543437,0.0037058851394138623,-0.009523826522770526,-0.002855512575999071,-0.0046476194414817075,-0.009901302671407125,-0.005415185360433289,-0.005493292954096143
2015-04-14,-0.006098084431298335,0.007062823978218897,0.017863797381455937,0.0,0.0012398831409263988,-0.003103262641586256,0.002225590901405129,0.004963303406690839,0.0016272709766474716,-0.0005246404396779426
2015-04-15,0.008613598755224123,-0.0008419560429376814,0.023614084192914258,0.0036920840034769045,0.0017680599873358205,0.008806465229103848,-0.002833393210492508,0.0024716509439209737,0.0025717379205262127,0.0
2015-04-16,-0.0034713349747602833,-0.004988628479383389,-0.002300570109954226,0.001636796932196762,-0.002122261177559418,-0.003560829859295481,0.0036414912513743052,-0.006530489114365331,-0.0005406541675722222,0.001966378572439872
2015-04-17,0.004942989742755055,0.011400098110184408,-0.007298461011441432,-0.013583363583696894,-0.012112942565947681,-0.013888947069862299,-0.009332580541386106,-0.0036216083581595885,-0.008694266727626071,-0.014908639880451595
2015-04-20,-0.007641555546604684,-0.008864544994799276,0.003777761103031309,0.004135639190203185,0.011581446564100602,0.01697569046145776,0.0034587611221672467,0.014854684824995268,0.006120825968953388,0.010972574348355503
2015-04-21,0.005736617532052148,-0.004538473883833809,-0.010637595779775985,-0.004965074920710135,-0.0012409824703884732,-0.00047431133228877906,0.001826886751035432,-0.008976405216961695,0.006622534412132255,0.001050959882279322
2015-04-22,-0.013524881601083907,-0.015383769689432442,0.0066160169595946335,0.007026617257049886,0.004248190062368303,0.010147729892160933,0.0006079451403847069,0.0020267814570970382,0.0016154641131925823,0.0009187270773769543
2015-04-23,0.007265135996097461,0.004297440145690157,0.006815039587849895,0.001645751932131349,-0.0010603157471521115,0.003983637189328259,-0.0034506471267982874,0.005608577834964479,0.003759604750787613,0.004974017445127945
2015-04-24,-0.014141033700353366,0.006217218888617838,-0.005716457330670915,-0.0016457519321313168,-0.004252459125336652,0.008615852867257334,0.00020316248719781402,0.010016809765106273,-0.003221388592086163,0.013487525398965873
2015-04-27,0.01996737439576267,0.0,-0.0010985822571790002,-0.0037134716137557835,-0.0003552510688502545,0.002778157766375942,-0.005503792726815879,-0.012032244247778075,-0.018314544474689717,-0.008798293878590024
2015-04-28,0.008633395454348151,-0.013887543977687595,0.004994015439664,0.005770772735236138,0.0017748299914515603,0.003231842154473415,0.0010214199877781691,0.007147301011722917,0.004916972307989789,-0.003514748310684463
2015-04-29,-0.007073870774361329,-0.012330842765409866,0.007746489862941455,-0.00041154918934901264,-0.004976871405173237,-0.004851688490885523,-0.009025790499177863,-0.004237413310071576,-0.009170189328659067,-0.006804292914663935
2015-04-30,-0.017818629233654435,0.001748559905176225,-0.0031399292939050215,-0.007842933458674121,-0.008769720686611407,-0.013992544179708579,-0.0033024474791726903,-0.011690948997161778,-0.014123888299477048,-0.011223691485076912
2015-05-01,-0.0034429465428856974,-0.0135531804247043,0.0022958451486566347,0.008665506639859655,0.012504673822387494,0.012138158782761536,0.009055721630120065,0.005638279556344046,0.013436277568540125,0.013715086065420877
2015-05-04,0.00897969447690872,-0.009480504104756381,-0.002537677269977464,0.009811646880584345,0.0015963748942361899,0.0009275220546778363,0.0014329784802437821,0.0073927599413977155,0.00630924363071355,0.002093408276568427
2015-05-05,0.0028006293425995657,-0.0013852658803126066,-0.012416331684326496,-0.008990579508596767,-0.013561720490539088,-0.015652310470019196,-0.00801094802033184,-0.022574230872737844,-0.012658293270821694,-0.010511142138073816
2015-05-06,-0.0005245000462394876,-0.017268111123505,-0.003927566354162734,-0.0049379765032378535,-0.0005393282260845826,-0.008512812246705938,0.0030885553914115982,-0.005494386969343294,-0.0038844819224735003,-0.004103033181551498
2015-05-07,-0.008253646349355593,0.013347633844396654,-0.010880590102671471,0.006988410102625256,0.00519923045559599,0.007334512333531397,0.0024641202298258526,0.003666546313483973,0.004714924960205162,0.005159076347797825
2015-05-08,0.0048375401365222245,0.00269727968103456,0.01627688171027706,0.01423662518483108,0.011734024207030968,0.014277599898890686,0.008373608846100384,0.0070650043600220536,0.01605715006950561,0.010630472311748369
2015-05-11,-0.003868158154194018,-0.024625227216405022,-0.019015260826406668,-0.003641526304018603,-0.0008844442831496287,-0.005125860674964511,-0.004075798579019281,-0.006836877697066665,0.0005444355977875466,-0.004448344187035609
2015-05-12,0.008507714570103646,0.002590677266676808,0.004601618045238155,-0.003654952971603185,-0.001062087154733292,-0.005386809678171962,-0.0022489002442229733,-0.001143830442198112,-0.006415319929338885,-0.001837657711544806
2015-05-13,0.017745568671579635,-0.008043736761115118,-0.0026092728715820996,0.0004068444827331945,0.0021229654219550725,0.004218379882487403,-0.00040911140841539176,-0.009892975059324193,0.0010946681665200556,-0.006325424394760901
2015-05-14,0.005390825055101934,0.002688006497888864,-0.0003732257875856033,0.008907093120545622,0.010022117534145027,0.016007722739350992,0.015239304091426842,0.011494518435372122,0.013721842254572196,0.0044846100684012855
2015-05-15,0.0029823930374759115,0.01985217323470882,0.003974813258436742,-0.004443746457066008,-0.0008753035269305372,-0.0032272719512766025,0.0032212291471933594,0.01294414875184707,0.0020216793652745252,0.00799644973307965
2015-05-18,-8.510645761585739e-05,-0.016919763103754926,0.0008671669575168143,0.005651898693701215,0.0019241705253038722,0.004837060384686546,-0.003221229147193479,0.0038287488257617865,0.005907965539729349,0.0037792316271330726
2015-05-19,-0.013967043221181913,-0.008905953310775835,-0.014345847815473224,0.00562013418058579,-0.002799833983729575,-0.002530789573879233,-0.0026248396090907226,0.002245078699596548,0.004674824805443054,-0.00026002414496441274
2015-05-20,0.0016381642703537944,0.001686453890405626,0.001883341010867593,-0.0028060029399789264,-0.003687081356322185,0.0006909052106054397,-0.0022265954510598015,0.001568518828251714,0.0013313034209992895,-0.0011717309842573095
2015-05-21,-0.0033654032062089196,0.013888941194025747,0.009361740241465612,-0.002411660508875989,0.005438048341678401,0.004364285206417366,0.0022265954510598067,-0.0004480799538734327,0.00013327033706658946,0.003900070164686052
2015-05-22,-0.000778278105166292,0.00041579174347432355,-0.003609876120476137,0.00040254111443812593,-0.004558906878327588,-0.0006880942917899741,-0.004255037139080873,-0.0015694053534182518,-0.0023979873112672493,-0.0016882005059850977
2015-05-26,-0.014727247977664972,0.016964684117180384,-0.015962406850932177,-0.011327101686083014,-0.01095626699801813,-0.014554692952657287,-0.007950315934839938,-0.006301693105518328,-0.010187734215805412,-0.007174308110569
2015-05-27,-0.00017563013383993815,0.0022837605467230385,-0.0017749109464270708,0.010924560571644823,0.00637623531879586,0.018674788215564855,0.006324698823242243,0.004056155297746797,0.01152046287363831,0.007434285673866687
2015-05-28,0.0011407772346871212,-0.002447140444818928,-0.003942469781398431,-0.0012074331203557774,-0.004778525655509266,-0.002057826512955512,-0.0014248332273139454,0.00224553780777144,0.0006653334453207329,-0.0016906153960619676
2015-05-29,0.0007014013330434771,0.002202408645883605,-0.0011471534625773362,-0.008903486563252653,-0.009984224759408454,-0.007351514902695946,-0.006333640746005844,-0.0015716278828650189,-0.002531553600269393,-0.006922389561270938
2015-06-01,-0.0008767951003625541,-0.01080565210878798,-0.0025546719341373167,0.0008125102854086979,0.004469752937937347,0.0027633048458029093,0.0,0.001347679148436739,0.003994813323535975,0.0028798521475632667
2015-06-02,0.0040269605877943865,-0.01404991044564297,0.006882557308259876,0.0016229256377282308,0.001960174703135195,-0.002071862328334906,-0.0026677263452324768,-0.013329376761882662,-0.006533281649582944,0.002218638023681803
2015-06-03,-0.0071898573672245485,-0.016206044062768137,-0.006882557308259898,0.008480520118566735,0.00497253560024308,0.0020718623283349875,-0.0006171990037466069,-0.014892812329370618,0.0018711423708327078,0.007793524177296112
2015-06-04,-0.0070646979352704175,0.0129350832153757,-0.01364933294726257,-0.00888609252257627,-0.01122309601280783,-0.009240062212631262,-0.007223120860364879,-0.0013862821478182591,-0.006968415527505415,-0.007142038034296354
2015-06-05,-0.005331436918291616,-0.012254525099817396,0.006976662623086281,0.0056639149202468994,0.0007163160871686595,-0.0032546822114650343,-0.014394248709559522,-0.012561176973811525,-0.0004031897830504392,-0.002870124166681411
2015-06-08,0.0029358308942225293,-0.0011063292690750566,-0.005681109436163518,-0.0060690659441322145,-0.007366720178092735,-0.011238141508144549,-0.00042056845682979054,-0.005869162067573208,-0.004989550482514817,-0.007082620643219921
2015-06-09,0.002218377951124773,-0.007948007993255556,-0.00012928888496741313,0.002431837762933984,-0.00018031290493370034,-0.002357580602813823,0.004823271283335704,-0.0023575365870648303,-0.0002702286715205296,-0.001053401113051906
2015-06-10,0.008473122987024092,-0.00879040672186205,0.012227196869464595,0.014070414726643582,0.009871730378392833,0.015456880588530005,0.009784447796594086,0.004944327693255724,0.012230506095617988,0.010224334055822822
2015-06-11,-0.004580669046919169,0.020816916354092774,-0.004487401568690381,0.00398416915924124,0.005698823127643776,0.0004648244092429671,-0.00041432488619968166,0.007953087547851649,0.006789712142367283,0.0033848629469211233
2015-06-12,-0.0002649015739744977,0.0,-0.011242753312328114,-0.004383310606916696,-0.005877396830183764,-0.008866486856565227,-0.003945416402750149,-0.008893063587787948,-0.012416244311756535,-0.0045593461566123495
2015-06-15,0.004406069740065375,0.0016092357030067267,-0.00234185936066147,-0.00440237699117221,-0.008431397621254276,-0.00611162102957177,-0.007309634650252784,-0.0016468150662546522,0.0012085638845290487,-0.004711549896310373
2015-06-16,-0.0036115754437751487,0.007841482010986526,0.0077852179756694034,0.005599784419017904,0.0009002708067589955,0.006580873999656493,0.010840236499089927,0.004697891042349748,0.004952213079506842,0.006016358830132329
2015-06-17,0.004666106837939518,-0.007756603799356177,-0.002458869532887215,-0.0011974074278457126,0.0026961263889170935,0.00046791639130082635,0.005376473241897858,0.008401755294647092,0.0009339827683320163,0.0045538614183225435
2015-06-18,0.012829091016651683,-0.004920990656740392,-0.0006477953725222641,0.009143386028913507,0.010002055149285998,0.008858016819829782,0.011074793461847284,0.013159630240491929,0.014040034375428008,0.011998976886507222
2015-06-19,-0.0017357836863242562,0.012761462462489437,-0.009322602812359472,-0.016833496588356065,-0.004869808939232845,-0.008357246754906796,-0.0013962290944398827,-0.009698378380414055,-0.0007787466799007164,-0.003518211051915193
2015-06-22,-0.012939534822473215,-0.020617505662694182,0.012176554469992143,0.015242568656926471,0.006083461673636097,0.008193853371793722,0.0038971354402822576,-0.0014031008942663194,0.0077626413001580675,0.005535886407714402
2015-06-23,-0.006621663748214055,-0.006018948409295506,0.003248231651034335,0.0019880363113620237,-0.0025004987202937633,0.0006991645163566038,-0.004308635370622872,-0.013666740105796882,0.0019638928130843425,0.003973136776041009
2015-06-24,-0.002661018577875129,0.008587271974371967,-0.006245786992111303,-0.008377755910864332,-0.00934229041347568,-0.004670558917243609,-0.004532884621522168,-0.007859381247743755,-0.010122612049328693,-0.006930562166538208
2015-06-25,-0.0013331015376762336,-0.0035119132549990264,-0.01023371499106109,-0.006027939251754868,-0.007792229713037621,-0.0023437890789601,-0.0018603337814776558,-0.006718266929871517,0.005534221409514272,-0.0007729621082900919
2015-06-26,0.0010666233650126517,-0.011304341487892222,0.0032915013508330745,0.003219568448017427,0.0018176543161614255,-0.008482357050269526,0.0020668823364638285,0.006000207075780192,-0.0014469012638902222,0.003987405464964922
2015-06-29,0.004520702131842444,0.026123968351129408,-0.019108972624158015,-0.02440133384926918,-0.019065471135505243,-0.021526953537344233,-0.015607562019972644,-0.005278669859718154,-0.024781593676344648,-0.022852331865426775
2015-06-30,-0.006210070886037271,-0.006956372393277052,0.006942628240387107,0.0036980035354193517,0.0005550308705271596,0.0009667835034032954,-0.0016796169492397982,-0.002649398582349423,0.0035013878403634268,0.004455618580728077
2015-07-01,-0.0034767084633964165,-0.013589959230099534,-0.01285531061218088,0.015062468065333396,0.0049821440749981205,0.00674019708737241,0.012733858702126807,0.00601175106606067,0.010696798711900084,0.011311359856239368
2015-07-02,-0.001966579835569142,0.00328166397525226,0.004437628818348638,-0.004454361757802572,-0.0018426895927144955,0.0014388055493821173,-0.0008300126454163918,0.012389899187775192,-0.004666008855965417,-0.0019408106769944285
2015-07-06,0.002680686287387427,0.018364734476758193,-0.0132361084961726,-0.004066283833580914,-0.003879649655869073,-0.004080931701289386,-0.0008301744228052299,0.004017869412347522,-0.0004005614495343639,-0.001945252952708208
2015-07-07,-0.011668702760757443,0.009351028972043533,0.009068313490885051,0.00203497491983063,0.008111913721798796,0.0014420910107589477,0.020360201191623708,0.02446219413910644,0.004800305077073624,0.008658081944376096
2015-07-08,0.002974933038600357,0.008599508534962556,-0.02041735913804065,-0.017641334599045357,-0.018158848950408556,-0.01646910876354061,-0.011260216813863015,-0.005307167043790929,-0.017310127539247305,-0.019226134211736842
2015-07-09,0.002427551438613741,-0.019900002454305753,0.005075344755237524,0.007832797871926821,0.002427853695984315,-0.0039147605997872,0.0008230752144096632,-0.011168215650823704,0.005399837472294525,0.004188449223451494
2015-07-10,0.001166679551747385,-0.01598460676090616,0.005457717778291386,0.011839845640868575,0.010391673039108942,0.01580924473096525,0.011657945983249847,0.0053667992902374315,0.013372781951579179,0.014394687284877094
2015-07-13,-0.004494793701909413,-0.003106809886267247,0.007050886578188496,0.012101612395704182,0.011015561068725577,0.015088154270161252,0.0093098361972849,0.00046568226912772,0.008465721575288472,0.014316322639205062
2015-07-14,-0.00225499581251802,0.0032787920081942573,0.007135848036263074,0.002403100316202223,0.002734592670704531,0.003796288730363596,0.0016104423105945478,-0.0013970075610530103,0.009960792198969896,0.0012682990381713735
2015-07-15,-0.005251204440368342,0.010541078621821479,-0.017731229095508495,0.008364750883880459,-0.004196573027256171,0.00023716056888080568,-0.002618210544708935,0.004879450567332574,0.0013031250454950635,-0.0010144669591962644
2015-07-16,-0.003637704223631776,0.00688220089709039,0.001365092316527931,0.009868432829345767,0.004560884550019094,0.012702776093099695,0.010231628848379899,0.01472667015762888,0.00467766509358866,0.006072179338275802
2015-07-17,-0.010164462693893218,0.005150859617845737,-0.012211172277805661,-0.0027538208919337657,-0.0003643115227629602,0.015309673654927088,-0.0005984998735650932,-0.009870478018027064,-0.0022061117745442844,-0.0017668628004716494
2015-07-20,-0.027526856742112225,-0.00421984428958431,-0.013341319215173257,0.0011812022974059734,0.00018229852750842576,0.005280971846717078,0.0017956413476148774,-0.005087353425032241,0.0032427462524073428,0.0005051830138558428
2015-07-21,-0.003126872326802464,0.005398136805066121,0.0004197932192892143,-0.0011812022974059502,-0.01079910685442288,-0.006662934450261021,-0.0023953117549136375,-0.009083763280214305,-0.0044127518280797804,-0.0031621053289015762
2015-07-22,-0.005424190670740563,0.006206722679746672,-0.008143627187553555,0.007455880623480494,-0.0044261794631793175,-0.016268208843625453,0.0021959889655821093,0.004435473998312319,0.002209046681903347,0.004801946398180895
2015-07-23,-0.00449483097628429,0.012381692525315202,-0.000846301620929382,-0.008638026351996527,-0.009285109330517051,-0.0021106757865962675,-0.003796023036774067,-0.015020198000693805,-0.0036409018160802084,-0.005942978498445398
2015-07-24,0.009729155735814213,0.0024743632157630292,-0.019376818804803183,-0.00950861539512441,-0.013146083970527455,-0.00541514808603861,-0.005620417667289928,0.0009459220816658583,-0.025327716584942067,0.0
2015-07-27,-0.004661992801277996,0.005340377807030579,-0.014490732282260802,-0.007191702013854274,-0.004926940243226992,-0.009011011174080938,-0.0006035612134801238,0.012675816759196996,-0.0009354996314836999,-0.007510397072946007
2015-07-28,0.0015246432799856059,-0.00731941239755929,0.028207494908163336,0.0040017735502074535,0.01919150390117356,0.009011011174081091,0.011215747828999497,0.0046540285150820345,0.01789173916547724,0.007763927236994322
2015-07-29,0.0014272948765042632,-0.003721471743667514,0.01353049995976267,0.00993464338214835,0.01222481449540999,0.0065885543436034035,0.003379967398134611,0.003707976939172229,0.0017061730664765025,0.01021777197043508
2015-07-30,-0.008594414514633502,0.0076758865095702565,-0.007024142159932731,0.0,-0.0009207922765521344,0.0018741665080775438,-0.003379967398134562,0.00737495977009649,-0.0014435045650100847,0.0036333616603049395
2015-07-31,0.006309807471318708,0.007372042263409044,-0.02209510888774992,-0.0031685657322731335,-0.0009219817910948175,-0.0032824801450133216,0.001989266785374166,0.01005292362012822,0.00576143890722316,0.0031211201193871584
2015-08-03,-0.007941503115089978,0.0104710771238217,-0.021267807650818857,-0.0011905912530375399,-0.004806703380690071,-0.005416321842441189,0.0013907006127602737,0.005215001242357291,-0.000783563457327475,-0.003371591686539839
2015-08-04,0.002015250319480653,-0.007962857844704746,-0.0033923274177654113,-0.0015897775860491742,-0.0005562312300816719,-0.0059203175773993215,0.0,-0.016186345971937677,-0.0005227368129107915,0.004243950588315264
2015-08-05,-0.0036496127458960333,-0.007534557207694886,-0.007562791794007406,0.003969999883804171,0.005547416026155866,0.009691349981954213,0.00869543852514206,0.0025249127951004827,0.008332179633481835,-0.01089511831236495
2015-08-06,0.004416281036678492,0.008839022853876884,0.015801548524844347,-0.0035725756812933977,-0.005176246799010342,-0.009929196780622157,-0.00750514825794099,0.005258996948702604,-0.02202238001438409,-0.013691719442513349
2015-08-07,0.0024875838994236877,0.013032461113347256,-0.018037043755338742,0.001986466534002671,-0.0048313318548575054,0.0007122436975958423,-0.005566680787459284,0.012239716447372312,-0.0017243243580706098,-0.0007664801684589889
2015-08-10,0.010172637809864738,-0.012462501586171314,0.031427135743587076,0.009478458743980697,0.019367910014529505,0.015548323479122212,0.003780310109417545,-0.0040635872621912735,0.008066050722635198,0.008015899075203947
2015-08-11,0.005094839843947603,0.015754792624978357,0.001877750810445438,-0.00908198064140739,-0.01231501489941956,-0.015073332239910878,-0.0035809257901160364,0.004964112532354181,-0.008464058894716405,-0.009038385024495433
2015-08-12,0.013924787857253592,-0.00546597758553028,0.018018337935719327,-0.009164989387522793,0.00018490768809813343,0.004498497947945069,0.0005980157352703015,0.017624714304841988,0.0006633194987416723,-0.00435729434808104
2015-08-13,-0.008294156742538458,-0.0032292145168538156,-0.015280344213815732,0.0035962703484240855,-0.0007399214885784026,-0.0028388766234559745,-0.003992053245922361,0.00022053810314018505,-0.0022589399887651363,0.00576292945492335
2015-08-14,-9.36047567321894e-05,0.0023420576286534035,-0.0021611863561432896,0.0071544276682698445,0.006271737748909695,0.004962808575562932,0.003194653191350599,0.00748889452340881,0.00278971451572367,0.0006385113930616265
2015-08-17,0.002617057152037559,0.0045075401522669855,0.002161186356143253,0.0019781518056742465,0.00495290104328518,0.0056420313359281495,0.000996423122123606,0.0048167322613564675,0.010031914734038007,0.009525705217385093
2015-08-18,-0.00018667516172380682,-0.007900746023684298,-0.0037486521555481745,-0.0007907457248411044,-0.0018312977540164445,-0.0051703985823254965,-0.004991768948229316,-0.002405348061142889,-0.0014456014388408557,0.0008848104032738773
2015-08-19,0.013354574963244315,0.009826617558166028,-0.02797685108898834,-0.009139607459101624,-0.009393341038178462,-0.006619808734627977,-0.009249826912283267,0.004150477899393264,-0.004085526249823778,-0.0017697530089384379
2015-08-20,0.017261484729986225,0.010048113259752404,-0.02283771212968434,-0.021385320114864707,-0.020942993339943726,-0.024733947280774504,-0.009132351755083177,-0.0059034631035399425,-0.02351809214486942,-0.028489179588048988
2015-08-21,0.006228253314387141,0.003010803333580547,-0.035579958371959285,-0.03654841799394163,-0.027976771118594566,-0.03891921939138224,-0.027699670191858414,-0.012134726301972888,-0.031034075437682582,-0.03254687346379624
2015-08-24,-0.005413696203742748,-0.000316247178920384,-0.05519628415383707,-0.04366381059984451,-0.03620911214827225,-0.040232193383953084,-0.035413169059270194,-0.03823555503664978,-0.04346929490788431,-0.04076047349028769
2015-08-25,-0.012472236890549283,-0.016195454940023696,-0.014584104954804463,-0.013345245503842718,-0.013183557938320616,-0.007926470141158569,-0.007629418697674411,-0.031153605753443274,-0.010101823593863614,-0.004070203464024507
2015-08-26,-0.013743752566773794,-0.01949241500918528,0.033867411119006416,0.0369265444515133,0.030759286338008902,0.049168977844291056,0.029112702557019785,0.017686968194964972,0.0413632645358956,0.037271431592061685
2015-08-27,0.0005571512452685862,0.0005738670397885926,0.04827719600388181,0.024303459640513503,0.023866592947333377,0.022966491084843037,0.014558619661867512,0.01161983342025598,0.019296006023327976,0.023170882925482562
2015-08-28,0.00896363798539394,0.0029469305888658315,0.022455537673432613,-0.0046440669285677996,0.0003864156593663488,0.001972871169716708,-0.0020968941578224597,-0.0030080145632177357,-0.00569400784017635,0.00039686939406213107
2015-08-31,0.0011033722012556138,-0.007712319551654822,0.010289126686897132,-0.00849988710068638,-0.008928530647767313,-0.009155323648088092,-0.006951028000906709,-0.016120271691590818,-0.018413487180201863,-0.007705591855509118
2015-09-01,0.0034858971109339417,0.0071796156114158766,-0.03586037948945439,-0.032974852977984345,-0.02687378802096496,-0.032590940810970144,-0.020716215751978188,-0.027457873559535495,-0.026595360194841204,-0.025666185762396015
2015-09-02,-0.005325457471451406,-0.008641033103506512,0.009163841882893374,0.013581870315911088,0.021987720173406815,0.023853478995700814,0.013503716466942813,0.0007262701342521114,0.02033332461511114,0.020853557389786347
2015-09-03,-0.0072069646875859315,0.004864770337914998,0.0027788335698826208,0.005640577604114076,0.0005874454721848082,0.0007512658695871522,0.006789899047985891,0.004585339809943954,-0.007162877319287204,0.0004019381844220566
2015-09-04,-0.003250813094055246,0.009089152065923365,-0.016634342330643058,-0.0201048434952433,-0.014000017200723025,-0.015402175004654137,-0.01641675220003358,-0.013820370930537286,-0.012587878827222548,-0.010774533296725428
2015-09-08,0.0002790454421465056,-0.01486424105272715,0.015554823249341274,0.025284493560463035,0.027227170223863666,0.027605267722750973,0.020637306598268818,0.021018335017351977,0.02757178903146414,0.02289081534042225
2015-09-09,-0.013012113659039995,0.004787755904685031,-0.019009852903047908,-0.013870942682756992,-0.010684784132708368,-0.013205447225997674,-0.016561260193660193,-0.012509574031010832,-0.015559123637166255,-0.010777921532308514
2015-09-10,0.002352831601258748,-0.0067751923176383394,0.005803568744875773,0.004789980719946803,0.000585790673322417,0.009982797402598144,0.0017112663202870691,-0.0016956173536158924,0.009592214633247657,0.0028061024018338943
2015-09-11,-0.0020701389754934985,0.00628044080556013,-0.008954628342649085,0.0043345714223104615,0.005450416988842148,0.0047069003117557965,0.0066031624714391465,0.007488728428368944,0.006392126396660649,0.0074429279255814945
2015-09-14,0.0005650019663848919,0.0015642831669869174,-0.008716916805970793,-0.002164750223337472,-0.005060140530552644,-0.0024747622624651596,-0.0031893901505416953,0.002404163502496579,-0.0031196183218409413,-0.005310979405905905
2015-09-15,-0.003017159470430642,-0.01935042283194978,0.011081003529364065,0.014202735053348379,0.01721692197038531,0.012801807744849986,0.011856828474243374,0.005268039483356157,0.01424208602499398,0.010461879535221177
2015-09-16,0.013226552172031262,-0.0037804298789692542,0.027943660927852627,0.006389696758903051,0.0072615355727373284,0.004149669867724426,0.011301866657067044,0.009980950886025146,0.0027971282914163596,0.01126504196916443
2015-09-17,0.01019855026531129,0.012130841133348304,-0.0006128551466804005,-0.01411175571024607,-0.00438902832938061,-0.006844310428923512,0.0,0.013621738840862893,0.009034294796616873,0.0026020521430456136
2015-09-18,0.007352256373074212,0.0152674928363434,-0.02661562680359505,-0.019534493202020137,-0.022340029402126593,-0.01306937398724159,-0.011629417906446768,-0.005643559130563164,-0.015379813546914102,-0.016051371314356005
2015-09-21,-0.006246004616141289,-0.01643180187481903,0.005689254935361722,0.011408824857526699,0.004903469608377416,0.009935694520876058,0.007389570461166782,0.004017814960729104,-0.013344596599836797,0.008708290566029585
2015-09-22,-0.006841722923155944,0.013807886825011651,-0.010613843334886807,-0.012733482394840739,-0.014584670442220837,-0.016949575557372334,-0.010998552399593239,-0.012579212480852076,-0.00616459609821833,-0.013357387985582963
2015-09-23,0.00398130520726097,-8.189489094740945e-05,-0.012984499867153098,0.0004415579603916795,-0.0069727699918114595,0.0025104239299741675,0.0017000363546227069,0.0026234586877603534,-0.0010074511835978003,-0.0026659072528806157
2015-09-24,0.02075879629651267,0.006792650267110246,0.0043471757161514316,-0.0070923767111464725,-0.006216531021854916,0.0,0.001697044157072643,0.008066931599041966,-0.010272586897860288,-0.002673948709409345
2015-09-25,-0.006173422414314158,-0.008683494439079691,0.001925562430667179,0.014573385619275995,0.0020095223993505133,-0.0017564405432090502,0.006338548079429889,0.009641393475144271,-0.0277222786047995,-0.00013377086763946658
2015-09-28,-0.012739020432957309,0.016969180769607205,-0.04074161007018666,-0.023509766758834143,-0.01987064377120672,-0.023124068378069792,-0.014852608024527092,-0.004926701000466214,-0.039495757135989226,-0.02920385435350598
2015-09-29,-0.004066501065043694,0.00282685354684619,-0.0015041752048802956,0.0017939198986624129,0.006531881641054019,-0.004379678678673719,-0.00042788703938754314,0.00023510820891386623,0.009135472916690349,-0.0033137042946545774
2015-09-30,-0.010426483637297347,-0.003474188693365738,0.02330866063283199,0.01511793752896473,0.014943625001556266,0.01968590535873403,0.009153848411215896,0.017711914454111233,0.020594029738829456,0.026610400632237803
2015-10-01,-0.0012172598628681067,0.004257453208813531,0.001958851654000715,0.0004414783594418809,-0.0022071664469128643,0.0005062815555470947,0.0,-0.011850729863794977,0.010065457309241067,0.007378911259451073
2015-10-02,0.02095380292252649,0.006038931833463314,0.04043067904593787,0.001322258605478348,0.01257600565745279,0.014070449365687274,0.013680058564219484,0.013235737929772427,0.02056442145578462,0.014201664479314048
2015-10-05,-0.0020205850578976945,-0.013660390574711289,0.02977945970743933,0.020924909781384723,0.027972781930335113,0.019518661037538215,0.016995410011366913,0.012835901891970562,0.0026321568635605795,0.014652260809653895
2015-10-06,0.009971303227116472,0.004304577128401809,0.021952491025893174,-0.004756701607282663,-0.0009652665789275969,0.001222943348382557,-0.0068053354816216775,-0.006856105051793409,-0.0237944619406104,-0.007430540964563701
2015-10-07,-0.0014574940081346366,-0.003328669950300164,0.012561238588598166,0.007771865750640944,0.013044887120168451,0.004632254901803874,0.009063251745706633,-0.0034456072630478017,0.015876646788384338,0.0033962312806959855
2015-10-08,-0.00511788329634804,-0.008409804371571836,0.0189129614901002,0.00600361903992472,0.013816448607496722,0.004611104067386257,0.011822452673632052,0.01234872558264524,0.002939954945167905,0.012182616105295672
2015-10-09,0.015726912391542704,0.0026207444293446258,-0.006506202509781199,-0.00643395884546824,0.003377762905704631,0.004349057086365732,0.0022263818635019517,-0.004783853704917611,0.004539482280638863,0.0011588940628438037
2015-10-12,0.0039607110144831365,0.0075764048918322505,-0.012994129405673025,0.0008604329994406945,0.00018741024195426857,0.0012043486978089957,0.00262497046844357,0.00886662081572577,0.0026270585006387087,0.004748749562860433
2015-10-13,0.004929015278091019,0.0017031081906450263,-0.010488118693058757,-0.007768944678398941,-0.010733269850468555,-0.0021698061342637714,-0.006067620799780861,-0.002266179378986781,-0.01261201313705417,-0.005392303720336223
2015-10-14,0.017282274992371418,0.008712634180362664,0.008576157845785337,-0.008265817830688502,-0.010850603560677715,-0.0019315343548562639,-0.011631783638400445,-0.00022677952612949894,-0.0019207186536658216,-0.010223154893336894
2015-10-15,-0.004579458875531807,-0.004911626198178962,0.017802860266701696,0.022463022178549993,0.010850603560677656,0.012732865654255465,0.008990508303461675,0.014641592245608346,0.022081815725813275,0.012923106016610932
2015-10-16,-0.0070866011523386205,0.000322426236212328,0.001300809665187614,0.005962707069408479,-0.00512487453243689,0.001908143229097523,0.009515069898237532,0.0013407494840692417,0.008927431261418362,0.005250821356890044
2015-10-19,-0.00418691299991518,-0.0027470937342953415,-0.019987618149600206,-0.000850136647309586,0.001330693816695314,0.0038044802652963433,0.004422983266148693,0.0006694629924879457,0.003577447321214869,0.004714691964963222
2015-10-20,0.006318212020552837,-0.006167992438363779,0.002795909064984512,0.005932510986568941,0.006629726377369612,-0.0026139798808242553,-0.0006017991768588908,0.00334203342914769,-0.015836751873383365,-0.001272453588786202
2015-10-21,-0.008910332230671142,0.00988322880330257,-0.012420084368884556,-0.0072079160713162125,0.00018868719272042771,-0.007644859412112463,0.00020097759866404775,-0.00200373669922393,-0.009038048082122954,-0.004464796801357246
2015-10-22,-0.0003580781927906322,0.0016913376327849922,0.017842542889806037,0.016040461211509493,0.027552143951421856,0.022291736682969902,0.01967235518079711,0.011522430238266467,-0.006022116666540599,0.013083801112638098
2015-10-23,-0.0017026075113334975,-0.008567132072748184,-0.0023407951389887677,0.010829523636395156,0.0036656344025120463,0.027525939900174445,-0.0015751982342935248,-0.017782337571849584,0.021136388516448584,0.004909755538941042
2015-10-26,-0.0006279971024889811,0.006633598712653857,-0.024769749428269705,-0.004151503251493558,-0.0021977846758754736,-0.003886093554440295,-0.001972692812926058,-0.003594874415506917,0.003886732726295679,0.007008065367936712
2015-10-27,0.002241047948969033,0.002497062176862043,-0.01208666163819382,-0.0058402787700486,-0.011061966444371666,-0.005743041156159128,0.001381353189597076,-0.0036070001365738295,0.018223526174258712,-0.004750269238289745
2015-10-28,-0.008091400160860905,-0.0040300973692818185,0.02194911280823316,0.0231599108129167,0.007940026653467666,0.01486262149844985,-0.005735384724105168,-0.010673813019712614,0.008289814484231545,0.009477125142993174
2015-10-29,-0.009614564390769178,-0.016036229136936038,0.005043250349282127,-0.0012268830865245013,-0.0005516054317932468,-0.0027273184451640205,0.00039643251295782796,-0.005724300668199122,0.004467482844933449,0.002850606567353602
2015-10-30,-0.0038352540915995007,0.007520779164449561,0.006488698116003731,-0.014430292744145671,-0.0012891388949955232,-0.00662136714079104,-0.01116399917631695,0.004582144350319299,-0.00628789725671375,0.0021022553632832745
2015-11-02,-0.006517134598801483,-0.00460575308633087,0.023103239086638302,0.01361137737106214,0.011542018791509403,0.008894876367732011,0.00599596524644394,0.001142156317879743,0.02108234370457841,0.004559102398211405
2015-11-03,-0.014937356022442439,-0.008234297904450273,0.025245736829583455,0.0016370436609335255,0.0007278517666088475,0.005208596970159133,-0.004794276670429856,0.002963649302429632,-0.0035746904920543497,0.003804011781036348
2015-11-04,-0.009485885776108033,0.001156984463887186,-0.009003776742687273,-0.002866675512147875,-0.0027339834526602714,0.0011289755756585045,-0.004213917612172794,0.005222219594337324,-0.004417591520521621,-0.00651225516718787
2015-11-05,-0.0031189650547963797,-0.002646021676007994,-0.008515297811962556,0.004093023348800669,0.001276995818723248,-0.002937505725441736,-0.00020087431653928507,-0.008642745590612391,-0.003186961525904727,0.003568201758588569
2015-11-06,-0.014685120688170974,-0.014764602778444859,-0.0051449689292862085,0.010161073970845555,0.0,0.003388933098367408,-0.010920300282041575,-0.03557274329846273,-0.004172476770282035,0.00012274585108972274
2015-11-09,0.0028777291011320622,-0.005645584477713275,-0.00993438221901439,-0.01097866700882358,-0.007685453388327359,-0.009745306890135648,-0.006732415101947824,0.0026004609226390435,-0.007695244288265199,-0.013850994822429373
2015-11-10,-0.002109514817878502,0.002952855563714558,0.0021681287306230122,0.004487522272302431,-0.0001838797104305797,-0.006626594198674236,0.0026576018200810156,0.00893061476055547,0.006719156212700226,0.009420093546534978
2015-11-11,-0.0033652112958740313,-0.002108119730127376,-0.021452834191194932,-0.003261324840471317,0.0012855209143987718,-0.0004582894162062008,-0.0014299719747361082,0.008619797229889809,-0.009954409652445288,-0.005938999147700712
2015-11-12,0.00019257167853267603,0.004800848644126239,-0.022979425152779672,-0.015223557612157577,-0.01367115989372916,-0.008753906203338128,-0.013586281407600202,-0.009555937293918824,-0.017483703454148642,-0.009351389008811628
2015-11-13,-0.0027964043204795914,0.005698151003353694,-0.004083552667548519,-0.008326467074249746,-0.004473899733221148,-0.019863040567768213,-0.008742989933518602,-0.0037545405937813737,-0.002440542213615271,-0.02665761384200249
2015-11-16,0.001447402465342363,-0.0009192140478569041,0.03279955819576952,0.012050832653914647,0.012809676315710304,0.015224971791824355,0.016998727058532906,0.0167835161636895,0.012428067844160449,0.012020044008648851
2015-11-17,-0.013297966180688193,0.001670833312717619,-0.011061214033760718,-0.0020671819367172133,-0.0020310983701685385,0.00023226029713511719,-0.0004111254206258994,-0.0181947891382793,0.004249909723161987,0.0019048112814369696
2015-11-18,0.0008790738346113607,0.002084985618638182,0.016327598972616555,0.017641516244776,0.013768073427544776,0.014992793797787568,0.01368356050563082,0.00633578934935805,0.019320194573754626,0.016982824188684978
2015-11-19,0.010971489880734538,0.006644109327304926,-0.013513885980283599,0.0016251860392402214,0.0043657372345761334,0.004568344406869901,0.0026334782905175474,0.01070288654848273,-0.01692009786427539,0.0012460631887003205
2015-11-20,-0.004548773723664427,-0.0030676437489133433,-0.010704846729332852,0.0016227810306167002,0.005069705218052942,0.007266334253193441,-0.00710570929209885,0.004157009822169915,0.008565366684163281,0.0118892515128352
2015-11-23,-0.00808374704283305,0.003067643748913427,0.007149224399073721,-0.004061784504951716,-0.005069705218053064,-0.005900076416372576,0.008722823916837237,-0.009261262590462853,-0.002519320961006277,0.0036862733782305887
2015-11-24,0.006627707399357417,-8.304192830650412e-05,0.0211461114473706,-0.0028533544268581493,-0.0016347411607888012,0.00022788669408009673,0.002622627866031387,-0.001396924676040218,0.003079021680222471,-0.002087275633937575
2015-11-25,-0.004673848365801831,0.0023148011686018187,-0.008170063410879974,0.0008162585895246971,0.0,-0.003190540222552913,0.002615159210216612,-0.006074740787341659,0.005435060100623937,0.005026583504823248
2015-11-27,-0.011879763588946619,-0.0009914378294533861,-0.007204832839944533,0.0024438545569090146,0.0018165015064786232,0.0022798557840212697,0.0038102529469900477,0.0018730316831922624,0.0019437834498611528,-0.0036753293572972024
2015-11-30,0.006595467871597537,0.003960119855450867,0.0036823509953768626,-0.0008141489089233424,-0.006555124415927434,0.001138226021808684,-0.010867248180389718,0.001636068751689322,-0.013687205848777593,-0.008505689820210915
2015-12-01,0.0035259646298245358,0.01341692704360002,0.007907528356169544,0.010933631259630323,0.004738622909448906,0.008832524416381621,0.008462376997728614,0.007908933537978356,0.016734432570063833,0.010222336108235369
2015-12-02,-0.015667624313787723,0.00032555887027792415,-0.03140969360153534,-0.011747977217521506,-0.010234229023891876,-0.006333563129149247,-0.005028665054091304,-0.022494059848675817,-0.008472020659366447,-0.008737640255204283
2015-12-03,0.010570606410359756,-0.02755940051824579,-0.020221310650685345,-0.016433914916438055,-0.012569518689760976,-0.013018155199350552,-0.005256747230023283,-0.007611883304602455,-0.02213956015045977,-0.015195434406658893
2015-12-04,0.02196603548828159,0.008745805237426641,-0.006317218173927056,0.02616603285621058,0.0147715888197279,0.024299721350715436,0.022251947793522246,0.013989766541547132,0.023254954344668226,0.019142933049404513
2015-12-07,-0.013063212596420312,0.009656301331363745,-0.03876288251958868,-0.009324862065911934,-0.004961113494060082,-0.00494800302221561,0.0027721326567637953,0.004463931042262191,-0.005588244432225914,-0.004195323400523632
2015-12-08,0.0016544033114078468,0.0004931737025440553,-0.010336504918214043,-0.012707775488825701,-0.016154896743775935,-0.0024834557038016566,-0.0025737252085594954,-0.0014074251374716368,0.0022393387209884963,-0.0029715948594850722
2015-12-09,-0.0019466324270582696,-0.0010677742533867268,0.013063985638355263,-0.011617946196670295,-0.0029994583695745077,-0.014801500402052914,-0.009559859318764083,0.0002347919743250881,-0.010115051837436363,-0.012854759890255817
2015-12-10,-0.0008772000837341195,0.0013138092441206271,0.006388735089853298,0.0008340504545703984,0.004682939250681716,0.002748989610516951,0.0011999292606378782,-0.016564814770647373,0.007455337960292216,0.0033856880254192847
2015-12-11,0.0054458711721541595,0.015635335354607476,-0.038132290269214275,-0.022349370690200612,-0.016962409634472715,-0.0210388792464641,-0.011054318814733965,-0.0028673154390614557,-0.014825322732663506,-0.02304768567701302
2015-12-14,-0.012884508990749449,-0.013012633215749081,0.0052787631939335555,0.0021298862829229495,0.003604647273883356,0.007680731601577944,0.009854389554096128,0.005012673707503603,0.00652182792541425,0.005111166550584371
2015-12-15,-0.0026560861191144095,-0.005910845520944521,0.024860930288054025,0.023134325084390082,0.0001897298209533424,0.004395615841936165,0.006383115645987571,0.00782681199179107,0.012918184229045804,0.005465379473611096
2015-12-16,0.012043063036934096,-0.002143375221080057,-0.006601657542914947,0.01608634592751551,0.017643109290831318,0.013527747860097335,0.01910472022919434,0.024962996481879707,0.012890411746767963,0.01659407511739596
2015-12-17,-0.022141125877213518,0.011242243652565015,-0.024861995901222983,-0.014424699079372659,-0.01669673859937039,-0.015838789818218454,-0.012959371964509449,0.0020714732699385445,-0.010799959826373362,-0.01659407511739593
2015-12-18,0.015207174746719882,0.005533044443471636,-0.017669327220227037,-0.027097040720948627,-0.015362674879880458,-0.019584540050458277,-0.01787713309473617,-0.012506747498335583,-0.01460413958790768,-0.015844201223897833
2015-12-21,0.010819352064225785,-0.0002435908029472494,0.001020206485295408,0.009822586584730618,0.00770133297151752,0.010145412788927038,0.011285975254425911,-0.0007064332589435992,0.00903817907651153,0.005030858763028334
2015-12-22,-0.0052488544876924,-0.007250341879736942,0.011656331392443259,0.00930670727313167,0.013714454329915781,0.007250853085215388,0.01294173653131824,0.008439321193347888,0.006725710970770725,0.007307020009995128
2015-12-23,-0.0029280037943663147,-0.0075500115817470695,0.04258039368583784,0.01172040605864282,0.011660581124886493,0.008354898680192537,0.007292978123404511,0.015288723389366609,0.010694940961189217,0.005096128883627276
2015-12-24,0.007206940922790797,0.00571267325377882,-0.009053869058964605,-0.0008325765385437939,-0.0003741020771610201,-0.00046245507944717444,-0.0009824749134473784,-0.0006899856317156604,0.0009665114857272367,-0.002672164104666906
2015-12-28,-0.007597994957113322,0.00295070841859017,-0.01835828795732604,-0.0008333888124840837,-0.0022470424007772142,-0.000693787142955643,-0.0013770885313449607,0.0018385408327235308,-0.0047038868660321306,0.0025450336069875695
2015-12-29,-0.0006846940847351141,-0.016753471864273728,0.006923617387560612,0.010366773693895649,0.009515932462935108,0.013558562032013074,0.008624355040982521,0.005496030952194049,0.012130086750181188,0.011499343769165414
2015-12-30,-0.007661355596264362,-0.0009986457593626585,-0.013562506998250082,-0.0070383225294657825,-0.008391523484004546,-0.00848124340489887,-0.0035190840591103776,-0.0009141113258279645,-0.004256457940648527,-0.008073343205514822
2015-12-31,0.0003943308023186173,0.004487973407915132,0.004486143303456023,-0.010020206469077904,-0.007330454996010811,-0.014142026219158124,-0.01122650628146354,-0.010800910643803762,-0.008983689415633931,-0.010056761194640896
2016-01-04,0.013995827340626326,0.007189571362413228,-0.0003318901922131456,-0.01949211356239798,-0.013484086896024778,-0.013161181912621483,-0.012756282475242771,-0.0020818049267501784,-0.018212609730964932,-0.017293243044324346
2016-01-05,0.00281458831856644,-0.004043033787426294,0.0038071036914905615,0.0038435861636201504,0.0026729356913448026,-0.002605555604940049,0.006398231775049828,0.007152240743180053,0.004795442635358749,-0.0013025738817212076
2016-01-06,0.01433748759898985,0.013385835346381226,-0.03925365069076363,-0.015464155816593576,-0.01556625086467507,-0.012410589871356428,-0.0033937404441642537,-0.0018405339776553088,-0.008194227926459265,-0.009823652991673712
2016-01-07,0.014040676150810918,0.0017923737675855167,-0.024701077004308392,-0.028542283076239704,-0.027490307209775668,-0.029983806665833997,-0.012072712679248965,-0.006701763771377127,-0.020495712517747167,-0.020748384918486056
2016-01-08,-0.0044375394222030354,0.004469034625575616,-0.012940072208267074,-0.015712970135966647,-0.010205515176233195,-0.00795064176624725,-0.007721906145073838,-0.0004636390775423603,-0.01517350962380944,-0.010809647621404446
2016-01-11,-0.00893459464601846,-0.011003944707887597,-0.021642134892374872,0.0013567645254652547,0.0006029731580426513,0.006464326074896979,0.00933992567412069,0.0053211093460292826,-0.01197981322312335,0.00784862681806349
2016-01-12,-0.0050729832368575836,0.014321948238350327,0.0023672835741926157,0.007652330511889473,0.008008341090329767,0.011825880075452067,0.005441945878122736,-0.003930408154041092,0.012714781040696272,0.010992117024898503
2016-01-13,0.004882048039545079,0.009808535224263922,-0.024301384677339458,-0.02635280584888271,-0.024423301319198783,-0.027310396419552137,-0.018460927506287254,-0.0004632705754650959,-0.030124662331480014,-0.03431089022933109
2016-01-14,-0.016367021706295802,-0.009404941639987204,0.04214768159642561,0.008709260827383004,0.011781248841223455,0.01870123470013593,0.004698385816121448,0.014951519847915503,0.026444876493078622,0.0071487721408736654
2016-01-15,0.01023674024483405,0.015467047392171977,-0.02937101551189494,-0.022617890338018976,-0.017724475431084144,-0.028566043120469807,-0.015816432983170925,-0.008943731026104185,-0.01410634593529613,-0.020762052613890223
2016-01-19,-0.0009612465570263375,-0.0031062726925743713,-0.021762217323583407,-0.0004668607147497012,-0.0002056511438916275,0.0010164465033065846,0.011936660403265218,0.01486208618272349,-0.0001496011467744742,0.003769391023523555
2016-01-20,0.013279386437522923,0.010474651788021868,-0.026871647324720412,-0.01981187643333172,-0.013037180661122558,-0.007903277279464084,-0.01255790562920596,-0.022726026503170443,0.001942463578639405,-0.00881693130058042
2016-01-21,0.0011381497656593284,-0.006811510067773278,0.030625543016140337,-0.00429726066994967,0.004364828961106853,0.005614682035905005,0.003928395246473503,-0.0009288475114270948,-0.0029898923000887894,0.012710542089526393
2016-01-22,-0.004655791285644161,-0.0038223002262479525,0.04326193746634866,0.018018626961903546,0.008672351700015771,0.02736522508084185,0.016982621158676627,0.017736518857978265,0.015745495025710127,0.01733662166890953
2016-01-25,0.010233193541102218,0.005410481973465638,-0.04776824119702101,-0.020413929356087244,-0.012411881914126508,-0.011708216560324508,-0.008966879663144828,-0.008483599654527638,-0.009328561464324456,-0.011524131713653803
2016-01-26,0.011341913483232153,0.0004757934616168223,0.03712645407742262,0.016647329593085076,0.018765150276598558,0.009724497028204408,0.009169447498270948,0.00688399368284183,0.0075586433555129805,0.014520527348922183
2016-01-27,0.0037212948296180895,-0.00023790883017728258,-0.004725223999053786,-0.003780706076240456,-0.011299738711637143,-0.020810298897723883,-0.0010143688193663077,0.0022843344350625214,-0.01143348072811518,-0.015763127494409394
2016-01-28,-0.010736241929349487,0.0014269274253942113,0.029970592308250797,0.0004734716027027774,0.005768352106514777,0.01283829278935839,0.01010100447836748,0.015844693123028587,-0.023573388393043026,0.012766731859141223
2016-01-29,0.0038408969118531094,0.00844091136635222,0.028755221095428628,0.027539834603303382,0.02655489033888362,0.031029391937830823,0.020097915006562213,0.019789597037542586,0.016228588069506764,0.01085387291948797
2016-02-01,0.010232704202855976,-0.0030661456205366353,-0.01680407081052415,-0.004152596962133397,-0.0024036631257242013,0.003630459461310635,0.0033435062290075993,0.009422187021902765,0.0015032266222168701,0.006053378414336615
2016-02-02,0.00037006835108891606,0.018381907648971376,-0.033938064026998414,-0.028131328347538277,-0.020255762660087617,-0.018040290240589455,-0.012844554277343401,0.004352458151721243,-0.014525997719677605,-0.019638615910810394
2016-02-03,0.010674654427775114,-0.00832789172412681,0.03498568097561586,0.0009504312704981061,0.01603592843890958,-0.001231021666031336,-0.002190379241982964,0.012301925539759208,0.0065325159623308825,-0.0026023552468637276
2016-02-04,0.012009967818587527,0.00483432934598782,-0.0005237719222858585,0.008515149092560651,0.017169651156089035,0.0009847071276429576,-0.009210779613266768,-0.004298900347002801,-0.0054660523147466375,-0.005776280733036554
2016-02-05,0.015703135766193033,0.0011657721367624775,-0.02349708933358422,-0.013276364479907396,-0.009546794240368382,-0.028451861395469444,-0.0016105270557133949,0.003226133467939019,-0.019680773847004434,-0.032808529020303526
2016-02-08,0.013354185862515874,0.02129142970373765,-0.005197454297211071,-0.02562450829208253,-0.008428605120315156,-0.0145350399540263,-0.0026230813823068925,-0.003441951422235218,-0.013759024096356359,-0.01957449476263725
2016-02-09,-0.002198672852432284,0.0010641466258178715,-0.024373641354183705,-0.0014701174268832962,0.006027711828449536,-0.0046350905019000984,0.006644646618677975,0.003441951422235159,0.007371935202140348,-0.0016002052727126302
2016-02-10,0.007717958411726319,0.008773757459630825,-0.004059269077170542,-0.005409067172068724,-0.005221963623855062,0.0015478590951987074,-0.001204993791594128,-0.0010744867993106556,0.008868192034150122,-0.0017482708983334446
2016-02-11,0.039402138237274204,0.006979308841754458,-0.004261240023185716,-0.031049424256217272,-0.019725910782217665,-0.002063609180368702,-0.008069226924001907,-0.0177838930176382,-0.016240127236290595,-0.000583830229666672
2016-02-12,-0.005896714530816731,-0.016740993727240545,0.026023169272826167,0.04135098692335696,0.019927522332446147,0.013845900602857675,0.014078927528578774,-0.003068339129109221,0.013293003764461178,0.018219042078376924
2016-02-16,-0.030800736245396157,-0.010626519112267412,0.00990010184182663,0.01597727008279889,0.01993265448920481,0.017668365709927424,0.007957261553096734,0.006345102133641208,0.01862304455077009,0.023927052625739822
2016-02-17,0.006167287420776475,-0.006167987841084573,0.032252752795335266,0.01335905133369657,0.015276588349287884,0.02030785603938897,0.010250566034503894,-0.001964769060666753,0.012576912629855724,0.021315689655144816
2016-02-18,0.024041860433202913,0.012220670180739707,-0.012566190499195794,-0.005704088502714763,-0.0005833103774386528,-0.003930229581914057,-0.004521365677655546,0.01625688582089291,-0.006193174509576225,-0.0065951718785861565
2016-02-19,-0.006020275750380557,0.0008400836572471612,-0.002285703236504436,0.0,-0.0019467992923825907,0.0007377867836475628,0.0015750971862087803,-0.006687873542765026,-0.0010610846107777557,0.0027535005431439316
2016-02-22,-0.01793504091705753,-0.0005340230255052159,0.02520343629697028,0.015607348257699272,0.01681022030944368,0.013194041804691371,0.004905439873910506,0.011621293505964834,0.014157137571480845,0.019198744312010494
2016-02-23,0.014868593832169272,0.0040391011106692565,-0.03475399818906147,-0.01799289582007981,-0.010013691333887806,-0.015902382145067444,-0.00019586220798320844,0.0008548687473484074,-0.0075052918846827,-0.005545102692620394
2016-02-24,0.003321549590506587,-0.0019794730906682392,0.010078675162193974,-0.002391796668875648,0.0005809309260824286,0.007615707459581317,0.0031275388983119574,0.004691907068428551,0.003309199620616851,0.005814533403921242
2016-02-25,0.002632341860518264,0.0035755503866727275,0.0008790291617086795,0.01379336130298244,0.013067238055108671,0.012403937632343699,0.011255704219134854,0.010160989623461738,0.012387463174687382,0.009927791189269817
2016-02-26,-0.00689274364726045,-0.009690893873702438,0.005958766170956341,0.007060582276925684,0.001335145215392191,-0.002662522241102884,-0.014187380909463535,-0.027978479034307144,-0.0017815516673318822,-0.0010685261423684829
2016-02-29,0.012980023419282503,0.004361372032979447,-0.011422609497490084,-0.010846723144038244,-0.006311161294209458,-0.007053177694013417,-0.00333311490586141,0.002811987668215269,-0.016026762152117423,-0.005225549485825678
2016-03-01,-0.007360151335800538,-0.01776647791821922,0.025821316790820014,0.033111057550090875,0.01938067646257282,0.029343222915185246,0.009577027482249817,-0.00498030748518277,0.021213400550927623,0.026120198929991498
2016-03-02,0.007697256644730053,0.00411906906143208,0.02416333462539242,0.010949093782054706,0.0007527390905577912,0.0028404557024707283,0.002913455143078983,0.005196181752268127,0.0016251965451420524,-0.0009164948183842126
2016-03-03,0.017125877155555313,0.0036375288715534398,0.015017919386149976,0.006782689236228722,0.007120173209394153,0.0,0.005030013189996206,0.0060281312495178456,-0.0028083501595678167,0.005877402195245582
2016-03-04,-0.0015750194994792542,-0.0064330199050376975,0.009559606668930184,0.004047755318004469,0.004099111653529115,0.0025962288664313376,0.004236640150950323,0.01109916417776359,-0.0023703137401307217,-0.0009122902649489602
2016-03-07,0.004965240864288737,-0.00031111936349586687,0.023187344901768978,-0.0004494742780689226,0.002970299465452151,-0.006148010245154887,-0.006168282468468183,0.005504226439321869,0.007978550074308192,-0.004310705494250462
2016-03-08,-0.00463344826775062,0.01098475744040558,-0.04290127493576089,-0.0162971302489059,-0.014189584328375483,-0.006186450306882002,0.002895921169115375,0.009872651043008444,-0.01228998020225443,-0.007885215703617332
2016-03-09,-0.00832782948151173,-0.006096483288409401,0.016098847483550918,0.0013684573225795566,0.003191550506002502,0.008555334793150501,0.007490456915801286,0.004588185237171462,0.0017862579698574449,0.0019769444539301903
2016-03-10,0.015928644015462578,-0.004110933152206793,0.0008227062832741541,-0.0009121183924240178,-0.0015006424010017417,-0.0009467387583384948,0.00038284380948379115,0.0008318386541345142,0.0005945540732168395,0.0024988824693450433
2016-03-11,-0.01735128256694606,-0.010155581196873016,0.025498968032136287,0.025671225371004507,0.01435100233198773,0.015278052625050099,0.003246453212346251,0.0010389907882196296,0.019283686670236163,0.015251645046400407
2016-03-14,-0.0129806346733887,0.003136709648177486,-0.00659666340105798,-0.0031167960565197913,0.0009249202000089962,0.001165278348883846,-0.0005722675159405182,0.0012452780072369056,-0.0042367041917070174,0.0037446100449038122
2016-03-15,0.000763230645469892,0.000937875727992594,-0.0019389211191893027,-0.00044647656850713537,-0.0005547480581316868,0.003721419291434468,0.002477146336243458,0.0018650142347618707,-0.015641536551745775,-0.0002578825377993822
2016-03-16,0.02205075556149502,0.002967208667293896,0.017157549668282163,-0.002233597737713921,0.003508554886338039,0.011539375222376325,0.0022808849432797,0.015204818674280316,-0.0023824320093772606,0.00808934527468011
2016-03-17,-0.003821864877364753,0.004123175845725515,0.01357983119847425,0.01200291454658631,0.021698000347311862,0.003664868590551756,0.0060570790503149145,0.005490807910347141,-0.011695980252589892,0.001405249348561704
2016-03-18,-0.002750755714748547,0.002094654268647216,0.00287061648883574,0.008837938914099338,0.008539298565195905,0.0016068684251014228,-0.001309366165456856,-0.006395545492013596,0.011692473088228673,0.0012939496467602302
2016-03-21,-0.00703641669931435,-0.007700333907514031,-0.003471181265616466,-0.0017617118652016612,0.0059144054309072935,0.003435716857577399,0.0005695044220948693,-0.0010286049953908544,0.005818163994648448,0.0005124451500867385
2016-03-22,0.002937832969190689,-0.0002340387041295124,-0.005547059854827022,-0.003089998765040771,-0.005734693355307941,0.0002281943955851503,-0.005901942114017016,-0.0032990105867343454,0.009916681634278765,-0.0016651849083328142
2016-03-23,-0.022890088658627544,0.011260752410079044,-0.022176943665435534,-0.007543428838890898,-0.006491219393094658,-0.005730317687899848,0.00019091765016475843,0.007407312596333559,-0.007094261911233895,-0.007076496873229408
2016-03-24,-0.0024040431975177324,0.00038611129422782853,0.004863014025120703,-0.006255569574908004,-0.00289854869711099,0.0027544557845032764,-0.0011462435739748172,0.0026616204092661942,-0.0004453553752293204,0.0012904853778970642
2016-03-28,0.0023182652611009025,0.001311852106110429,-0.005350488403653707,0.0031324233444158375,0.00036271656637323663,-0.0025251002724837085,0.005337710296771607,-0.003687060863591868,-0.0028233433382054336,0.004502867260661386
2016-03-29,0.01835540705340158,0.010429990759670384,0.0047037167384756514,0.0017860295422869872,0.006507565526149381,0.015508116210394437,0.007386871210682249,0.014667371998670789,0.011540537306622209,0.010090275521241318
2016-03-30,-0.01407641031024469,-0.010584324440736698,0.001939893171417747,0.005781533922690264,0.0018002803579564909,0.005866556432234362,0.006583318297668557,-0.002429564638657712,0.000146743243517764,0.0063340988244115866
2016-03-31,0.004600850924385841,0.007068208988905571,-0.00048457437671817866,-0.002219770964304714,-0.002340710313517228,-0.0020269603493339697,-0.005263182866113731,0.005861207391125234,-0.0030936548817796063,-0.0011372537600212542
2016-04-01,-0.006053640735366039,0.0026052601738692943,-0.013501779541381435,0.008849671804931384,0.004676199138603927,0.007635245702454928,0.010498902571466432,0.0038219392490753956,0.011296366494754927,0.004163053277510191
2016-04-04,-0.006692995408569699,0.00061179407475098,-0.00739696454859087,-0.004857825455876585,-0.011368981933447254,-0.003810813317580576,0.0003726211346437966,-0.004224771383191223,0.011891329527780528,-0.007836240934150439
2016-04-05,0.012916668207256437,0.010877158489264457,-0.006787595467346377,-0.01426728708981355,-0.006189727908857354,-0.009703216545950487,-0.006733849463168769,-0.018928122343291928,-0.013059043459645201,-0.008537560645257207
2016-04-06,-0.0061381369358648324,-0.007288527088425028,0.02136485279288328,0.005374391557699597,0.004918556194893533,0.009703216545950407,0.007851901587165484,-0.001233890781874386,0.026518366769622163,0.00942557651197153
2016-04-07,0.014179801562103168,0.01226890333604481,-0.005870663575922664,-0.018936502639819445,-0.009677785871754671,-0.014476392854129636,-0.010859497045623976,-0.00041120380410449215,-0.011011838359577725,-0.011347512384669856
2016-04-08,-0.0015187338768047718,-0.0063431648549582605,0.01991757844586197,0.0036349703077504184,0.0038456451318499064,0.0,0.0054448628508616025,0.005336692106437942,-0.0027360632945973027,-0.0015392545511149914
2016-04-11,0.013419630057020864,-0.0012884656875111371,-0.004176985702116016,0.004073082476500357,0.00036560041096687186,-0.002737585289289239,-0.007140742286294626,-0.004308190884935412,-0.007671671393580853,-0.0037310968827114705
2016-04-12,0.00016664672071527165,-0.0069261842864871545,0.029350809037245993,0.012567736080242378,0.005829849988111197,0.006830396659451993,0.006203840590845036,0.006965680566796858,0.008104507686837048,0.007575993000181848
2016-04-13,-0.010719526565990614,0.003507309685379455,0.004679355700595965,0.022492584523572605,0.014785456463270515,0.010159671187762313,-0.007713550301564382,-0.006143425094310987,0.009325004785517777,0.01397384251783423
2016-04-14,-0.014075152256168354,-0.00480702959330721,0.0023314478219317136,0.002178251024151407,0.0017884501120900627,-0.00022491601335354844,-0.004542852836554168,-0.0012334211772463812,0.0005708280636863908,0.0
2016-04-15,0.006892743647260424,0.008529118114540707,-0.01359924910752408,-0.0034876063809700084,0.0014281525810997924,-0.0038268240285761496,0.006241386296655355,0.005537649658512992,-0.0007135538161383558,0.0027717015131487463
2016-04-18,-0.001527627456597003,-0.004331333367856631,0.01639007841579527,0.007396173091210921,0.000891834136477469,0.004275650338134317,0.005640159767682555,0.003879216302531425,0.00923997310086499,0.009390718245199724
2016-04-19,0.015506833308651099,-0.0031274455019206187,0.019774940907750078,0.012492154842351333,0.007105138050759672,-0.005629758643798674,-0.0005626427174235774,0.0016284699454296458,0.003531313478937713,-0.0054985476750008325
2016-04-20,-0.0051142480161098115,-0.011061270506001303,0.008915903083327974,0.007676450278144116,-0.0015943992849395982,0.002030619263014738,-0.011318903346914202,-0.025339185981782204,0.0053440086850298245,0.0012523997778182308
2016-04-21,0.003775305036917616,-0.005965627778624756,-0.005884460497267056,-0.008961627586715632,-0.0024852136444200507,-0.0036127172229962925,-0.017994366766910283,-0.021084181113337094,0.005873042350586515,-0.0035106796176049607
2016-04-22,-0.012894694659209335,-0.0025675085609256952,0.014423282937580963,0.00938606028553669,0.0024852136444200586,-0.017570113491149165,0.0036636858059532133,0.008909683147393719,0.002089425842996162,-0.002011436763587873
2016-04-25,0.0028799271415296556,-0.004138185504714725,-0.011250352147678389,-0.002125472834847124,-0.004797940822432635,0.00023006386576463912,0.006904327220172547,0.0018987362532366867,-0.0039038500530014938,0.001131891002470137
2016-04-26,0.00396736763751519,-0.004546759932847859,0.015863654776216804,0.0063626740525117255,0.008866886541261535,-0.004844852148886181,-0.004021752717647938,0.001474698847913289,-0.003778247193127458,0.0023855258325447
2016-04-27,0.00286030286991974,0.009930490053691031,0.01882721714664754,0.0016898422534449315,0.007037396830252556,-0.0046357880428269625,0.004786124534783807,0.01441897334323427,-0.0011222721453365654,-0.0010038056306865659
2016-04-28,0.018724801093336303,0.004115384524480613,-0.014973738026700004,-0.010609302903213463,-0.009689160974712282,-0.012626147220744857,0.0009544061074139127,-0.0014534634667633028,-0.004784441513441817,-0.010854601203938935
2016-04-29,0.019270626438691787,0.002553485654699626,-0.00162836926876764,-0.005561160190196687,-0.005858752017614727,-0.008743757005506033,-0.0021008971145555747,0.006007229717128992,-0.015779282192461528,0.005063724730375746
2016-05-02,-0.003321349913169904,-0.010118983800622927,-0.001037632702874198,0.008968497594273567,0.005150452534831897,0.007330782028960559,0.011406563132123165,0.008022136975663285,0.005715057443938325,0.013917304082136284
2016-05-03,-0.0022745646099544734,0.01251702534257158,-0.0238626026228751,-0.01283704756018405,-0.008182236123421439,-0.009231656345412132,-0.0018920184089866543,-0.0008195273006305267,-0.003139242143091072,-0.00925675485074257
2016-05-04,-0.006118222826125519,0.0054713079604840915,-0.014534023583488976,-0.0077824728142906275,-0.012400187508187424,-0.003096356419561683,0.003025795928939991,0.011619980571138791,-0.009621565729662718,-0.004534449970555902
2016-05-05,-0.0011462207767798868,0.006663020047323538,0.008134569411925467,-0.0004338299302984685,-0.0005428783156199978,0.0004769558016707788,0.0001888850606145963,-0.0038586281335170956,0.004175829480540777,-0.0064592870021305555
2016-05-06,0.009052054554673597,-0.0042838305880805025,-0.002295499398315704,0.004332606584752874,0.006672348599761866,0.0073643755432769645,0.005084022736535723,-0.006531829949255145,-0.005908998403566469,0.007342178544072294
2016-05-09,-0.02075289801818274,0.0031375551089236177,-0.014661971225751701,-0.002597372071269175,-0.004503421887731818,0.0,0.005432531427116669,0.005717547156452334,0.011354734652688363,0.002771673057552793
2016-05-10,0.002731465708414251,7.674749968286402e-05,0.017415903888779127,0.01420295772840348,0.0170055373593402,0.012933843690506631,0.009852082815258395,0.001017829933124132,0.008396599414821342,0.012748571402767946
2016-05-11,0.009378919930915332,0.005638464489354236,0.0030512404426276253,-0.01074088442638003,-0.008377219811215175,-0.007269394371329743,-0.007985935487226169,0.0036550809931956275,-0.01211949838090105,-0.0203247840987012
2016-05-12,-0.007892173973086957,-0.004568936509880189,0.0027380137243701425,0.0004313370822484251,-0.0021497838667947863,-0.002828414683498004,0.0053927620248323885,0.0058601273472087744,-0.005898666763582939,0.0018994679354614032
2016-05-13,0.004529141979827091,0.009646579922094266,-0.012842438894190934,-0.012163048710580953,-0.012635672596475769,-0.0037832704525330688,-0.012691440779981317,-0.004847571010817652,-0.002311668738281175,-0.01196264468580622
2016-05-16,0.0007392219670166908,-0.008655163444036239,0.01678411134639168,0.0052309836882923795,0.012276843988237755,0.013881079507360885,0.006365807822043074,0.0012140975581160286,0.013503990903090964,0.006254029772236064
2016-05-17,0.003442329123242993,0.0016757173958763154,0.004679632832730388,-0.005668219168029128,-0.004856707845074866,-0.010097809054827761,-0.019791104305850453,-0.017133202506814403,-0.010471357423362873,-0.011388165116848903
2016-05-18,-0.017497993073654197,-0.014337384186839447,-0.00968518809794863,0.017338895960659798,-0.003431923940047406,0.0018868323712001932,-0.011680610365179384,-0.018897771799395974,0.004173344080533257,-0.005807558796910967
2016-05-19,-0.0019168712488534102,0.004315055309683352,0.00015175425863408985,-0.009499232331397824,-0.009452429379628735,-0.005433033443458212,0.009774872906799282,0.010012935258194454,-0.00850858222593517,-0.0009058756770243436
2016-05-20,-0.0013357015166127583,0.0007687259263428729,0.005912547602940161,0.006917385528152403,0.005100907517340196,0.012007358805517688,-0.00516296083247445,0.0022803117952792363,0.009226092914061117,0.006584791856859397
2016-05-23,-0.0028442074994739935,0.002225643893021595,-0.0025726561817039427,-0.0008622211065436886,-0.0018188617887979247,-0.0018743570886671054,0.000958350514681015,-0.008944522775163747,-0.004025759138019482,-0.003480715937081055
2016-05-24,-0.017493154439807618,-0.0044564857530536035,0.004987806411804789,0.014980650875670702,0.01032324625316552,0.018583608528757702,0.008392278616491713,0.009979844213686669,0.014304293686163998,0.01193907536853062
2016-05-25,-0.0027317729645951225,-0.003780529203324717,0.015708579272184633,0.010563749743790329,0.006823809850354091,0.0068807237268759406,0.0015183049256045158,-0.002900604576830365,0.006229480796502478,0.005472771558330087
2016-05-26,-0.0034252603876992805,0.005166190696131377,-0.0041646186603707044,-0.005902115827304831,-0.0028679518621299873,0.0031947896481592563,0.0039744640482751135,0.011346091360145971,0.00014111751479486145,0.0020286312507599214
2016-05-27,-0.008268772914245494,-0.0014626946907291861,0.0005952777791192814,0.006742481194244781,0.0037622537897072945,0.004773176308179141,0.0011324508379164904,0.0016398070536191005,0.004505531172747465,0.00467548733489362
2016-05-31,0.003798302317157037,0.0023846530557315483,-0.003879976430710679,-0.0025232177146795173,-0.00017886143166650549,0.00203918807817553,-0.006435696045071674,0.006531829949255092,0.0023856402330774238,-0.0010092303665706448
2016-06-01,-0.00103444075765323,0.0040489921965578485,0.00029887632394284017,0.002103004377103199,0.0008935814239013086,-0.0024924881251755884,0.010202108832651251,0.0026416097205851107,0.0036376088150484906,-0.0006309520215393576
2016-06-02,-0.0023315434917615587,0.007180944893533061,-0.0013463756373532265,0.002098353666273642,0.0012499173414127524,-0.0009079896175100939,0.00037593715987605414,0.00040534101702781225,0.012765238567600192,0.005540785502531409
2016-06-03,0.02737326438830703,0.014135607689316855,-0.0039000395301599217,-0.014358020040869215,-0.0008925458898506651,-0.002273006774756046,0.006368379048854147,0.015697726580537377,-0.0033141539123236145,-0.006551673386873041
2016-06-06,0.00033642486690222653,-0.007457776201073739,0.021851511542614985,0.005937398517926826,0.0094213708734656,0.0018189924740081437,0.0011199070866366803,-0.0013987579229154871,0.005380145656018087,0.002524718268428038
2016-06-07,-0.0008412423733234738,0.002416527811524937,0.022391331325948532,-0.0021164763149620685,0.004765839813887304,0.004080651646479937,-0.0011199070866366625,-0.0007997497956420303,-0.00621057480712749,0.0012600262090984552
2016-06-08,0.014703707887444253,0.005341898232103094,-0.002303105043591856,0.0008469483826136104,0.006319166849553341,0.0020343864640810262,0.005956885924124152,0.005985511981771971,0.003455176867397618,0.0011332436274584545
2016-06-09,0.005541081570940353,0.006432318689774288,-0.007667628063730852,-0.007223327272959155,-0.0001752814926636602,0.00022574500387790788,0.0038900764513421834,0.008517220806680235,-0.0016571894499525556,-0.002266917832533356
2016-06-10,0.004033075700703472,0.004834414921858589,-0.021875253605708234,-0.012443973447401325,-0.011794929146451713,-0.007705225133383732,0.0007392762108978685,-0.0025674258163477298,-0.008047500244652377,-0.010519132614405737
2016-06-13,0.007365624068488681,0.004441492199082648,-0.0029733097118176104,-0.006932065022288507,-0.010860879345761671,-0.011208681165087907,-0.008347955780749977,-0.001186985016202325,-0.007973060826123297,-0.005493313239797257
2016-06-14,0.0010594292626908233,-0.0007386937869858415,-0.0005960311694339149,-0.01489291802142387,0.0001788908843187893,0.0022977499236022576,0.0039044482767262153,0.005331301621847206,0.0015439318387975131,-0.0025654161384375115
2016-06-15,0.0073849284570991006,0.0038359458699208974,-0.0023856327874144678,0.0013227146936124266,0.00035817367918644053,-0.002527903643230198,-0.002973685864307245,-0.006321706410628914,-0.00689414256518671,0.0028216070073565727
2016-06-16,-0.010566651715243233,0.004849151843050732,-0.0047897812464919465,0.0026410631474975024,0.0017876478844658732,0.0020686977060048344,0.005197538540293441,0.006321706410628891,0.003523033183748243,0.003196156711473344
2016-06-17,0.012747298268990306,-0.006249044910016608,0.010157548179301049,-0.0008397517136273156,0.0008436432254851129,-0.006690206651041775,-0.004049851039610561,0.0036070063939556045,-0.010436067017368152,-0.0015766908288939948
2016-06-20,-0.0059880246543699035,-0.010749640278349978,0.008633668298475033,0.0057331406464315405,0.009109647492799841,0.004172106392754824,0.0031741682068484223,-0.0037658436805682823,0.0062603198490975885,0.008942361372060293
2016-06-21,-0.01942288299292089,-0.004632071444917412,0.011787252367520252,0.005700397469675413,-0.000711326725831902,0.006915676992934356,0.0026063250296196145,0.0013889200040029955,-0.0034095991095857126,-0.00229188401972846
2016-06-22,0.000496444028716167,0.0016460977372441234,-0.005581911190763279,-0.0008750710206469767,-0.00285094214973172,-0.0034519577560221232,0.0005577076234157484,-0.004770449560428422,0.0028422348827270654,-0.0014030422308409173
2016-06-23,-0.0065557755937431204,-0.0115041171735774,0.016363017476981587,0.020788987336700683,0.011531776035097412,0.013509079613602972,0.006114159678331762,0.0027857166046379098,0.012972648278462614,0.009780953734132488
2016-06-24,0.047873912303474195,0.026492816617896382,-0.03284797447877998,-0.055067933464280176,-0.041601252885451794,-0.039193301977094794,-0.019396211022995696,0.0015882870984938768,-0.029428272164472066,-0.03787112316791002
2016-06-27,0.0053823171279899626,0.024660052166673854,-0.03256996540737761,-0.02894739903177982,-0.023819577009589303,-0.020308964065153114,-0.0020736852938322086,0.012223845058469265,-0.013509231205105294,-0.018551481601443733
2016-06-28,-0.01079376043064916,0.0020818339579194815,0.02746581657597428,0.02531784079896479,0.01680704738488505,0.019599134782932816,0.00620801393012362,0.0037163907500785093,0.01926374104318867,0.01973182651488656
2016-06-29,0.004140765999889028,-0.007702081531736318,0.018786758340854647,0.022472679527859155,0.0176216104872833,0.015267516149609198,0.011561021073590357,0.0027295716505625614,0.01889920956977824,0.016000300900783495
2016-06-30,0.0049939058952932335,0.0036783274439978466,0.00794455905608449,0.01587351764286395,0.018924882812107625,0.010896045807934523,0.022184508687549533,0.021382317616401466,0.00938692512587924,0.007329156520834399
2016-07-01,0.015223162818061162,0.013789249836263789,0.005261689258568005,-0.005263019259357048,0.0032083836815751414,0.0023030939335703863,-0.004725346671039033,0.00019021240756666863,0.006255978912407165,0.010322776370598022
2016-07-05,0.008220905136956962,0.012442555690004015,-0.020321767864589214,-0.01506470097503409,-0.00911787144184906,-0.007388531568848103,0.005631640599127674,0.007403780009776523,-0.0009706463677691187,-0.008147854780785026
2016-07-06,0.005852881673551483,0.001614758646746117,0.0043049599863532765,0.00267510220654371,0.005016031883247158,0.006928161580832961,0.0009051145778886928,0.0020784786447691876,0.011173273608795367,0.008527950595423375
2016-07-07,-0.0037695950478742334,-7.01803338329847e-05,-0.010273070847716798,0.0013347784242391811,0.002677090333007986,0.0,-0.0019927299534589923,-0.01867051789725771,-0.001509811610316121,0.004300351187935023
2016-07-08,0.005994014334570738,0.0073384590169109695,0.013230995739914087,0.018938814022660413,0.019764181295525225,0.015529230612233453,0.009924976609273207,0.010331150471524253,0.012288333616444568,0.017265962310417132
2016-07-11,-0.00946861312154938,-0.008813102070117242,0.0019182171869464113,0.005655819693300208,0.006270835155112795,0.005874545797081937,0.0001797088117134312,-0.0007618814074774384,-0.0027177887362432483,0.0058124775301056
2016-07-12,-0.016690387468968386,-0.0165757115939128,0.02446242968397106,0.012503069263672888,0.009160817864713053,0.008076812572977033,-0.005400622386438814,-0.013809145106078452,0.004886641071400817,0.003938322359470938
2016-07-13,0.009159697327218079,0.011716427760592361,-0.008667918653754521,0.0,0.00240582478527846,0.00022376093422285406,0.005580121027116394,0.00788676832757793,-0.00040633968293963516,-0.00492535730046909
2016-07-14,-0.0077450452302362865,-0.014649336527133832,0.005065473735997064,0.009381804681737733,0.007524020317105627,0.0064583629099047675,-0.0001794986406776228,-0.006535711205366547,0.0043255182676795595,0.004065293751842768
2016-07-15,-0.0038557351674657764,-0.008634011138425254,-0.000577459460480229,-0.001699526381923486,-0.0001703330238037806,-0.000888543501893868,0.0,0.0028888189198204516,-0.0008095425890592401,-0.004435278896679833
2016-07-18,0.0015755839071671933,-0.0009397349067643706,0.0007218953274726052,0.0033956920705723553,-0.0008526401252535219,0.006643089804016975,-0.0010777580385030881,0.002880198462895462,0.0004045502872209171,0.003820613369756221
2016-07-19,0.0013372522657107563,0.0056251359940112655,-0.005645296435220047,0.0004240245575536454,0.0005117329391316151,-0.002209650732033058,-0.000719359151975724,-0.001727163386014362,-0.002161114299746565,-0.001847307948373839
2016-07-20,-0.01441038163632243,-0.005480789448496503,-0.0014525773781990056,0.0016927549156594893,0.0018729378199618652,0.012965790958345044,-0.003603505195959996,-0.0057791193894341925,0.009019563771950474,0.004181465187320999
2016-07-21,0.015117654201499475,0.002023461139343287,-0.009934198790549511,-0.005086945160907857,-0.010259732838568097,-0.00525355934867435,-0.002892326348956142,0.0059710295237322564,0.002943698185608622,-0.0027035954517502184
2016-07-22,-0.007490707778721288,0.0017297957233974736,0.0030782044722322084,0.006354128249356554,0.0018886969329141878,0.005908479511598315,0.004695836018271902,0.01316468066431476,0.002002469427650512,0.004175406500077805
2016-07-25,-0.006989125856947095,-0.0007199613149541351,-0.020106838664988726,-0.0021127853463575414,-0.005332367407277497,-0.0013101770511277215,-0.0010815545639479543,-0.0017073742588937179,-0.001067412738763878,0.001591943704069794
2016-07-26,0.004215211050825792,0.0015847527166452937,0.005807285879592559,0.0008456022579087272,0.008244601626475561,0.0021826449844721796,-0.007786463915706642,-0.00877203349197741,-0.0017370845183633022,-0.0012243550406462037
2016-07-27,0.01598269497210111,0.012376617856590921,-0.009847824318029231,-0.00042318814428304603,-0.003942018534177139,0.008250013515769329,-0.015018595198398045,-0.011558535692220035,0.004536183224937628,-0.003067306304231349
2016-07-28,-0.00289409340924044,-0.001850612645854681,0.00014993791328418008,0.0021129636347470867,-0.00034321252928319753,0.0006483670996632323,0.004418993431596353,0.00386787597761627,-0.0009320230273089953,0.0018414503805182177
2016-07-29,0.010286811942904156,0.0082988928750297,0.010143310786426704,-0.0016897754904639261,-0.0029249925190889775,0.0036666468111255417,0.004948273178428302,0.005965283580633507,0.0019966925665958354,0.0011034103891814535
2016-08-01,0.0018590671194806466,-0.010900491760973642,-0.03350238882763633,-0.0025403274710853333,-0.00120659257469749,0.0019356618746687658,0.0010959973748774976,0.0005753564722429382,0.006362839332180038,0.0015913471162077098
2016-08-02,0.008092864929715934,-0.010356076055866062,0.009013811474260407,-0.00851444924330106,-0.00935885702209867,-0.007548580853564567,-0.0014617479583505968,-0.006540640052876578,-0.003839155097332379,-0.015036053152675088
2016-08-03,-0.004770787598632875,0.0005775872009549509,0.01913110873791423,0.010209174456477439,0.004863553954246439,0.003457739439827172,-0.005501552455249604,-0.006001485830903976,-0.002790073848338865,0.0028518348498992024
2016-08-04,0.0016954476164976306,0.007486429239784245,-0.0014931379688711297,-0.0025428973046211583,0.00034657713536083705,0.005379173967691802,0.0022041270780823806,-0.0005828223363601533,-0.0014639305526871706,-0.0004952554514844585
2016-08-05,-0.018025444010511645,-0.010452689816497659,0.009074673114791876,0.018911797789917473,0.009996592161832792,0.009610353567432518,0.0016499356663685673,-0.014481594675542695,0.002394880050146474,0.010475363248668448
2016-08-08,-0.0008627837547004024,0.001882111544134238,0.01323918746470903,0.0012486128392047938,0.0013709536547888445,-0.00021268904348333944,-0.001099503136670167,-0.00039440863214009305,-0.008541514835674236,-0.0033153015581910655
2016-08-09,0.004072023167431717,0.009788684411449531,-0.005274794184403564,0.0008306074993721241,-0.000342504174908107,0.0021238698497814193,0.0031127434309419326,-0.00019695489335006005,0.0024098681992264456,-0.0029564682731116404
2016-08-10,0.004677994512329687,0.003860215884925775,-0.010930634441722232,-0.00792489680068133,-0.0005142862080409503,-0.0031872735437054726,0.0036497158108804934,0.0001969548933501481,-0.0033483855709286934,0.0020950328893488412
2016-08-11,-0.006946906948684661,-0.008958518662767381,0.014596303034672211,0.0020916329558892635,0.006492623707370375,0.0036114349504347693,0.0,0.0023634054904371326,0.005751921250143639,0.00992202495339466
2016-08-12,-0.002117040375034645,0.008387356431076323,0.005546710964644497,-0.0029290878545171328,-0.0027284254842811165,-0.0010608758131573405,0.003455047767492421,0.001376290988350736,-0.0025373016909598545,-0.0004876294261389262
2016-08-15,0.003447698256792746,-0.009467745508035825,0.007973786965886015,0.006683131360732146,0.00663745936614445,0.004870164667427272,-0.0025448992243453337,-0.015442902933888997,0.001737084518363323,0.0019492982916070407
2016-08-16,0.004915970173444719,-0.0026702272007472286,0.0015874510075102766,-0.0025007374524512412,-0.004420099880552451,-0.007420723804704786,-0.004377084498358686,-0.011841374970725155,-0.008984610487509412,-0.005736975742246165
2016-08-17,0.00023348078990268189,0.005979704283885969,0.0030232220873759818,0.00333308497933286,0.002892183697634188,-0.00042578644777436174,0.0027380576492707785,0.014829863337060519,0.0020187578536672956,-0.0023285641049011576
2016-08-18,0.004735854578729188,0.0015790615679440768,0.020346254000254742,-0.0008323475268815403,0.0030536545072634216,0.0004257864477742455,0.00345738263045975,0.01225788829900845,0.0004028044537229711,-0.0006135621904291093
2016-08-19,-0.008868887925520175,-0.005248879600083114,-0.008344751175093973,-0.0004158473905887651,-0.00033888587879249735,0.0006384299558907391,-0.0023644898490742115,-0.012257888299008514,-0.000806254278124519,0.0006135621904292006
2016-08-22,-0.0014858453674488508,0.008399326589711943,-0.011570452453486828,0.0,-0.0008474875437336045,0.0,0.0014557252605497005,0.002583059429888792,0.0020151412904139267,-0.0009823783574929657
2016-08-23,-0.00015650499362582264,0.0010718150414935088,0.007015395785996309,0.0012481949174703204,0.0008474875437334967,0.003608775418325784,-0.002001706406268009,-0.004374769547232435,0.0009392562051753411,0.0050232798756538796
2016-08-24,-0.011176864142998311,-0.002358777796627933,-0.004002664463994131,-0.0004160871631425818,-0.003054153405240831,-0.0055246580338574255,-0.0016416330627809456,-0.0003988360923118256,-0.015812093608816497,-0.004777283578260645
2016-08-25,-0.0008709901258544955,-0.00380176815811628,-0.002725413158202278,0.002078706688518687,-0.00017015814185358913,0.002128392059882822,-0.0038393563720979917,0.0005979354198509923,-0.008481578009732397,-0.003321226870163683
2016-08-26,-0.0014269885139347306,-0.005837060232185193,-0.0034532784110193754,0.0012449195249705557,-0.00289389104969061,0.00042515333716552987,-0.005141997430567279,-0.020938645246165746,0.003838872260200549,-0.002837409445814034
2016-08-29,0.001981375674593548,0.013281682114013182,0.006751436102111758,0.008672814823753823,0.0071345923989763645,0.003818357496681108,0.00587484244206447,0.008105510718418873,0.002187787318335927,0.0034532958054816964
2016-08-30,-0.01010635477558824,-0.003857904255301731,-0.003441969795803216,0.009005162346612344,-0.002712083734050405,-0.0033932949158712823,-0.0058748424420643494,-0.010550009699264255,-0.0034198975831271584,-0.005555843658781262
2016-08-31,-0.0020015218438290436,0.0014306904758816122,-0.01592836026406994,0.0008144878821843602,-0.005616649123517886,-0.0017011553182170779,0.0012879346861163384,0.004070675412974798,-0.0030191435156041247,-0.0026037410107405826
2016-09-01,0.004078880664929754,0.001102959235419835,-0.00292349987335501,-0.004079895313806173,0.0008527506040182578,0.003187273543705437,0.00036804120144708974,-0.005091310347911475,-0.002614778132203119,0.0019845269616873894
2016-09-02,0.010164454828507231,-0.008190302731312488,0.011209040536711144,0.004487348982190996,0.004933489987407195,0.0044447916034422805,0.0076906893851578844,0.013183599130704356,0.0011015031562737914,0.001980074125157566
2016-09-06,0.016766351430797802,0.0072587825968454065,0.014942886818595624,-0.0016296639538385083,-0.002888819850681078,0.005056081620464093,0.0021868160669023967,0.010821527029453385,0.0035724987716234734,0.0018530326265327791
2016-09-07,-0.0034244132039321193,-0.0007160447595741342,0.005688197406719427,-0.000407659059404747,0.0011906107675379934,0.0025182647363855867,-0.008775467626730961,0.0001995536742510382,0.0,0.0004935696111775764
2016-09-08,-0.005315481388614766,-0.012621232108152554,0.01854494989281743,-0.000816161770536573,-0.0008506101451707314,-0.0082077888499368,-0.00552356362136047,0.0033818918345309137,0.000823143602911086,-0.008672049111053098
2016-09-09,-0.006605326760192751,-0.016610603033600214,-0.030241199260207092,-0.01895397298750202,-0.028646828887415442,-0.0248193358343898,-0.027517453243252613,-0.03825969629430208,-0.02021140219317573,-0.024434401616793045
2016-09-12,-0.0012631537514554386,0.0005164543265970374,0.009851079357913805,0.01116859507463896,0.01269896050235709,0.01654326052068829,0.01861503929922054,0.01759100490948929,0.014714256662367491,0.013928111497332411
2016-09-13,-0.006657679739988439,-0.011422871632870063,-0.028970811349516245,-0.01784661906362491,-0.014802159625116912,-0.007271187910212742,-0.012371600504756239,-0.013883523463535892,-0.013456646172088355,-0.0143108086767024
2016-09-14,0.0034136523813896856,0.0014909849768525193,-0.011916333071086197,-0.0025155354194672853,-0.00087769308812449,0.004710743535694817,-0.003022075112155403,0.003898538473048048,0.0,0.0001273665037515525
2016-09-15,-0.006440074325495563,-0.004330183104930985,0.012355132616020045,0.005860474429120584,0.007870540152389367,0.016315946350292834,0.00810170199782625,0.007548604805782041,0.010282203615941817,0.007243260867527057
2016-09-16,-0.002475784418470438,0.00804761377090547,-0.008106689479708135,-0.009523067949321536,-0.008408214031649791,-0.0036792258875426804,-0.003252696239657016,0.009709896848088297,0.0006798460175209399,-0.002162714991408011
2016-09-19,0.002076861031546589,-0.00327068031916831,-0.0005931701303342839,0.006356498784767814,0.004406218070236856,-0.0019079903227433236,-0.002085736289795265,0.009898427765934673,-0.0036122530644660342,-0.0007643219985316672
2016-09-20,0.0009571124160197729,0.003493177194898179,-0.007295582664041319,0.0005177171512124337,0.0008792029800834839,-0.0006371348334629071,0.002653759932090845,-0.0018109180982498274,0.0030572797151549847,0.0007643219985316459
2016-09-21,0.014483211562644741,0.008054596636037036,0.022897990772729405,0.006192023339637697,0.01291921236759897,0.011192055540509392,0.005475375365090976,0.020134437789474952,0.009940795062039522,0.009633696753815982
2016-09-22,0.0023544435304930274,0.007917234047033664,0.0011676386629181303,0.0020555556847256023,0.007086737895050355,0.00607162184592263,0.008810519068019393,0.006099570988168066,0.007527331055494447,0.007290052525867268
2016-09-23,0.0006269244831308528,-0.0009496118895073378,-0.01336390467086848,-0.0051470096285110315,-0.005873111372976289,-0.008804967727424277,-0.0044894423356961295,-0.0007851434033824827,-0.00314079722248177,-0.0022566970221452915
2016-09-26,-0.0007836871273147406,0.00633844522041547,-0.004445079182245807,-0.016125011745310794,-0.0043410488170684105,-0.00591358450280165,-0.00847216183012567,-0.00255522052115721,-0.01169436206821783,-0.011106994469628035
2016-09-27,-0.007317971706278326,0.007308737078414894,-0.006704718443888602,0.007834814447043847,0.006936272962365461,0.01095430715469049,0.004151085097802461,-0.013074557712548356,0.007032941581199876,0.010102474999172271
2016-09-28,-0.003164070980187106,-0.0021656347836181114,0.042297867679602474,0.00467191075120221,0.007745889762297699,0.001884070023851844,0.0016931287639088792,-0.0013971171197132484,-0.001512336202613553,0.002760320515142211
2016-09-29,-0.001189120004834333,0.002525925645756516,-0.001721223414017283,-0.014081188827719226,-0.007918659067463767,-0.006083171805963813,-0.009822264061090703,-0.015089017399337795,-0.017773705508530187,-0.005150424182789656
2016-09-30,-0.0034166360099868506,-0.008977160877096704,0.013545497229964499,0.013562849680353555,0.008947120972138881,0.005246392592365863,0.010010243494232312,-0.006916427176832223,0.01017510665242018,0.008028075827921805
2016-10-03,-0.002550206163687112,-0.0033055328857045977,-0.000708440903698165,-0.004673864704536527,0.0008560904683016471,-0.002934297893388589,-0.006410369717029275,-0.014184634991956413,-0.0008324203717441639,-0.0006251194391502897
2016-10-04,-0.03532787258610445,-0.011763856603314107,-0.0102564118235464,0.0041558467586316015,-0.008421814472838957,-0.0035746141806180425,-0.00854770497446177,-0.021132696099955564,-0.0019452204755689819,-0.0035063460711639064
2016-10-05,-0.0015718922897908132,-0.004670390227958498,0.015204671967712888,0.015942276457115528,0.006365748900152119,0.0035746141806181353,-0.0009541454543687686,-0.0021169918684527983,0.003886478542751192,0.004131465510314097
2016-10-06,-0.009316280206747919,-0.005588219572795983,0.0015496830257155864,0.0015298618721962087,0.0,0.002306319863983538,0.0019074752345656855,-0.0002118256427122868,-0.0037472887304745017,0.000749459751357874
2016-10-07,0.0006682890904549356,0.0006716186140809365,-0.00578950226618403,-0.0005096552757568014,-0.012945559590322788,-0.002726689551236121,-0.002671767573079773,-0.001272225349875463,-0.0006952093885108571,-0.004504468241364703
2016-10-10,0.003501510836135797,-0.0059158870032917235,0.015597793231368631,0.005083978226985697,0.0010418000641830565,0.00690639532623015,0.0,0.008242144929587395,0.004580714422019561,0.001628870198153522
2016-10-11,-0.005089499061391544,-0.0022562807873781517,-0.011499038633887062,-0.009169899511801183,-0.010467717783070537,-0.011325733276291588,-0.0051731029134989,-0.011430740873505053,-0.025388523723078843,-0.012219342602850652
2016-10-12,0.0015879882252557648,0.0009785500532260769,-0.0042406587667849,-0.0010235694582772287,0.001927319541259914,0.0016859920685598476,0.005555181000474365,0.00974576614031386,-0.004699480284882868,0.0046786727011637426
2016-10-13,0.0024189937106391113,0.0037530012717509813,-0.005539162510333949,-0.00978158656616262,-0.00034996666938469416,-0.006337605305106714,0.00019084324035254294,0.01236251173350827,0.00042802323493261804,-0.0036651594971091835
2016-10-14,-0.005597559798283797,-0.014110575384372591,-0.005856894242784165,0.004645268725464103,0.002098986318611842,0.003807327577701914,0.00019137101118604132,-0.005638608887132802,-0.00672788629450333,-0.0011401412534247136
2016-10-17,0.0026773752071126027,0.0063624063858845155,-0.004883058936808315,-0.004645268725464043,-0.0026244417069906717,-0.0021132137925885816,-0.004785375957183682,0.005430444927940464,-0.0033095406733025575,-0.008273369238904274
2016-10-18,0.006164100054633751,0.003242075647276628,0.004023144953776724,0.008242980551703125,0.002099852612926169,0.0054851123897704185,0.003065013752466055,0.008503542376462244,0.01189075962625332,0.006624140850290186
2016-10-19,0.005713611741873303,0.000827925935536387,0.014095880443269008,0.008685045438086975,0.003142082791241216,0.001891725011724573,-0.005754652456439136,-0.0022743003840176856,-0.0037096590147322156,0.004433901519506327
2016-10-20,-0.0030597728971404627,0.0010523506627359075,-0.0011314699795181625,0.0,-0.005417411128520048,-0.00463043147576943,-0.0005774898891285831,-0.0006215120905289893,0.0047059270553371545,-0.0018974408246142374
2016-10-21,0.0007451585177257722,0.0015015147030401207,-0.006532484418461166,-0.0005089931201255334,-0.0014027068484202868,0.0027387064640448087,0.00537534610074011,-0.005816044647662668,-0.008285603573365602,0.007946904477522049
2016-10-24,-0.0022370801255002003,-0.004360400161366235,-0.002996294188275874,0.0030488094734708177,0.0019283331501521214,0.009631758377770864,0.006488571055979268,0.0037429350315708425,-0.0018665828393980397,0.007136435389217885
2016-10-25,0.0075197946939096144,0.002633474954723921,-0.004583254181525288,-0.0010153144409429636,-0.002630504042130736,-0.003548586571807004,0.0036077671869439486,0.00620711816587168,-0.0028784617517453653,-0.011796146266054406
2016-10-26,-0.0056138205649168835,-0.006785444698118833,0.0022944147378959174,0.006076136303802532,0.0035057770699808894,-0.005662272253097242,-0.0013275553229753659,0.002472651182545582,-0.006072166292980578,-0.004300963293702292
2016-10-27,0.0018196962666163264,-0.01095468514531678,-0.0037310612355128257,0.002520953370619375,-0.0068474227504502876,-0.001262520422643582,-0.004565259429449517,-0.005985147641796446,0.004629596407024258,-0.00840256350509576
2016-10-28,0.00469929291776931,-0.0022201450174051856,-0.002735058818746632,-0.00454211761488291,0.00597214972259992,-0.001053511842479561,0.004185366847358955,0.003100076659000087,-0.02188915177628371,-0.002303777657078255
2016-10-31,0.0029566431199742503,0.006113789210006212,-0.010870381794201458,-0.0015186738699378476,0.001924464689998603,-0.00042169792381247195,0.002465140501097833,0.019819002066566182,-0.006215819677643819,0.0007685516683773658
2016-11-01,0.006457707460557924,7.649519024001975e-05,0.00014575137246182037,-0.004060800102003451,-0.00860171075915617,-0.008683825948011568,-0.004365459782975816,-0.0183752135774707,-0.005358761325590133,-0.007067355238574346
2016-11-02,0.0073872643657927,0.004341165898106269,-0.011135681448132947,-0.006634407179591759,-0.003709457197152984,-0.006401803078737556,-0.002475938858915349,-0.012649611544722184,-0.005237570312342056,-0.0060793676936670045
2016-11-03,0.005323910740822454,-0.00770546220271206,0.00397009043093734,0.0010232786275948978,-0.0015936364922621267,-0.009680939000174207,-0.0068886205336772905,0.003749708577655374,-0.009497288618195187,-0.0025976416086394625
2016-11-04,0.0007237632468996816,0.008920943977560585,-0.0054449882559975266,-0.003073916886089996,0.0008856582838875812,-0.0017305861078528387,-0.009065431105491233,-0.0031238516284215734,0.006943568665787176,-0.0019526415977514327
2016-11-07,-0.01817197611952108,-0.008538185281891613,0.02131497247583954,0.024830574712873962,0.024316964855265938,0.021423484839999198,0.016716459936241358,0.017366408924687455,0.025249837654750678,0.0228055727085527
2016-11-08,-0.004183952404118774,-0.00406619018945785,0.0012988837488310096,0.0005007022578916051,0.006030934568229151,0.0048628869925091975,0.00418354116915814,0.007758635010375003,0.0027829819485293266,0.004067846904681511
2016-11-09,-0.0006579098268443167,-0.043358506178292455,0.016169920603284163,0.0416414069482211,0.02477192939669455,-0.0012665179012139407,-0.013756437874906293,-0.037505715586402595,0.03464246552902228,0.0020280546593582235
2016-11-10,-0.015001711673607077,-0.014880859395163976,0.004249588076566953,0.036282186289848896,0.021060440359060035,-0.016180822895154205,-0.027105371523225563,-0.024365418950014844,0.010959627105224475,0.0036651594971091753
2016-11-11,-0.022377978717915834,-0.005637615414741593,-0.018401972522490723,0.002772564242100461,0.001803455441545408,0.0030006906320154034,-0.000988579798421218,-0.0041190846481741475,-0.015064977246368875,0.00566077372060412
2016-11-14,-0.008490234677527317,-0.005999793661353885,0.005599129945513442,0.024163496420506206,0.00424971472847563,-0.015310179451700327,-0.0017828081539128999,-0.0006524194529569469,-0.0031263588485598826,0.0001253097445801789
2016-11-15,0.00866105076842777,0.004933784203375358,0.02781285609966877,-0.0009015885812622753,0.003744420700524544,0.014025039321566617,0.0061261021878541815,0.015959394713821816,0.0028420575095655957,0.0038807247283562485
2016-11-16,-0.002992914324639686,0.008982178027732999,-0.006986068689100595,-0.01453207701995396,-0.005703589244097137,0.009171645247456875,0.00019749959371134163,-0.0068700301914971845,-0.004265706685616487,0.005482027931219014
2016-11-17,-0.005151539575840869,-0.014823091771523635,-0.006752789355464463,0.013629983004246168,0.0021222900069249317,0.006349051521321624,-0.0017745296375588592,0.0002154043920274508,0.003981705419476624,0.011980777532619787
2016-11-18,-0.008818980245606385,-0.002892086132606436,0.004085394357593216,0.0,-0.00032626953965761413,-0.0008440189590815945,-0.0035581441218797073,-0.003019446347883138,-0.0107024693366487,-0.003074320378895782
2016-11-21,0.0037273072140238833,0.002478995013756562,0.023481334255476372,0.0036042201302542804,0.005369079747675788,0.010083892241885339,0.006710108543873582,0.010529186093229077,0.003580061346800892,0.006506198445264214
2016-11-22,-0.000346148454927052,-0.0003297708271128467,-0.0005494932772554456,0.00044932137215597615,0.004532891435379193,0.003130591559011884,0.005101112113426746,0.003840691907486101,-0.01454388880362709,0.011798105531344319
2016-11-23,-0.020019033913875547,-0.003888482634068326,0.004113665226908743,0.0058254226014683224,0.007402481119006146,-0.003967109114014536,-0.005494734353253328,-0.010058978772208654,0.0039086941383961685,0.0009674740402059486
2016-11-25,-0.005667237234161627,0.0014906236738803365,-0.004938432846578957,0.0013398508470398752,0.005436789806212593,0.00417560767047383,0.007840368149652156,0.014308723080184394,0.003893346966401058,0.0024128230032699864
2016-11-28,0.01051202138010083,0.007339688395546763,-0.013986332816962783,-0.011669653474013943,-0.006880659549400567,0.0008327700890872079,0.0021450298509477664,0.019112167994003195,-0.0075119500601023145,-0.007985633973216917
2016-11-29,-0.004668228933024721,0.004181573356290367,-0.012347338951956313,0.002704959526027737,0.0008027197376570322,0.0006244516022026189,0.0013628972376509177,0.004152243690212735,0.006504383565905821,0.002668901881207894
2016-11-30,-0.013510086082379656,-0.01633288549053097,0.04957633016517639,0.013416728849969034,0.0012825374417280216,-0.011928760974642473,-0.016081842573780654,-0.031996473331556044,-0.00955434962042254,-0.008394478088654688
2016-12-01,-0.0018809543242076046,-0.010614701455374352,0.0024158370710102134,0.017177458903550793,0.006547927811742716,-0.020847218803260157,-0.0065455657893744405,-0.00794548936594522,-0.0072990365342968915,0.0004884148578290931
2016-12-02,0.005364806083291903,0.0073006437365860325,0.002944139782411627,-0.010976938165069984,-0.00015915460314576998,0.0036478420597912385,0.006347908427668657,0.009015003821271985,0.0023413284232768556,-0.005510252033847593
2016-12-05,-0.005364806083291772,-0.001087406257268123,0.008781215290408314,0.01185039060847903,-0.0007964396905319768,0.00959157725431587,0.0011855530929437968,0.0012810288041698726,-0.0017556295606944547,0.010868867818879281
2016-12-06,-0.0009866853717861235,-0.0007540205636016974,-0.0018566039037015126,0.008687994395138517,0.0019102762986099003,0.0029656434581259695,0.0029583299045308773,-0.0019226002042443205,0.0027785048256819328,0.002305243937268835
2016-12-07,0.003583283615967486,0.00850870066308637,0.007931473858396416,0.015450596750870675,0.01843606471863029,0.018856455107055033,0.014273334586872535,0.01295820236922167,-0.008653096089289361,0.019203558310729337
2016-12-08,-0.0023276835438489365,-0.01186463872739461,0.005384132284914337,0.009326359480131273,-0.0056366991682485065,0.002487791594296424,-0.0040850359649898275,0.0016871862654541788,0.0019128723449500428,0.0
2016-12-09,-0.010542046205441346,-0.012517235357579527,0.0031378042476743542,0.0021074204659461285,0.0045431500609141185,0.007220350940993407,0.014322159229576359,0.010480234359046709,0.012128869274985432,0.002256245630968806
2016-12-12,0.003797113021044969,0.0018707770764136648,0.004689093334145033,-0.009731604556865815,-0.0036015732845764013,-0.0030883153696397137,0.0040271574603161,0.010371111532084323,0.0047811605290447355,-0.008337299476986049
2016-12-13,-0.0033443584495007656,0.0035611189357493984,0.011240912473119083,0.0025478910230296047,-0.0014126625296795557,0.012498770561703954,0.004582506437058389,0.01026486538596866,0.008061990604777892,0.008929998419599926
2016-12-14,-0.014775853703028299,-0.011235841522854116,-0.02024739087262397,-0.004675942130458829,-0.010104178922691333,-0.003467259417271573,-0.010918768365225874,-0.020844831492361656,-0.0051748314709389835,-0.006779530885488438
2016-12-15,-0.013785715901107687,0.0050374478946683555,0.0022268563496926877,0.00848555166541881,0.0011101981991613612,0.004484964684164019,0.004228569422256344,0.0070655909763679995,0.006464942395651016,-0.0023898730846313686
2016-12-16,0.006592778565065466,-0.0023019177017624378,0.006187844493889454,-0.00865248003302266,-0.002011424756704344,-0.007258920755380649,0.00570323814853656,0.012116459297455256,0.0007908430118297928,-0.004921903652471168
2016-12-19,0.004985177307786946,0.010699060699597333,-0.0045849955284766155,0.000427789071698203,0.005577055599314245,0.007177374364807256,0.0019189623118015054,0.003710886559022895,-0.0041765943772503426,0.002657201366391114
2016-12-20,-0.007394390217464912,-0.004995896541545051,-0.002234455840168887,0.012332973754641088,0.005704335774137688,0.003671307595575118,-0.0019189623118015839,0.001234118318169859,-0.0007220551374002737,0.007928799813312721
2016-12-21,0.0005564603998491446,0.0044049519434506265,0.0015776420455577702,-0.0025392932625726942,-0.0037992491131907218,-0.002038046217229214,-0.00019224920214065596,-0.004119277969942316,-0.00564819701240492,-0.0004788814574526345
2016-12-22,-0.0024136861188265224,-0.0017898735007660738,0.004064631871332892,-0.00254556516870201,-0.0019050866609469298,-0.00204212254702976,-0.0015387611922110997,0.0035022516046011067,0.001306239655836918,-0.010832973661116664
2016-12-23,0.003155199096609045,0.0020352231901786706,-0.0009162060704726581,0.0016976671330855412,0.0009528906060699599,0.0010217111050012028,0.001923222643840327,-0.00020498950406777356,0.00751444071544968,-0.002180829842907
2016-12-27,0.005820121372820581,-0.003224338307949575,0.002224005732273858,0.001271529618603203,0.0020618405492427504,0.00407558386738327,-0.00019221224948850593,0.0008220158694089955,0.0020131658308410907,0.0038740408432374035
2016-12-28,0.0027596655752010505,0.007281729055021711,-0.010906067812832272,-0.010217312075054871,-0.010511409336788149,-0.00898867371202055,-0.0061671682093176515,-0.009500055835702804,-0.0076438088036468324,-0.0069106227914868205
2016-12-29,0.01305061000633585,0.003536971618856741,-0.0019835464827308957,-0.007300838951098377,-0.0003202241080996045,0.00020520549490548928,0.0046287970950304866,0.01339809693105388,0.0017360976237429959,-0.0013390920937165444
2016-12-30,-0.006184651823121631,0.0015125603641820248,-0.0029168147056862588,0.0021531079386285274,-0.003529536947869983,-0.007826870149275302,-0.005015428170496894,-0.005543590430109449,-0.0036198953663867375,-0.008440957217320511
2017-01-03,0.00781538513824579,0.004271750384471681,0.011222181307829636,0.011120629657240819,0.005928936137612781,0.008852008413685076,0.0036675859513005437,-0.002473728635184071,0.012970102886476582,0.005879091246570106
2017-01-04,0.0035241475629946054,0.003837564467959146,-0.002102811244875569,0.0080492346352315,0.005894203828822189,0.003478418785532477,0.0,0.0037082494624689176,0.007844516959189474,0.013224828531249502
2017-01-05,0.015395946803090798,0.015532386179270823,-0.0025026227351194895,-0.010178409343373615,-0.0028631919988400738,0.0016325948346168327,0.003270507021585966,0.0010277793146772024,0.005101017288063236,-0.0007234033703698584
2017-01-06,-0.007399862806677905,-0.009224505433721247,0.0009223851782623429,0.003404391386737438,0.005717926486197039,0.007313956215559073,0.0009593852413979172,0.0030767013021031804,0.002822981256260959,0.00493287494105281
2017-01-09,0.008198942430912352,0.007993784343165262,-0.014600401749279061,-0.006820412256772381,-0.007790731264305785,-0.0002022087489360956,-0.00809089709495237,-0.013193507945009642,0.004219523101068897,-0.0008404578347530499
2017-01-10,0.004251209640407789,-0.0006566069109401208,-0.009133872994566791,0.002136259246537949,0.004141392941820529,0.00020220874893604878,-0.005041972131660397,-0.0031176265065106026,0.0035024911278366856,0.0035970707867155
2017-01-11,0.003088451356458922,0.0033618548023770936,0.010736958085682766,0.006381820143319952,0.005232062338279042,0.0046452171501646065,0.0019423609881537574,0.010354405838693488,-0.010120857470089489,0.0021520481289909405
2017-01-12,0.0036058581395100996,-0.0022128103155343282,-0.004146959965103479,-0.008518079389857854,-0.004119878804012927,-0.00242056384945072,-0.0009703766438325518,0.0008237266980782117,0.0009884116186116996,-0.0009559607958323363
2017-01-13,0.002630155985373185,-0.0047691340480577465,-0.0029536984805563753,0.00554519557817697,0.0038034636675437204,0.003024896064915525,0.000582319999767534,-0.0014422568749852631,0.0009876867894862312,0.003699293428587105
2017-01-17,0.014257386660884261,0.010414399564393556,0.006165599967160563,-0.024107888247708636,-0.00778083357961415,-0.0038333655171107336,0.014069883604813186,0.010866715965628142,-0.005089072711090816,0.0016661125277189722
2017-01-18,-0.00849515963956113,-0.012890894923457644,-0.0022739868366131503,0.008244639331037881,0.0038184507662498085,0.0026242510373858403,0.0034390239974294583,-0.0012246100809083346,-0.0012766095292411875,-0.001785803489983392
2017-01-19,-0.0008709816243126054,-0.006882848503632136,-0.005505828130310335,-0.00433090778402991,0.007278631849117238,-0.0014122154859772978,-0.0036305372657820297,-0.008817554110380826,-0.006406082304060546,-0.0031015078357804356
2017-01-20,0.0024367465635147297,-0.0019990340755192473,0.0037635875355596783,0.004762958936677791,0.0001576962962071444,0.005436475201704068,0.006487244254427772,0.001851971800276857,-0.002574006126034876,0.0028632791951656036
2017-01-23,0.006411370524106662,0.009956103822840748,-0.010655087857943975,-0.006500351175542785,-0.005532308733638627,0.0018056383814622457,-0.000380286686813221,-0.005153421616308245,-0.004160822320225453,0.0007149142023824237
2017-01-24,-0.00450104004040464,-0.006875929280434654,0.010923142741354464,0.012529548629175578,0.009936055923529138,0.0061944533036324394,0.006636998822191299,-0.00020628064459755042,-0.0069254828236071896,0.008181824816287988
2017-01-25,-0.00827564253844338,-0.012630396996092518,0.0052169971468683605,0.016606916148158346,0.010459993507226685,0.00951640311698972,-0.000189216507487359,0.0,0.00936669799987368,0.006121828226272549
2017-01-26,-0.009315451405169057,0.0033615977167105633,0.000800527530239537,0.002530438972959164,0.002326819561594886,-0.0027663615325073136,-0.004356972084812806,0.0004131519605057762,-0.0077754229593867494,0.0015251094485630359
2017-01-27,0.0020286289430193087,0.0036013413416090133,-0.010453544813993966,-0.0037983032217553947,-0.0007748665519295581,0.003949559108308332,-0.005521313688420161,-0.0002068713159082441,0.008205506281807188,-0.0031694972523471565
2017-01-30,0.00422055808840963,-0.0030139049481921762,-0.018491301529252553,-0.008066226297114292,-0.008565003798181502,-0.008113211624991203,-0.0007639037878891637,0.0008261739102705969,-0.004886169044269465,-0.0011762485782645942
2017-01-31,0.013768096552717091,0.006934597665214819,0.00041192319622481517,-0.006414082632402468,-0.008797029445376421,-0.004979603037384248,0.004764968947196551,0.015367937166249231,0.015865427510777488,-0.0015312635411158465
2017-02-01,-0.0030336413602642647,-0.00620251603396828,-0.007435033154241443,0.0012860537337389558,-0.0017368968275914556,0.00755923678139847,-0.007826620345516698,-0.01743465315967269,0.0086126306418078,-0.001888305082900006
2017-02-02,0.005540175253055062,-0.00041961234519329385,0.0056498358293995445,-0.003863426050435192,-0.0018986680467847998,-0.0019836209435217253,0.009156790112954956,0.010497287900623325,-0.00028101327258824103,-0.0008270520624471675
2017-02-03,0.0025003325828475273,-0.00042028884324941094,0.00862061474156064,0.020013184224463777,0.007414929465331251,0.006531146305745829,0.006435854441298313,0.0012278047279329794,0.004349787021429958,-0.0013008811951008708
2017-02-06,0.013428758731217077,0.006032331524484348,-0.008483125196921692,-0.004648141136939155,0.001413929204366744,0.00059194676061777,-0.005486656319918474,-0.002047144626073848,0.0011193906968000906,-0.00296335360397715
2017-02-07,-0.0020411460379591725,0.007323479571488675,-0.01425320416012931,-0.0025447743038992813,0.0017249117542895392,0.003935404282301486,0.008124597399741746,0.002456008486842173,0.0009790233513686216,-0.0009502699911929958
2017-02-08,0.006195677380773737,0.013506833688687582,0.002366265107844629,-0.006817217610978466,-0.001410929838414863,0.0017658752678662859,0.0041312097378923005,0.009764154971359577,-0.0015386555450305182,0.006159933632509956
2017-02-09,-0.007644011341685387,-0.011601606464717834,0.011199843241141464,0.013588275270872535,0.00765886066677398,0.0031317004141349115,0.004114851625480971,-0.008538565451119123,0.003632054565553287,0.006239174079250405
2017-02-10,0.0026395141502793757,-0.0005792567987733717,0.0075334399461580255,0.002948130563303741,0.007910469055009578,0.002927482080149726,0.0007461402046434674,0.006309274791008699,0.0019500377475494518,0.0060842579541845075
2017-02-13,-0.006825925967175972,-0.003151983202541246,0.001908922057430783,0.011289908449224785,0.009991245324806431,0.00447124413848845,0.0,0.0048571405915084995,0.006104173861655628,0.0011658850309482268
2017-02-14,0.0011123712399388251,-0.0072529611277952115,0.00326359132133996,0.011575426406634523,0.0004588414021026735,0.0032927326404202104,0.0001864936662276763,-0.007294690443960476,0.007852919608174292,0.005692717732407131
2017-02-15,0.004437217359329355,-0.004612878499802153,-0.003945078718026229,0.007778910287596987,0.005336541407355194,0.0032811173608628384,0.009095122153432835,-0.0024429853375928473,0.010782992737080367,0.005199490045172319
2017-02-16,0.005349691237603728,0.005449113770254207,-0.013723146381399712,-0.002450030378579805,0.0003039237434302054,0.0023097510040251132,0.001292679725452503,0.009939992358601728,-0.0013582634274300538,-0.005083666700745979
2017-02-17,-0.003393297472611437,0.005918772966061412,-0.005542349196843417,0.000408832643098288,0.0016712876341097816,0.003455056235270244,0.004970007103196922,0.0006050555408067685,0.0013582634274300386,0.003237619091040728
2017-02-21,0.0005946540100771037,-0.0017471450723048653,0.0067855184764273125,0.004891985062532787,0.004995954310970087,0.005160104298780131,0.008957482871056726,0.010435315143423007,0.004469850688168649,0.005756575396707466
2017-02-22,0.0013579197505681978,0.0016637576353781905,-0.01529731229973488,0.0008132700992574936,-0.002722112819237404,0.0011430739601013826,0.00018180230170525058,0.004183937699628723,-0.0014875706475134102,0.0
2017-02-23,0.00869753215772013,0.0029877894559794116,0.004195219691690862,0.0,-0.006532587652556882,-0.0001905148541817636,0.0023624678054019214,0.010284945985928875,0.007282153922060669,-0.006796095971262479
2017-02-24,0.006369402264058893,0.011043329460663663,-0.009393461965835912,-0.007750627908943639,0.004258746160824244,0.0022828293419400155,0.003443128093237717,0.015037868363629857,0.004826049820828017,0.004612805299917662
2017-02-27,-0.004857175635850916,-0.005918448451139627,0.008555809133901915,0.005309384499645284,0.0036358579189750026,-0.0005700593915045585,-0.004532749702719417,-0.0056369535998079786,0.004802693088436566,0.0011494516213503328
2017-02-28,0.0009230175401251751,0.003702970070629207,-0.0030774895830617552,-0.0004076847899753037,-0.004091220183660528,-0.004764350912494967,0.0012708732764972702,0.009119993822987931,-0.0019984978768916484,-0.0074972930367395016
2017-03-01,-0.0014268817535847192,-0.01689830706468454,0.019835634170793624,0.028125835163740027,0.016713351293998525,0.014036662778421017,0.004707671073525033,-0.008925154883834618,0.009951964179698151,0.011167872476409716
2017-03-02,-0.012508578672614061,-0.003605516090527178,-0.009522003493700373,-0.015571826595205875,-0.010809349780032404,-0.006614545346641881,-0.0001806652512699338,0.007184953542426317,-0.003173728870215222,-0.002407207473743985
2017-03-03,-0.0005955140219627113,0.0026006306373423786,-0.0018042103670750911,0.004816811238124948,0.0010561422889222552,0.0022728058369559556,-0.0038011750988888506,-0.003100593508804693,0.003965384125086235,-0.0014929065699003999
2017-03-06,-0.006745539852068463,-0.004787524072014152,0.0022204163798610686,-0.007638276687696053,-0.002415622706495278,-0.0015144442560792598,-0.004361928519278273,-0.0019428387734588364,-0.003833273397703651,-0.0032239493686850858
2017-03-07,-0.008086086565359004,-0.0030351642432092834,-0.008910064834967302,-0.0028288067220561077,-0.0028758044951361773,0.0,-0.00127586224971901,-0.0005833797166904752,-0.007043491699545287,-0.003233796078466661
2017-03-08,-0.00623811789096147,-0.005419325173684561,-0.02635459001558362,0.00040478883617945424,-0.0034925818552658714,0.0011359091680391443,-0.002190961232820419,-0.014504682330336712,0.003993303734811675,0.004156412437613174
2017-03-09,-0.005140919622256687,-0.008012739511548848,0.006582612956996368,0.0036340096028601005,-0.004573757755692745,-0.00018896382233036084,0.0016436261914445967,-0.002173809869754441,0.00543120247817112,-0.0009226163591465846
2017-03-10,0.0021815968976861885,0.003502742886267348,-0.0014272934764442882,-0.0008065289164164511,0.006093865069807216,0.0052856751900997685,0.004551731352145061,0.008275592220028799,0.0038244090212868394,0.0014982054709154187
2017-03-13,0.00017429306368691534,-0.006331020825827603,0.00014266852221500823,0.0024180026490043917,-0.0006076570264554345,0.0009413013494138,0.0007263120678463893,0.0029391494748587945,-0.0007902480592755939,0.0026448154455293825
2017-03-14,-0.005418130142924943,0.004794787289476724,-0.011346501256653633,-0.0028214654495712288,-0.009467374955906853,-0.0022598856455456526,-0.0029085967907263336,-0.0009785902313500122,-0.0036944948041722275,-0.0002296646828864017
2017-03-15,0.018492494054675904,0.012141213608380686,0.022000958394526326,-0.0016153894052982403,0.011289442744206526,0.006764393154172686,0.00743633303412577,0.015931965606215695,0.012480754324649247,0.005269562396687138
2017-03-16,0.004120559955210867,-0.005076121555505194,-0.0070903434827049305,0.001615389405298213,-0.004561375461679704,0.0005613645209724185,0.0014444931023143846,-0.011047766413134772,-0.009708633743386392,-0.00011377040685284623
2017-03-17,0.0022248383768926597,0.006256111287528909,-0.0007305395157724188,-0.00984898905791311,0.00545020792366548,0.0021585315872337607,-0.002724266453097486,0.006010369690108931,-0.005519831785717616,0.0012711025804047341
2017-03-20,0.004435011725418118,0.004290205641471088,-0.001433500425286106,-0.008213588635999225,-0.0018288596742111031,0.0009367036388645307,0.0019984854567454825,-0.006658851536422582,-0.0014643058197862195,-0.0024067432518930683
2017-03-21,0.008727009558066982,0.0082743351512123,-0.007055011307954097,-0.02844192299228906,-0.01537079397125962,-0.014716849972407907,-0.0009081001402611323,0.014049346015718178,-0.007892768821101763,-0.01270209101820108
2017-03-22,0.0024434516279076965,0.003987157863605133,-0.0014460527500391013,-0.002123495391270781,0.0035560945974725177,0.006252629519218335,-0.00200039144230372,0.00483218123718114,0.0002683559602984063,0.00116167223701105
2017-03-23,-0.0013473994637167544,-0.0014104722966085954,-0.004059750503055784,0.0021234953912707202,-0.0013896151242936768,-0.002647991848523354,-0.0021866896470961856,-0.0030897126773164994,-0.0030924817970688087,0.0023181445734335006
2017-03-24,0.0015998188263154015,0.003563385874266859,-0.0039302385744330115,-0.0012734793147265169,-0.0026310508180068365,0.0007573639838496129,-0.0020090599131773533,0.00366823508862036,0.0005384558277157217,0.0024293999886089625
2017-03-27,0.005621040603803889,0.004540043931345215,-0.004678333651884602,-0.0038302937392097986,-0.0035704468546236138,0.0,-0.000914755380079949,-0.0038618127056119296,0.002688534342940444,-0.0003466133711022736
2017-03-28,-0.0041077969016607725,-0.006692957509003506,0.014114375479412506,0.013553327483147845,0.010519810347896999,0.007165825469133068,0.0018282306962703412,-0.000773998364963178,0.0006711991517345254,0.007598357122747618
2017-03-29,0.002433200950322697,0.005951331538682276,0.013633248013158693,-0.006330463122616106,-0.000154288621609157,0.0016895775818488224,0.001824717070761532,-0.0027145582752580583,0.0002681869418319265,0.0059461265068042075
2017-03-30,-0.00723300545545795,-0.008109383900573865,-0.00028555908779935997,0.01303918902271082,0.005525968214989178,0.0018742099326433117,-0.0020072387994585048,-0.007795811882292306,0.00013400700236393767,0.0026189897172452055
2017-03-31,0.002108015430704589,0.002904185555255316,-0.003427089239153683,-0.00839282065722832,-0.004141508202702715,-0.00187420993264319,-0.002927560108111481,0.0039058485553669924,-0.0028199538962875707,0.00011373016700189614
2017-04-03,0.005292550298656713,0.010036395079938087,-0.0017183194016674214,-0.0021092576994762554,-0.0021541366152615002,-0.0009380313939750001,-0.0016500917526630935,-0.00019524675012249395,0.0008065895393313157,-0.003987700726759977
2017-04-04,0.002259734577374107,-0.005439742348615195,0.007281897258384281,-0.0012679416636584492,0.0026150610133001814,0.0007505896160577045,0.0029319428932012776,0.003114260072334024,-0.0005380517575512791,-0.0015992954730679367
2017-04-05,0.0,0.003053362783279634,-0.003134634323926381,-0.007640154743952522,-0.0032313525021450437,-0.004136334906448258,-0.001831133567313007,0.005619235148341702,-0.0030963466338566705,-0.0024040838680758317
2017-04-06,-0.0036851166978419136,-0.001484129610300085,0.00796001855908989,0.006370985741604986,0.0027704281041064116,0.0001885336130538492,0.0,-0.0025150364138025808,0.0017515621354173895,0.0030900136768891888
2017-04-07,0.002346621760815808,-0.004051257444344932,-0.0038301226497576084,-0.0042425866978662696,0.0010754331208784507,-0.0005652347694248032,0.002745888947392963,-0.004271057940165824,0.001748261010173694,-0.002975288532396215
2017-04-10,0.0,0.004628205300294207,0.007504706950455164,-0.0025543920109525847,0.002453584421307563,-0.0018865056052271402,0.0029203481517303797,0.0017495817120282756,-0.0018832093791863146,0.003660462415516702
2017-04-11,0.014378002485395934,0.00943859091321487,0.00014108208723048654,-0.0029881046597321644,0.0013775428019501858,-0.0037835631323621033,0.0003650094166253769,-0.00038808280052821993,-0.0013472558161229493,-0.000799176872295635
2017-04-12,0.006825356086693186,0.00545763525575595,-0.004240353561411454,-0.008156466199144749,-0.013861297590542972,-0.0034172513037975306,0.0038188835744826523,0.00735547016170958,0.0,-0.004008076908466094
2017-04-13,0.0047420728437496,0.003082696793551687,-0.01844107114249367,-0.013015451412270928,-0.007159671937500838,-0.004002207365885936,-0.004548592365498654,-0.0032839240428770597,-0.0025650733424616282,-0.00702309680664556
2017-04-17,-0.002940703113613842,-0.0030826967935517805,0.002161804135692158,0.017316528299203444,0.010875009935544825,0.0091238338262033,0.007086876779717507,0.004440075886673738,0.0036430948739575647,0.010230594432530741
2017-04-18,0.004733558474010278,0.012995534856751251,-0.009402001477370223,-0.009486751317020316,-0.0032501306827686185,-0.00018923162917588795,0.004516017585528297,0.002309470524492835,-0.010968800686302193,0.00011428507116477621
2017-04-19,-0.008914361418128501,-0.005468183607576295,-0.014786843796899752,-0.0030378671831859058,0.0009296281192510322,-0.0007573639838496397,-0.0037921638005424052,-0.006943395166972366,0.0029910123080561886,0.0009145731063081179
2017-04-20,0.001887609614885789,-0.00387751061776553,0.004855360456798866,0.01680727532259026,0.012007718897627726,0.009049787014694579,-0.0019924991568500876,-0.003877697363026841,0.006225637253995878,0.010455644093620221
2017-04-21,0.002865670925194773,0.0,-0.005002646428686415,-0.010309240667703633,0.0009176161469206453,-0.00206645179749849,-0.0029044421999158453,0.005038168696537362,-0.005954246777268759,-0.002263610976022107
2017-04-24,-0.00680911772728566,-0.004950273090898481,0.005883187644977449,0.022204167192088963,0.014117458637275737,0.01177899657437253,0.009049773396388483,0.0052062510168231204,0.009858841565332102,0.006438216096107659
2017-04-25,-0.010176758825308857,-0.012112519483074692,0.008469669923900322,0.008829158825577084,0.004812252416568556,0.005191091011529359,0.003955909196814265,-0.001347124891483947,0.0042915129453724565,0.007850006429367451
2017-04-26,0.004894417227160271,0.005501915286944283,-0.0033501924041617424,-0.0008377469183896716,0.00015017715227976823,-0.0011100771882404104,-0.00810874123643678,-0.0030860302150112835,0.005471198091797156,0.004680909615241304
2017-04-27,-0.003730858335881937,-0.0003277535526633829,-0.011002665164715918,-0.004618769807397415,-0.0003000432072715,0.004064426818332149,-0.001267374463159235,0.003470773687023957,0.0021272119452780684,0.005322562229501984
2017-04-28,0.003151414614046289,0.002209305476374824,0.0007371190515656733,-0.00972714514921644,-0.0046623863615768086,0.0025778577655515794,-0.00036227632564522625,-0.0048235937378360025,0.0026524616656846394,-0.003989332880383693
2017-05-01,-0.009149943206636653,-0.008348123088243018,-0.0028045423862623677,0.006354503049426561,-0.003018854964171359,0.007510984294398111,-0.0038129963102864375,-0.006014059216188096,0.002248903837199174,0.001331824228361042
2017-05-02,-0.0001671121773228451,0.0051076646340634056,-0.00503872846629134,-0.0012679416636584492,0.004826432194283411,0.0021876214642429373,-0.006753457167037362,0.0011665929482802232,0.002771437169580672,0.0011078533672689217
2017-05-03,-0.014055680078894413,0.0006570475469697556,0.002819020552253003,0.008001984084187268,0.0007519821666115903,-0.0018226599611888576,0.0009149695440054727,-0.003504858382701096,-0.004887767276845951,-0.0058876193234406946
2017-05-04,-0.010137688898777003,-0.004938981686130087,-0.018541261174759065,0.0016761415656748964,0.0010522000206763039,-0.0007299799219157213,0.0076559966890443224,0.0035048583827010493,0.006599722205182808,-0.0015609532209778032
2017-05-05,0.001881961358121959,0.0009071020032919173,0.01572224062250587,-0.0016761415656749322,0.005093334922678435,0.0036449628038097153,0.002719996753320883,0.005427190408391852,-0.0005266768970734632,0.006229153952081221
2017-05-08,-0.002224522938679479,-0.005456303934385599,0.0071061518009880534,-0.0008394098813553169,-0.0026933218943680447,0.004356263125262816,-0.0003622331834015193,-0.0003865761292885646,-0.00620561903804328,0.0018836527756035326
2017-05-09,-0.006013737531639031,-8.315587762106531e-05,-0.008295213817781108,-0.0037853748396972646,0.0013475011437290897,0.001267076451540634,-0.0036295668936066517,-0.007375656509094308,0.0011911225434554779,0.005740033673259529
2017-05-10,-8.619187440794861e-05,-0.0011609794438639134,0.013151451775184184,0.003365547770424287,-0.0020970241937181134,0.0037918508622302345,0.0007267030173001034,0.0015573333565033279,-0.0029145339733118564,-0.003417899329264867
2017-05-11,0.003956305862795571,0.0,-0.0020574796600976797,-0.00631969857946985,-0.00029981982687307175,-0.0012625042597878423,0.0014525293721749184,0.0013603476822378472,0.0005307507434185426,-0.005981404137386667
2017-05-12,0.0028286293961139724,0.007524415723937319,-0.003389026442854626,-0.0042356856911064085,-0.005565190174254392,0.002523115634558378,-0.002907083184431518,0.00484455159964171,-0.0017257056389067707,-0.0014454316011582092
2017-05-15,0.00264989304932151,-0.002722020622075569,0.007791956261783747,0.007611078599767678,0.004664590027006948,0.005564015524860138,0.003269930195039267,0.0042438695973520575,0.006488423019098529,0.00022226030280728877
2017-05-16,0.004344332691827055,0.0037105139171504328,-0.004991383280851989,0.002944305670808622,-0.0010513921090125208,0.004643287409153252,-0.0009072762425215447,-0.007341752402524794,-0.003834669048486352,-0.0034540900620101604
2017-05-17,0.018026089242991115,0.014461745153034626,-0.009910769379193583,-0.03200630077736263,-0.02019035134162472,-0.02763668968009249,-0.0014533209620091099,0.002518158664688799,-0.01320322578655678,-0.016316849444356213
2017-05-18,-0.008214659464641018,0.0011346253659602127,-0.0002974965986577406,0.0038955345270590444,0.0013792997053358124,0.00584351289266802,0.0007270128249904878,0.003475268613431105,0.004420354440999387,0.005769216916997657
2017-05-19,0.0049536558166890015,0.002346481402046793,0.012266545100714373,0.008602095186766051,0.013083846895606158,0.0058098672525478045,0.005434583907120682,0.0038476001019627577,0.002803232633787097,0.0067453316796119754
2017-05-22,0.004178861021674379,-0.002751808238222079,-0.0022054260458760446,0.0025663134563890452,0.007679196996942932,0.007933868476182798,0.005585445113582375,0.008603737864978547,0.0026617572684264723,0.00502979479705489
2017-05-23,-0.006358807682167539,-0.006750153966727751,0.0023524129560574107,0.007659755347946394,0.002097519216434375,0.0017939810705185813,0.0010771585519570228,0.002661436539792852,0.003317881443343827,-0.0037980009504463516
2017-05-24,0.003937188086656905,0.00561466816542488,-0.005301310044127609,-0.00042430413132581705,0.001196828511093333,0.004115065782873942,0.0039408431481446375,0.005679816340016897,0.00251351619193187,0.003574966100001077
2017-05-25,-0.0010874337201151904,0.00032433892621498147,-0.018327131294854426,0.0016949902546209339,0.006556182841389267,0.0071159395033122096,0.006236995920606081,0.008084967091456464,0.004746626562256699,0.008770702490117077
2017-05-26,0.008832634206008617,0.0017023935506037453,0.0016528499886745928,-0.00042347829675573573,0.0011879867203222205,-0.0005318109265481051,0.003723576066956161,0.0,-0.0018430456490924668,0.002979552940496708
2017-05-30,-0.0033239313084347183,0.004927808473207278,-0.013451346223388453,-0.006799386063776143,-0.0002970128912297815,0.004247696903403652,-0.0003535949835306203,0.0031783181342191413,-0.0014507951608906022,0.0007712916686744015
2017-05-31,0.003987406451696997,0.0024951052156348017,-0.004269523439124688,-0.00856573724175783,0.0019273949549225094,-0.001590652508688385,0.002828441558128932,0.0050275005602785725,0.003951099088940898,0.002639280030799224
2017-06-01,0.0008286937780719529,0.00010465022811383466,0.006245462112157494,0.012396030980967662,0.006201252718565883,0.00247341202144223,0.008088733518348072,0.007033107088483267,0.010980440978180435,0.0094012689225005
2017-06-02,0.007345383440385594,0.011771159558417146,-0.011608365167725234,-0.0038302937392097986,0.003965968202711989,0.009134111209361494,0.0029728579493458773,0.00110601721583026,0.006479136599134298,0.003583848909277079
2017-06-05,0.0009862969865506888,-0.0062286429428149905,0.0018419318349751886,0.001703993395459283,-0.003524643862579281,0.0008741841158405533,0.0010468929973338618,-0.0031367731201238287,-0.00284519901213224,-0.002713909110146991
2017-06-06,0.011191515796581182,0.005432147105980137,0.011738898810708297,-0.004266212403478408,-0.0067909293733194025,-0.0019240099019947358,-0.002444939163789069,-0.0022199384909983967,-0.002464675922404626,-0.008624971796461208
2017-06-07,-0.005294262319270385,-0.004791319460415027,-0.014195505366613072,0.007665992061955519,-0.0011858305955267823,0.0031458849429305824,-0.00034949821001946114,0.0033281092113667753,0.002723508439787999,0.0017528336093201422
2017-06-08,-0.006554676702975165,-0.002645324385637371,-0.0029254357023033362,0.011390244393130416,0.0032574756927906375,0.002265929357499528,-0.007549907294473376,-0.00834179429162464,-0.0028529235269904173,-0.006479107717304863
2017-06-09,-0.009166426122606205,-0.0015263466495146418,0.023767142774547168,0.01869996956047283,0.0038360477868758527,-0.02503231135870678,-0.0012344337188736694,-0.0009311760770634775,0.006730369764559296,-0.004416350790231076
2017-06-12,-0.0014943988172197275,-0.00032142494553275025,0.0070514276375869935,0.002056248952294465,0.00367445106486514,-0.005908064880188268,-0.00017633727952643034,-0.0018650520961485883,-0.0012910797428200072,-0.0005531753174464639
2017-06-13,0.0009965350816834196,0.00016096277616245083,0.00744724581812119,0.005326469362372273,0.004099616996336267,0.007156757236307382,0.001587116744828562,0.002423786264794072,0.002064630835018958,0.006180796914330435
2017-06-14,-0.005493177805750778,0.015318534665188517,-0.018269619122211055,0.001633668588361566,-0.0010233947348722717,-0.004824989879195418,0.006323567163618001,0.005386126988675888,0.004758003150997334,-0.0005503456693414713
2017-06-15,-0.00418165701990386,-0.0015846493802694026,-0.007584906513784782,-0.0040885852785655825,0.005979039188957709,-0.004488865670989266,-0.0022791610599896686,0.005725081224935262,-0.0010269394805526796,-0.004192333386208233
2017-06-16,0.00016757431865917162,0.0019808286281602586,0.01640835692298606,-0.0011106266630236412,0.0032667969847701406,-0.0017540402473305372,-0.010560676972923977,0.004575410728171539,0.0016493554544340654,-0.0002772734061747296
2017-06-19,-0.00765446009733337,-0.0014259663652468398,-0.0063550506574909255,0.010239733098817618,0.006096708082735221,0.014732391498390111,0.004814410933034066,-0.003331986953544867,0.010371805525504268,0.0076247934541503175
2017-06-20,-0.0021131828104241023,0.008915971328315434,-0.012832389248107595,-0.00859431707183905,-0.01076699172797488,-0.008058039940731447,-0.003921099669494921,0.0005557610102301288,0.0033065046036334033,-0.012628813753394147
2017-06-21,0.002872805881766109,0.0020409558229399077,-0.016275752134058,-0.008254381678758112,-0.006751696461510644,0.005558046910499929,-0.002861271289151762,-0.0059477890452499125,0.012616759092856953,0.0015593720129634659
2017-06-22,0.0033692883509406405,0.002192403769777154,-0.0006250468934430996,-0.0062357157711471975,-0.00206394515849742,0.00035757789739782324,-0.006647737027965923,-0.0046719157553084464,0.01035276977807853,-0.002340156409784093
2017-06-23,0.004279445503072874,-0.0004696604196678902,0.006701302006827833,-0.003760123123317373,0.0036826332023647693,0.0062361904055779046,0.00036014723026997475,-0.0033769982818383283,-0.0014903253462761907,-0.0012281533853379478
2017-06-26,-0.00899959554685728,0.0037498170473988053,-0.002176746101124822,0.005426792596955603,0.000293765343607235,-0.005342953365610824,0.003956893435265145,0.006742912426940634,-0.0009946756390306307,0.0035683097951221127
2017-06-27,0.003794725232620678,-0.01073879026214867,-0.001557910122321931,0.004983406232912309,-0.0075247935036967615,-0.016565025784169834,-0.008653235828992597,-0.011263548315534534,-0.009122150198661269,-0.007934560978616865
2017-06-28,0.000757258608664271,-0.003315630132785175,0.005442013854383252,0.015619055383866215,0.008993951485430581,0.012449273930147414,0.0036146408562071747,-0.009674471646155293,0.005258810014986374,0.01004729958910129
2017-06-29,-0.004890000706728738,-0.008416989683381592,0.0021683169335557618,0.006909132804372554,-0.008549614631200256,-0.01809333553766751,-0.010701385410373476,-0.00803839616768816,-0.009157956681315488,-0.009710512490032108
2017-06-30,-0.002538742638049931,-0.002315007000941625,0.004477229348263779,-0.0008106018483254765,0.008255955658131722,-0.0009134583000309151,0.0018220266081646023,-0.0015385592897353938,-0.00138724160353107,0.0052576174697636395
2017-07-03,-0.01648835238074312,-0.0032245812882015753,0.019071363641628526,0.014487556987119189,0.006147444831393396,-0.006968537350807051,-0.000910466472641027,-0.0046294459138754365,0.0017654590456455178,-0.0010045632297117349
2017-07-05,0.0036971824767883434,0.00024074304260589556,-0.020458849276160172,0.00159680862635535,0.002914125025733453,0.009888292266864515,-0.0007290936509168355,-0.004845185430284394,0.005903153678341885,-0.002460383410849524
2017-07-06,-0.0004291636859008885,-0.008308323728571262,-0.011167921213300225,-0.007607992406539293,-0.008767910884058193,-0.009152350140832093,-0.005667665380711567,-0.00038882245868686707,-0.012982983337382363,-0.01024035578246266
2017-07-07,-0.010269798493159019,-0.006011548356020062,-0.0015611584328668637,0.006809592538689973,0.007749319655039467,0.01151854594316215,-0.0005504350389809272,0.0007770054847254047,0.005061684398627076,0.008896154032007933
2017-07-10,0.0016468254331296226,0.001465801108514884,0.003275268106248409,-0.0011982119183034407,0.0029084215986896595,0.007244867086196103,-0.006995438855268658,-0.0007770054847253446,-0.0018951165253556072,0.0021276951545744906
2017-07-11,0.0012982088742116993,0.0017071774010481572,0.005435254285123191,-0.00883190957896931,-0.0008715678630128923,0.002163346826844713,-0.0027748566643118313,-0.0005833706110002076,-0.0011385276240606583,-0.0020159122843391207
2017-07-12,0.0035397924292919544,0.006880456282590716,0.002783942245727633,0.0032205289585826883,0.005507890323575317,0.012882711251581207,0.005542123694824075,0.008520532901779232,0.00681347017581876,0.007593904598846138
2017-07-13,-0.0018115086761426493,-0.006311698670016079,0.0040072370088233425,0.00601118378018386,-0.0007228718778467829,0.0019538558139242496,0.00018452651047663307,-0.00347689774583983,0.0008805108531451029,0.00011073984543361054
2017-07-14,0.008168900176639902,0.0012166655656595928,0.005981288636353626,-0.004405026052609613,0.004329987638471494,0.00883223118245129,0.007888844127101143,0.004633311573499342,0.006761535074497347,0.0032208865764128164
2017-07-17,0.004443348999716993,0.0027529849590116136,-0.0012237629205432087,-0.0032150804549575455,-0.0005762112912846011,0.00017602708812374047,0.0010956411468596593,0.0046116537449914065,-0.0036256661988041043,0.002436678742343069
2017-07-18,0.006966890452323186,0.008694862915967943,-0.004757525715810476,-0.0016116062311995313,-0.002308490816530173,0.004561051808839545,0.0,0.002871701228124424,0.0007509882388266252,0.004524180708833264
2017-07-19,-0.0002540224323478422,0.0004008247345205304,0.014507718054940923,0.00040307712063868703,0.0010106564585775,0.0050631668654020166,0.003644720255634692,0.004196903276791299,0.008102613036754578,0.004833752103800876
2017-07-20,0.00135406277392805,0.0028805459425972294,-0.0030368988871501846,-0.00040307712063866047,-0.005643879970957945,0.0020882043426943948,0.00018200184351247666,0.007207853505683598,0.006558149312305528,-0.0020842329454614497
2017-07-21,0.008589562474350484,0.0042257736020786035,-0.009933571057254545,0.0,-0.0018880079587981736,-0.001217317510724195,0.0016351260555023195,0.007156271924286609,-0.0011106145647120376,0.0006582976110726212
2017-07-24,0.0004191258176561492,-0.0039064337337136774,-0.0018449473559076105,0.004425659936758642,-0.002183142508681851,0.0024330104096902316,-0.0032733695771424735,-0.009426898686372517,-0.0003706974820285512,-0.0034078167694120086
2017-07-25,-0.0032741446924645485,-0.013104235998570923,0.012538418471586597,0.012367997001957112,-0.0013122156583201168,-0.001911204200901916,0.006897749413638224,-0.005698843044468065,-0.0071897824256541044,0.00702231903511703
2017-07-26,0.008040236804835914,0.001616830378970781,0.0010631267645861845,-0.006763535441442796,0.0013122156583202022,0.003818762666942641,-0.00018069782406043177,0.009480330094672416,-0.0033646485128900243,-0.00043756689316377755
2017-07-27,-0.0007510021513584453,-0.004940811598835702,0.010119032741725627,-0.005604461560514223,-0.005699070073936968,-0.0038187626669426516,0.009722842160115687,0.002450372627515521,-0.006889429023703756,0.007302280379394959
2017-07-28,0.00748507747253413,0.005909751659375724,-0.0012031038506321026,0.0,0.0023421366125951134,-0.0010441023102205583,-0.008457421864620956,-0.0015070650539753848,0.005015276509569585,-0.007630467492484732
2017-07-31,0.0004969976741389874,0.0012100938647601125,0.0022541650911733074,0.00720026575867109,-0.0013166957894005084,-0.0048866280365553886,-0.0003612108433571158,0.0033878025250706372,-0.0008757711179837809,-0.00032783970042820867
2017-08-01,-0.0008284878144892227,0.006996623274652426,-0.00015011969199486385,0.007148347271491858,-0.002932133109567384,0.005060660413177652,-0.0010853765204068752,0.00562117601074291,-0.002255716964651257,0.0017495398233584492
2017-08-02,-0.002074259170059369,0.0005613458328888849,-0.0037605861020891763,0.0015815665712100005,0.004394949573290839,0.002781274134500214,-0.0007240354797553951,0.00428812415733568,-0.002260705589072592,-0.0027354355839766865
2017-08-03,0.0015767861990997622,0.010290931817596131,-0.014113324852834864,-0.0035621825994158456,0.004957823814234902,-0.0022591413370104747,-0.0009056728430296608,0.005010695506041941,0.0016332073126270434,-0.0027425732368649763
2017-08-04,-0.007825504639997654,-0.008528369654360999,0.003204468976461088,0.006717919997652895,0.0018888950469467091,0.002259141337010332,-0.002722827395522859,-0.004452699704684727,-0.0022620150190305202,0.00010991324767658381
2017-08-07,-0.0011707593535362649,0.001120399804306313,-0.007646296921028023,-0.0015765794990844663,0.0,0.006056968896558126,0.0074243520052709065,0.003155984154896457,0.002136623461535228,0.002303933486994463
2017-08-08,0.0029243323685437307,-0.0036045704616809245,-0.0023057806269535263,-0.0027649647981976676,-0.0030531224450687754,-0.0013812006461520765,-0.003795851766718377,0.0040693977370553905,-0.004656373207379302,0.0005481211542359266
2017-08-09,0.012024832535234552,0.005441221503621745,0.0009230697797530463,0.0,0.00029107116843954265,-0.0005185234445449832,0.0016287576392210702,-0.005182274745933648,0.001134778953557387,-0.005822861390490947
2017-08-10,0.00739163630100404,0.008503682613880485,-0.01066386287175892,-0.017961197773743127,-0.0127464451195433,-0.019902655683802676,-0.0041672371036316205,0.0031502039891407384,-0.012551479968902072,-0.015098109666950849
2017-08-11,0.004734717669981235,0.00047475324365333526,-0.006547498206149366,-0.004035478827668431,0.0005893505725825963,0.006853305911777147,0.0007259626350888025,-0.005937312367512991,0.002802489095150095,0.005132672123450956
2017-08-14,-0.007110509708619871,-0.005154386588023137,-0.0029755915928720285,0.01365516532744727,0.010408556105044625,0.015811275757895357,0.004886380384610784,0.005752001594677834,0.006720307996509777,0.00709661152996289
2017-08-15,-0.007739806493235919,-0.004222564894069875,-0.003772156249070195,0.0007974043303073868,-0.0021897710234692726,0.001550264534962947,0.005042224933265968,0.005535002208413415,0.0,-0.009213258361793444
2017-08-16,0.007329654945785988,0.0036659179487171997,-0.00965116405677788,-0.0019951085552869837,0.0027729354400167785,0.0029217125743101844,0.00340750708228668,0.0040396003371437695,0.0027765220222300785,0.005116331924264976
2017-08-17,0.005074451187161032,0.00744963747492391,-0.014250287284986956,-0.017321411462996844,-0.01749664831537633,-0.019758212008066597,-0.009172416221342256,-0.007172320654605071,-0.01255477811334886,-0.016105940291453527
2017-08-18,-0.0015523089133794997,-0.00023720700741005515,0.004986493853706516,0.0004062797043967325,-0.004012645410677004,-0.0010507223287406669,-0.002713524887948625,0.005888775060380577,-0.00460435718372925,-0.004973042673608381
2017-08-21,0.003754179507042763,0.002445521635194022,-0.005147774764589779,-0.0028477052414179367,0.0016366865868915551,-0.00035041327159522303,0.00361660260206448,0.003662871634000805,0.004476546800467575,0.0018110452126473455
2017-08-22,-0.0044903781947355755,-0.0038679312043626373,0.006591191397844084,0.010937830442987271,0.01138286499802159,0.014789429030392013,0.0001806222152819147,0.0021913369403576666,0.012052688273124244,0.010688114872098808
2017-08-23,0.0037569391595083405,0.006778378715649323,0.004316817225514673,-0.0032281457687934256,-0.009451837288345168,-0.002421242092585907,-0.002891607029144533,0.003278256535326363,-0.007595417793681303,-0.008541051894826512
2017-08-24,-0.0031025274301848694,-0.003698323226805848,0.0006377958219926166,0.0,-0.0031211274228594363,-0.0008658634232219527,-0.013851240226923212,-0.0007277664235913942,0.0029185581624872584,-0.002147062977272377
2017-08-25,0.0036729988686282277,0.0038555971398182265,0.004454274059285977,0.002825412306320392,0.00475205551407121,-0.0001729596029633839,0.003297958773776935,0.00327019325676255,0.00025283065776931043,0.0024852074346227
2017-08-28,0.015762397031869272,-0.0006287049474649162,-0.004454274059285877,-0.006469724569622309,-0.0005928882839067021,0.0019045856093470107,-0.002931158375347308,0.0018117186602150139,0.005306090051923044,0.0005642579475439945
2017-08-29,-0.0021677522181517517,0.00321720383462904,-0.001275998687120176,-0.003250809886373271,0.007237501359985574,0.0043149518370949325,0.0034797181726121443,-0.0021748397708407042,0.0018877373530914294,-0.0009024024048943056
2017-08-30,-0.00048233427165646377,-0.0003132216135310113,0.00047864605375414615,0.004061613087004405,0.004111743162842029,0.0072076904571929095,-0.000182878650732715,-0.0029070721461369156,0.00514276128339185,0.007197452292628213
2017-08-31,0.011671721617894353,0.002973221400034609,0.004775400187863328,0.001215474369338229,0.003365284814499728,0.00596741305042199,0.0003657238629800531,0.00018196839627870513,0.0168722337180554,0.004695139162289853
2017-09-01,0.0019056530015576626,-0.007678418331880975,0.009640661308964725,0.0028298903448882866,0.0008762825758133022,-0.0008502497518860543,0.004741137412200147,-0.0030968739166158522,-0.0007389034967460213,0.00456212525478616
2017-09-05,0.011044617985341777,0.015733740488689824,0.005489814821215008,-0.021629138756175434,-0.010120973176219907,-0.008885990607182991,0.0014540377979263166,0.0025510524181677867,-0.004318144338193493,-0.004115692867132272
2017-09-06,-0.0051126987089539664,-0.006154753632829247,0.016136905559062033,0.002472239323246598,0.0010315053566444844,0.0008577640689025163,0.004169329355840366,-0.004560840612916223,0.004810626060534619,0.006223411778056069
2017-09-07,0.010355527635418995,0.010184803969011301,0.0018452585335065733,-0.01743504158792537,0.0020596290018210298,0.003423859890384154,0.0014461515271334592,0.007468877898692007,0.011013486685976076,-0.008679122243705668
2017-09-08,-0.0012495406412696415,-0.0021680670674036643,-0.010657189118130172,0.009170799064211217,0.003374600558293938,-0.008237187395185076,-0.0048891226707646115,0.004707847838842793,0.004492542090160432,-0.003470485324424017
2017-09-11,-0.01400714397659853,-0.012010008830731765,0.009427167533650345,0.01727724628636927,0.008605123062822434,0.014031474971062684,0.006152922538264393,0.008454017295377305,0.0077242916324577965,0.0052566580034893425
2017-09-12,0.002927757716954255,-0.005269936361187476,0.0061344400970413495,0.011757452325038343,0.004780859743323136,0.002376237790302699,0.002162407984023668,-0.016798006032587576,0.002161398733647191,0.00445258551042665
2017-09-13,-0.007534611170577382,-0.003951203386342388,0.012458570896137463,0.0016110478001594836,-0.0014463137852347633,-0.0013570678036619486,0.0005401326026568381,-0.004930087489505156,-0.003725863390136167,0.00719289346139267
2017-09-14,0.004369098124020519,0.0041081683279858405,0.004819867739347987,-0.0020141249207981746,0.004764982155084538,-0.003400784048943035,-0.0019809862794303917,0.00838496321120954,0.0013238552759407927,-0.005417727537833067
2017-09-15,-0.005006207576558888,0.00039450184013603,0.002356701601775,0.0029511682491944443,0.004130208463761934,0.0040772525869108775,0.0017396994231360066,0.0014075469394062832,-0.003203468371761642,-0.002807513440306385
2017-09-18,-0.009364174007229185,-0.005771156780637244,0.0042435254379288335,0.01163977579345138,0.005604826193066831,0.0008506237996770234,0.0014478024288885735,-0.01028122222818844,-0.00024229283361518642,-0.00346467948361291
2017-09-19,0.002088539057238403,-0.002460498162021958,0.004075449592625166,0.007553526448239444,0.0010023589819963363,0.0044128400850079975,-0.003078687360575306,-0.002031984766315939,-0.007903098872889008,-0.0008961167946268635
2017-09-20,-0.008056762706663206,0.0007152026156592331,0.006755012116624854,0.0059229056656958864,0.00727495953889013,-0.004072595521951623,-0.009660195012011593,-0.007423784353321382,0.0009759655706462429,0.003356351679451378
2017-09-21,-0.007633024715443067,-0.0005562503972553124,0.0002993101018771753,0.0023593568251848896,0.0029801533956566066,-0.0054562934403247195,-0.009569717014192907,-0.00018651179485459958,-0.005135153316412998,-0.001676999476156756
2017-09-22,0.0045543146609353605,0.0028568279293813077,0.005072330427566171,-0.0011788504647393255,0.0025474296826596505,0.00051308209747527,-0.002963171141058762,-0.008232055302324648,0.0,0.001676999476156851
2017-09-25,0.01041298453601296,0.006240420519774033,0.014331347877242872,-0.0011805063604454229,0.0,-0.01186090566139055,0.007207548938461472,0.009163337614233885,-0.0029464110888894647,-0.002124328445662706
2017-09-26,-0.011224726404076811,-0.0018130878421611135,-0.00044040879970324036,-0.00039384141913383693,0.0,0.003624622715725824,0.0023903429086967513,-0.001863432719068011,-0.0015993247238692665,0.0001119437437020221
2017-09-27,-0.009464790137827282,-0.015182351410654596,0.004247394461483943,0.012135699444114788,0.001130042164118304,0.010114179061689276,-0.007744814613840973,-0.013518702032414034,-0.0003695302555490254,0.00546847319765256
2017-09-28,0.0018837445698112896,-0.002968059163830244,0.0008763331226538945,0.0015551111202732385,-0.0005649859527661555,0.0011931013432459228,0.0,0.003585150122589063,0.0008619526845747633,-0.0012249782813729187
2017-09-29,-0.0051683715774129575,0.0022470172682392334,-0.00014588222259840993,0.004651395298131455,0.0029618301249667942,0.0067911100339145495,-0.0007404813218083244,-0.0007536119232873864,0.005890232975406575,0.003781491240824463
2017-10-02,-0.006684614889873692,-0.0018326452705574212,-0.00029230835651669027,0.008471253911586252,0.006878182724309084,0.0015217488713762683,-0.0018543621889817162,0.0016952514847488895,0.010104198591936566,0.001885488551077387
2017-10-03,0.0004967317019956395,0.0009649976965387115,-0.0010228716509999426,0.0034451023939884046,0.00432692351462669,0.0023626648782064394,0.001112620979101137,-0.002827112026911259,-0.00024227422968808106,0.004201643924709365
2017-10-04,0.002809888938788158,7.994948828540746e-05,-0.0007316530051152615,-0.004595825783624435,-0.00027866733604407323,-0.0006746376387190494,0.0031470345446447156,0.009952392529854224,0.004834579562724793,0.005172656717835309
2017-10-05,-0.005378816723625682,-0.0037843983743041415,0.004526015598214351,0.010310936411807161,0.0023657108088786763,0.009567694240279739,0.004425554970913008,-0.000934390835128149,0.0007232494870998522,0.005582705173834935
2017-10-06,0.0047183541150492775,-0.0028281605854729125,-0.008484384148514736,0.0011392660715648247,-0.0001389109639917884,0.0015025813873680428,-0.009985206136038137,-0.000748534093506902,-0.0013263218178689695,0.0011994459595115897
2017-10-09,0.008142542011553811,0.003150366378232235,0.0020543807412035007,-0.0038022137321397855,-0.002784121898666715,0.002498858732437743,-0.002791638574683061,0.0013092173897423138,-0.006293264975740697,-0.0031664955580559995
2017-10-10,0.002617800009600174,0.0016123031890794488,0.0008789980839268854,0.004560975699190177,0.0015321955180182803,0.0009978115009834164,0.008720753764240535,0.00967267943945072,0.002304031973473192,-0.000984660131523172
2017-10-11,0.0031812040839063376,0.001930224736082236,0.00234137183774635,-0.0018980280386151716,-0.0005572083924677525,0.0033190492745036565,0.0020304113716405536,0.004248809102669705,0.0019358707241613974,0.0005470422688239865
2017-10-12,0.0008140547013934963,0.004250907746995499,-0.0036602793782626406,-0.00762765764169219,0.005278086390422394,-0.0024881502637171854,0.004231266134255697,0.005147726136012966,-0.0010883195699270284,-0.00669707759332098
2017-10-13,0.007539254296557061,0.0071766113359423445,-0.000587115083221281,0.0003826649811397454,-0.001802497290980919,0.00480500240112048,0.0018339432120134057,-0.006992844745797124,-0.0025447046905137543,0.004835221170999808
2017-10-16,-0.006888462515220647,-0.0007150296806086939,0.0021991444664939317,0.0064847886263619215,0.0011098155880674395,0.0036295568496738603,0.0003667016014310549,-0.0022186641145522375,-0.004377381239818533,0.0013148141534971088
2017-10-17,-0.00685440441719968,0.001271663286054203,0.0005854249250700908,-0.004954906593991885,-0.0026373589504008967,0.0,-0.0036703482737993204,0.005905411318318898,0.013315919067432081,0.0005470422688239865
2017-10-18,-0.0037735819439875884,-0.006613602391731251,-0.007049193185295482,0.005335378835476567,0.00041667837040712367,0.002467550475145302,-0.0012881510165101092,-0.001841628593982422,0.00144194209024923,-0.0027392090352214922
2017-10-19,0.005900215657301747,0.0017573100074853181,-0.0030998229846073908,0.000759659740303991,0.002774913160693659,-0.002961696360206428,-0.005352598450762126,0.01045181281391583,0.006105005565149731,0.0
2017-10-20,-0.006393454395473306,-0.0106703882292994,0.0019197744300639857,0.011704887428764483,0.01074791765331077,0.006732894318667302,-0.002409214286316176,0.0007295615378664467,0.0010735758635799907,0.002410892591817642
2017-10-23,0.0015611723194451613,0.0017731077087404933,-0.0051777368227441745,-0.0007509848196098571,-0.006324594419744343,-0.004757569486526176,-0.0007424864969480397,0.0005466629618931365,-0.002506735414226357,-0.006809239148707567
2017-10-24,-0.0038662591759729935,-0.006218889775890123,0.001926519671484041,0.007112105006815583,0.005639225360298448,0.002791765378289189,-0.0035339792747820006,0.000910501928094496,-0.006715370446481023,0.002421507030401021
2017-10-25,0.0001647984431065092,-0.004791917620049043,-0.006982419497415288,-0.005985671058295758,-0.009924099471651134,-0.0054263314558662444,-0.002798752239672155,-0.0043779714052547955,-0.0014451061112187105,-0.003855316568617023
2017-10-26,-0.008440935931399107,-0.0033429919181870915,0.002084832330912816,0.005612295785824331,0.0013841085094622103,0.00411348625017792,0.0007472911492668871,0.00018272644046332212,-0.010051153698443747,0.0035252655781194677
2017-10-27,0.004725786574733635,0.006593747456472506,0.0017836507523733356,-0.0007464162314597742,0.00041496283801577185,0.0265730519518081,-0.008625853838388643,0.00619554463757476,-0.0002434538295299394,0.016037223028881796
2017-10-30,0.0019005561122996506,0.009529472074075007,0.005184196362836278,-0.004115655886745899,-0.006937872545599527,0.002236248796133564,-0.008510270572098938,0.00018147413794060237,-0.010771614711617921,-0.004555712512958188
2017-10-31,-0.0038047944426043163,0.0003213552764727683,0.0032448267712073815,-0.0026284594694847585,-0.004045627941439078,0.004298327072042977,0.008321610998707398,0.001089149716266274,-0.0018471198358699405,0.00010865297529765011
2017-11-01,0.003639696661163179,0.004443271224479522,0.011274729058709368,0.0015027866729559194,-0.0005595785012151299,0.00015889428590996178,0.0031975205292761894,-0.005639918669142667,0.0024627188877735825,0.0003261582892819892
2017-11-02,0.0006603535530684753,0.004398508173259022,-0.0029160809175493635,0.009340698467510808,0.005718361112696886,0.00047639969497261767,-0.0024437274560437845,0.0036423429908171256,-0.004560972336458119,-0.007526781462536359
2017-11-03,-0.004714451332297365,0.0027103207601186646,0.0029160809175492724,-0.004099369784236049,-0.0009735207976813839,0.007906457953716025,0.00018788578909536283,0.003629034068277671,0.008243608118357214,0.004042895731802427
2017-11-06,0.008502950979343818,0.0037339107893583686,0.02260225165902658,-0.0011204606743822816,0.0005565625443512211,0.0022026284620838715,-0.01078420117690731,-0.003810763888976355,-0.0030682813955277707,0.00728014964455599
2017-11-07,-0.0036235108435323914,0.004193521341655981,-0.0012816318008605685,-0.013928362779623917,0.0015292424985017701,0.00047131937766297673,0.011160678689799846,0.011928637214506457,0.0020872176168495755,-0.005972393826043898
2017-11-08,0.003459056119704665,-0.0022135695042107893,-0.004857966835116436,-0.004940268266206251,-0.001668246785938059,0.005482828454628559,0.010851292133093333,0.0007181966072699306,0.002327527364358877,0.0010887019773652149
2017-11-09,0.004102401645100611,-0.0028532368002525997,0.0030027907277185113,-0.0034347566138658667,-0.012603841715393086,-0.007999625387067277,-0.00018587709793790197,0.0012558950631644614,0.00012262938978467903,0.001521780159916097
2017-11-10,-0.008221702339946372,-0.015193900051732453,-0.005297260316753329,-0.003062508747730084,0.0014083937767817155,0.0,0.010184114630659479,-0.004672763823830258,-0.006505636225435499,0.0033619116887624615
2017-11-13,0.001484906303430995,0.0020932112762859873,-0.005758759204895043,0.0015325553804788707,-0.0033832096502794933,-0.0003147840267446692,0.005695066260267641,0.011819510299289132,0.0009846151839839959,0.003350468262420755
2017-11-14,0.002058715307154061,0.006731642064756384,-0.016303350508208556,-0.00038298305148418637,-0.0026864584353449993,-0.002049923119529253,0.0034740862841088245,0.012385206829647645,-0.004068086634520715,0.000862601636085428
2017-11-15,-0.0012346702455872252,0.010803673536377057,-0.011364186294717358,0.0026775495819026016,-0.005678980305504119,-0.007446899256107796,-0.01064409301719004,-0.008653494232489385,-0.0028455385462126457,-0.004321455313919041
2017-11-16,-8.238652462762423e-05,-0.00872891184290214,-0.004015883328759672,0.0003817881048850694,0.009353334164735475,0.013897995641942903,0.013743119762315613,-0.0031975291053100803,0.010352433700184644,0.008302416394949046
2017-11-17,0.011954609509226865,0.007385367598645387,0.004906079841079278,-0.0011464012680522616,-0.0055166998060303205,-0.006451096385835155,-0.0034639309815121515,-0.00696361271904419,-0.003931049129052735,0.0043924770528640565
2017-11-20,-0.012696268046166,-0.00039610699568913083,-0.0023758920462319632,0.004577058799960696,0.00452880438214397,0.0037814131108278143,-0.0010962136085686087,-0.003051104362500749,-0.00419374820905392,0.0019227213444294856
2017-11-21,0.001647348843739489,0.0031613205585778073,0.002227472657610738,0.003039491960411459,0.0071756733332689095,0.010480966390503464,0.0032853918400879015,0.002692465330269632,0.00873791688464144,0.006169235274349114
2017-11-22,0.009175087875407823,0.0032296491700863406,0.003996779620191185,-0.004944111433228544,0.0011207352484276956,-0.0018693034720539128,-0.0012762048487451275,0.0,-0.00036782661620821957,0.0009542065501920795
2017-11-24,-0.002531110250715074,-0.0027562081857792054,0.002802892868386628,-0.00038120581505386025,0.0,0.0055973957514630366,-0.0007302419732276203,0.001611702709496228,0.0023265329313472034,0.0025392326098548565
2017-11-27,0.004160741332319787,-0.0014210728464888038,-0.010217048309691444,-0.0007631043494768818,0.0016794289364790661,0.0,0.0005474689631915227,0.004285899398134217,0.0008556281971559934,0.0007397393460976852
2017-11-28,-0.00016287471547656875,0.0013420279393763926,0.007709303056493573,0.02562315806856941,0.015123503572185556,0.003250277509325584,0.008178092517898077,0.004622178748954863,0.00730443044202294,0.0110265946009293
2017-11-29,-0.006289558392421399,-0.009907489888888265,0.0054495647598322315,0.01696830674058503,0.008774216881531008,-0.022346488723208636,0.00523488847558088,0.0005317519715236058,0.0049609759752405795,0.004272973569868839
2017-11-30,-0.007732229391441411,-0.0033514683179846393,0.01487146193257555,0.006562334080475571,0.016918313287902425,0.008810634283237407,0.009140798397740799,0.003362887300765355,0.007455549987382407,0.005082318848318501
2017-12-01,0.0040380612309282235,0.013404521974641339,0.008358602771704917,0.0021773952460637028,-0.012424002190244905,-0.005182538865073234,0.002494679372272016,-0.0033628873007653486,-0.0020387627433461294,-0.00041346291037337187
2017-12-04,-0.003377653154607993,0.00047402997428178676,-0.00043046966319498515,0.015113885119782813,0.008389520500156171,-0.016190859040970066,0.009388208279072425,-0.005688875982736788,-0.012320321874442647,0.011525971196003038
2017-12-05,-0.007122188370048705,0.004962916663119126,-0.004316656770568393,-0.00537152211429392,-0.008525335544228666,0.000320102095518644,-0.0015882286952376224,-0.012738829578835908,-0.0017028264213365951,-0.005746337045280478
2017-12-06,-0.002079954164184071,0.0034524786272630043,-0.013062750335963179,-0.0035972192198377552,0.0014936097100247676,0.006378573379931271,0.006337162706551686,0.0037848449729322403,-0.0008529310258665745,-0.006504571582821928
2017-12-07,-0.013246352701112138,-0.007862784844415629,0.002917757188374911,0.003238191682640104,0.009185569608567206,0.006180325751153562,-0.009697650845493566,0.00179727608378479,0.00024376882167282847,0.0025861022447098304
2017-12-08,-8.435250698713456e-05,7.879885988948527e-05,0.009135017887559955,0.006087685956456884,0.004293584191405962,0.004727883963904459,0.002654146574596066,0.0032270328024210488,0.011144836547358004,0.004740972973557139
2017-12-11,-0.003974813553107255,-0.002053789465231343,0.0071912131992657655,-0.0025023160729769393,-0.0020104037244895196,0.008610769796304407,-0.00017668456169927667,0.006066765288463335,0.004207598994224315,0.0021574744484604844
2017-12-12,0.0011856318079055527,-0.0003961742172548818,-0.002726470353184905,0.009971753962219245,0.0010729702248574958,-0.0003119173810361498,0.00017668456169926783,-0.017226160526833168,0.00395081335398279,0.00041019768149939885
2017-12-13,0.008596013189973923,0.007489150699118643,-0.0014380297197364555,-0.012480186585625158,0.0038788357774816665,0.00031191738103619553,0.005638918364965244,0.002711354931923885,0.0034595009990793387,0.0008204854170345609
2017-12-14,-0.00201594243248492,0.0042317162587034,-0.003604187148351375,-0.006479655739982583,-0.0068318047761805,-0.0012478004051402012,-0.004402661235256818,-0.0012645585558173041,-0.010173049372313808,0.0030695050468158296
2017-12-15,0.00209987057429634,0.0037471061961795488,-0.0009016747439395917,0.008957863131290125,0.007029551394707719,0.011340259641236526,0.011279931680391203,0.0036601181875438047,0.010942253892633418,0.0043165933979481185
2017-12-18,0.004604277886820867,-0.009157496934451647,0.0076827209825555635,0.008949450887142926,0.0070871201438750435,0.00879009597638679,-0.000527654011837116,-0.011148914792924278,0.00035829883868085816,0.008942209046238069
2017-12-19,0.0007513783425439744,-0.013058567879280272,0.0014431223564072414,-0.0042859431854334485,0.0002662548607242024,-0.00616026434271192,0.0012307320040313373,-0.01836270421498139,-0.0011947241762117209,-0.0013158137556683403
2017-12-20,0.0026671102328525206,-0.011134939722991741,0.014032462139858148,-0.0017912254096853963,0.0033248946788305817,-0.00030918729430974584,-0.001758497046111598,-0.0078933181947764,-0.0032333976873438115,-0.001926509454036533
2017-12-21,0.0014140004111242409,0.005811434751291876,0.02096422318623129,0.008568548011576405,0.0007962719771400064,-0.0020108028163427836,-0.0007043158763517367,-0.011957947668327713,-0.0022813835479831546,0.006474334291475001
2017-12-22,0.005222850279184027,0.0013632521691697797,0.0020864755994511063,-0.0028481386587382073,0.0002653219055073392,-0.000619650984358284,0.0015839927853861584,0.0015267318970369848,-0.0032517307087445834,-0.0019174257607936832
2017-12-26,0.006839416919106776,0.002961175719069426,0.008715607389954848,-0.00285579543412347,0.0010601197101499382,-0.006684805357681505,0.0022829938816598763,-0.0059281546165329,0.00024129064908484416,0.0022198633081221882
2017-12-27,0.003770551302149118,0.012941470745417776,-0.0033111624929602792,0.0010719190606561806,0.002382326750482173,0.0010912439174423816,-0.0001752886515442205,0.00421049986374121,0.0016866671722065754,-0.0020180358217124117
2017-12-28,0.0050595432932777126,-0.0008681212266609166,0.0015189240419445332,0.003921018111586629,0.0019801559241081333,0.0017123728206151652,-0.0015806550742274046,0.005523143900528355,0.001443453903419127,0.002723395657491242
2017-12-29,0.006490919761210391,0.001577689183717107,-0.00290212495818695,-0.007140468156360106,-0.0018482088114239524,-0.005302350789573445,-0.0001758477400693111,0.0005698814171886505,-0.006149014717391715,-0.0058595304559866035
2018-01-02,0.012058023762451863,-0.010858283154799126,0.016334125989837946,0.00035798936877539153,0.005929575616763194,0.012277578688107865,-0.006170866179617826,-0.009345156058677024,0.011185282787311419,0.015084958813871396
2018-01-03,-0.0026403330092135157,0.004769960240688612,0.014865280042789033,0.005358172280947688,0.0053716768438477145,0.008306541147098173,-0.00035371357307407655,-0.007887096476360501,0.009522918925787728,0.004580460156555589
2018-01-04,0.005114278310262769,-0.00015840439798808718,0.00601792124327689,0.009220046611497808,0.007290903883495104,0.005042589836403268,0.002826715443793774,-0.008338826477107476,0.0014202436344088257,0.003273354574854176
2018-01-05,-0.0010367021379345971,-0.0028595133952462725,-0.00039967808595998483,0.0028196357212204506,0.006851318262986678,0.010461458368440823,0.004401069810701277,-0.00038937290796485995,0.008482036965253443,0.007891130197353127
2018-01-08,-0.0001596255390368383,-0.0006368424808163221,0.005984234432932893,-0.001408706180220132,0.004114261483105477,0.003763620481064063,0.0024559145590621156,0.00930803489185138,-0.0036432293561822395,0.001178292740952259
2018-01-09,-0.004639219643041699,-0.013462608083198001,-0.002522687763771319,0.007724727880082854,0.006394641171441799,-0.002557882002512967,-0.0014026172465685372,-0.009892812396056832,0.011704412772371293,0.0019606603082150706
2018-01-10,0.002402270692406848,-0.001211176989432968,-0.0011969306771791833,0.008359396166865029,-0.00012762254855188155,-0.0034704162709425918,-0.004925130969688789,-0.01097606841849918,-0.0017469473096067979,-0.0006857210636728665
2018-01-11,0.003273877321212141,0.004111078645309057,0.02028792861154116,0.004844590047202538,0.012669617159166206,0.004073145290726069,-0.0014117792284604597,-0.0037516147384501113,0.004303683193205771,0.01613895127293265
2018-01-12,0.012044492942167013,0.0016878052988737735,0.00960425421188762,0.008934655463749934,0.009273365145553995,0.0058545232771014186,0.00035311070135169933,-0.005753743669505011,0.007630612509683094,0.012840097552756936
2018-01-16,0.001652690627169873,0.004167647291576764,-0.012738817637689222,-0.002740655650159319,-0.009021459507874674,-0.003899370294371962,0.004579128516203406,-0.0021907054303155673,0.00494071882412824,-0.007166254855375369
2018-01-17,-0.008132363237354166,-0.0013605391997298108,0.008726803765672619,0.007518803193623217,0.005522748130077078,0.014914841252073733,0.01135691612773246,0.006162175795990278,0.009581400976459369,0.004783336192593584
2018-01-18,-0.002222213448585594,-0.009333183453200842,-0.008203895303939866,-0.0013629329602654271,-0.005396874259390355,0.0017743593834488771,-0.0029580034492865566,-0.006361748313111162,0.00022690437860006096,-0.0008593909846065903
2018-01-19,0.0044394996120163946,-0.00526779438585089,-0.0013083541025635202,0.007134367092797014,0.0028899646674665465,0.001919621469233274,0.011090315312603662,-0.002995805508718855,0.0037386404535592614,0.008654635034396046
2018-01-22,0.0018177059354296304,0.0009745365499238393,0.021372722229829187,0.008091794608621417,0.0,0.009687475719098601,0.0075538351355505014,0.001399271454802825,0.006536494018661001,0.011018624917227623
2018-01-23,0.004961985943158681,0.004293257835926938,-0.001539322025403318,0.0010069513866104679,0.000501884938130102,0.004372695410389184,-0.0032550955915391575,0.009542562522495409,-0.004842342744643402,0.008394088380414957
2018-01-24,0.012104345577545294,-0.005430808796985433,-0.002699213257405008,0.006686800138681323,-0.0008778038026107126,-0.007737855758375226,0.0020570093071447374,-0.006152784587481906,0.002930530114839731,0.004263538349901008
2018-01-25,-0.006697849027902464,0.008175423366661301,-0.007881292007647445,-0.0020015503390272828,0.0010033456140801662,-0.001760510778350332,0.0005134900430005866,0.015409171417641835,0.008517747481233512,-0.00175916642047815
2018-01-26,0.0007811756386790387,-0.0037148171598651667,0.005433070077826737,0.00731892317484139,0.011471637958977038,0.015732147976422667,0.004780496044788112,0.000588391837088667,0.02130896959711954,0.009772717911720435
2018-01-29,-0.005637857183470335,-0.0069831464508569785,-0.015209843356302431,-0.003985450746302053,-0.006717175863348917,-0.009146967059814196,-0.003925291940025565,-0.012817132848049383,-0.002734748314784516,-0.002756215945601788
2018-01-30,-0.00432812337307631,-0.005883947059726383,-0.020379068001775868,-0.013063348712197253,-0.007894437208440004,-0.009084281597822277,-0.006691101560219645,0.0017845508437107412,-0.021256056653940012,-0.004980261017082719
2018-01-31,0.00668108957049156,0.005883947059726408,0.0006682090722711478,0.0026935940092485356,0.0030144333013424774,0.007478401660132558,-0.004658839034383476,0.011032582004338489,-0.014312430797846902,-0.0032413320298593827
2018-02-01,0.0032848909860550284,-0.01459881104359723,0.010234676128750278,0.009370998054775082,-0.0017572598757333376,0.000876753325026794,-0.004333178652448903,-0.015797954597272762,0.0003403483382090972,-0.011193008108925737
2018-02-02,-0.013204686797240324,-0.009322507536051074,-0.042686007815706854,-0.022230609911686437,-0.02030783251724484,-0.030078856305000845,-0.01929209002440652,-0.00719160417932282,-0.014170172078050913,-0.009613548503932767
2018-02-05,0.0025286437555192493,0.009405505779062141,-0.042859886268185314,-0.05172372811641815,-0.04645295780250726,-0.04271654949119215,-0.03697770862924792,-0.016576123967962365,-0.04532064616890463,-0.03429681174608094
2018-02-06,-0.010551899645680993,-0.006232766957137828,0.007891604831384123,0.018127237097524417,0.01810225802069255,0.02832324422748741,0.010964691655037113,-0.0149917225518873,0.011018494934568272,0.02525901550118805
2018-02-07,-0.004716772083453232,-0.009548820303340956,-0.01686283453059137,0.000704144301652786,0.0018452608763804715,-0.012901150377958946,-0.004371547222972319,-0.0047705336270725965,-0.0011915914307220432,-0.0030628001835760824
2018-02-08,0.001521419504394612,-0.0010945754893907777,-0.03069890666436157,-0.04499572702466446,-0.03934212723314846,-0.04231120397586762,-0.02177604168058342,-0.011289963805229971,-0.03531717405918148,-0.040694005671765024
2018-02-09,-0.0016817358427458674,-0.006339099579022589,-0.000749580945291547,0.018964998769699527,0.010761480587066085,0.024216633627028892,0.002050332718505146,0.02080827925661652,0.014106091310359111,0.006666852990026916
2018-02-12,0.0047973715177869495,0.004399521384194117,0.016216872660898666,0.013991045922246712,0.0159939756229137,0.017785127963205555,0.010187935370011449,0.007590719949112498,0.009335183892096898,0.013495548892840522
2018-02-13,0.005647253596785232,0.0044642856672976496,-0.00414073668902595,0.004266057047279114,0.002263697242615951,0.0024712043364271516,0.004596733062066092,0.004485803802857704,0.0007235174477732774,0.005172576112368087
2018-02-14,0.016908852519764518,-0.011155571608185822,0.014418221247652956,0.023489312760655422,0.01255907970951158,0.018189020764092068,-0.0005503398406542576,-0.011253229266663544,0.011270987418232325,0.0158382955512043
2018-02-15,0.0011691607653979673,0.003393952725245695,-0.0024862596361820313,0.005528749218036535,0.014994189031040958,0.018905634083166156,0.01638492471506389,0.02197882930970736,0.011027454824276554,0.008871041387892185
2018-02-16,-0.0032769459911664296,0.005405874877090345,-0.00249229678150642,-0.0013795358612292733,0.0002587197267125797,-0.0014876048758566361,0.003964635316007933,0.008817822588612686,0.007168130402071449,-0.0048551009790275415
2018-02-20,-0.01353286775093791,-0.004390234211670662,-0.005446450762980875,-0.003110179138826694,-0.010142979379270754,0.0008927055056950566,-0.022922554817762977,-0.013053648053762561,-0.011066942540434863,-0.0030584094334627702
2018-02-21,-0.004604964057785635,-0.012343940980245102,-0.016969785522438607,0.0013834448203189885,0.00026174746536484003,-0.006415516188317695,-0.012033865437999433,-0.013226302029568465,-0.004151996864685955,-0.0014367988500770196
2018-02-22,0.005080177401414198,0.002992982420312432,0.010899472869525853,-0.008330534474080217,0.006641674780414816,0.0011968487136991678,0.002604458070453567,0.005107809058442723,-0.0015467416482829043,0.0012456980961103878
2018-02-23,-0.0012676571223932977,0.008843144258647332,0.021449450223709775,0.014876537103859675,0.008273233662113662,0.02071358923784715,0.009613243527743051,0.025750451803877875,0.015828422921850493,0.013880837837097114
2018-02-26,0.0024545525850457493,0.00033835308720580313,0.005941797592895126,0.014996816905924637,0.013680228702344376,0.01554685435484945,0.006236410710035553,-0.002983587674181232,0.012577431734467823,0.008368392638990104
2018-02-27,-0.01049377405473232,-0.0014394071604159123,-0.013089018715410837,-0.009517295493871794,-0.01265064514495512,-0.010143532464546216,-0.013252490899815748,-0.016064543087792583,-0.010470091360446465,-0.021388181943424633
2018-02-28,-0.0010394376248336417,0.006335884245632597,-0.023252189777782227,-0.014101564115794019,-0.014377845798051717,-0.007162042533305474,-0.010430441219548964,-0.00690618567306912,-0.01615120142260537,-0.00450606136477651
2018-03-01,-0.0022425027652310265,0.006803168696859116,-0.0014992747530755018,-0.01747083261977423,-0.019763653234588275,-0.01671484665117397,-0.0022491408818386084,0.0002038646311652174,-0.0160540898713616,-0.01082031359353884
2018-03-02,0.005357640797750738,-0.008162893235500027,0.0046409741644258306,0.0024645818304293533,-0.00026608804824977504,0.009501322239994114,0.008408808271367805,-0.0026528812793552526,0.01009385770190518,0.0009708922353900726
2018-03-05,-0.0016761714003699012,-0.0027072479447815,0.010549407558251489,0.013966187073985684,0.011908220336898525,0.010143352041895443,0.008707521045717075,0.020227025139594366,0.009045304275020066,0.011865314746854753
2018-03-06,0.010726720619181963,0.0009312773045476182,0.0005910658861609162,0.004152471336352653,0.0044617287895781475,0.0021912837333130275,0.0007379572786624051,-0.013506959718720837,-0.001422744893312969,0.006880528736896613
2018-03-07,-0.006422202914569186,-0.0011007085520858865,-0.007561900331931222,-0.0017280820883354361,-0.0001306228369602219,0.005530908391792109,-0.009073381771215373,-0.007537738937778114,0.0050891381869564555,-0.006784857602230245
2018-03-08,-0.002389131123572725,0.005745350999363222,-0.0002978945486674273,0.0031084931224733066,0.00522478264573718,0.004344113710011771,0.009073381771215387,0.00733470186173796,0.006706394338756855,0.0031593654277208816
2018-03-09,0.000956349666608725,-0.0065931019633588325,0.01887688842002253,0.02385134862238312,0.02177771720986296,0.01875400630874435,0.00643060181348721,0.0028381739764258055,0.014319982117178037,0.015365957549673145
2018-03-12,0.0,0.005750046793710161,-0.0002920126917874023,-0.00337289676062237,-0.0124419196822591,0.0031152208190324757,-0.0018331115026506927,0.004242114657344705,-0.004286234923528246,0.0032888428538526645
2018-03-13,0.001909899228192024,0.005047054350574977,-0.0071864838555623,-0.011211217314487584,-0.004916407832503719,-0.011518277893553745,-0.0007339592861970851,0.0022147236846167305,0.001276420603171292,-0.007060924453487549
2018-03-14,-0.0006362480921954514,0.008771029430100335,-0.005904959585387493,-0.011338335200967026,-0.010954903157725935,-0.0008585331298557635,-0.01015041660959378,0.010205095474796824,-0.004881838965385911,-0.0012290160167352509
2018-03-15,-0.006384661969759812,0.0,-0.005195537738617875,0.0003454044412955862,0.0028810912379340844,0.000572713275184625,-0.007073988699498927,-0.000597390728965682,-0.001632078319084236,-0.0010413162533073194
2018-03-16,-0.002404835241203122,-0.003582889955964572,0.008878643356296588,0.0008663753321807613,0.005328674989763962,-0.0010341036782350258,0.0003570236710121521,0.00873459383069838,-3.070898918165281e-07,-0.0010452202864762426
2018-03-19,0.0021646240154515875,-0.003176622696186995,-0.01557119687614841,-0.007300709576175914,-0.00773425400601494,-0.02002355573092742,-0.009813283091407849,-0.006188196923580169,-0.016293030981581164,-0.012532751624198259
2018-03-20,-0.0044947919586221805,-0.00402700670151813,0.008414681357001205,0.002439496916272465,0.003415930275981838,-0.0004400663402303216,-0.0028491192501551503,-0.004615947128818209,0.001427307686288164,0.005950923712503302
2018-03-21,0.017305793278473782,0.0010922583498670696,0.025849024591072498,-0.0003480249118875205,0.0011791697872181586,-0.006029434357699773,-0.012438819976904691,-0.0034258826850239957,-0.004288466629166893,-0.0007656222367060677
2018-03-22,-0.0039610286020946425,0.009860469873464924,-0.020625409029983367,-0.037606463862618324,-0.033567232164435135,-0.026154276857584806,-0.008314886785637937,0.004431120660848467,-0.029191161285352863,-0.021491795952565295
2018-03-23,0.01285555168848731,-0.000748599685136418,-0.006121771643663369,-0.030839377948779872,-0.014738565228758178,-0.0270121792908417,-0.012504953963901793,-0.014167528057122826,-0.0209905327560312,-0.01986536255563934
2018-03-26,0.005236622780197456,-0.0038351051276097076,0.017812651355629806,0.031923145769585846,0.023908286019886118,0.03725597974630101,0.014250906849090582,0.010342037997060856,0.0204991178123183,0.02911878709824625
2018-03-27,-0.006177451915059426,0.010635132387963453,-0.009460398681335658,-0.01969425090972145,-0.013922294608434397,-0.0325996651531957,-0.0005816456550791038,0.014221374600085341,-0.011875584870234768,-0.01977919072327793
2018-03-28,-0.013901136089334711,0.002641820918551074,-0.019648415946174374,0.0018401954115439233,-0.0034084074232192552,-0.006680750190723774,0.013676372363954076,-0.00039801112087072313,0.005336485852560266,-0.012238755914626425
2018-03-29,0.0004770798243684067,0.0048515165648851805,0.020835851817553906,0.013511193817704947,0.014507627330490417,0.019603940003396783,0.0068637856987287214,0.005357888028894179,0.007522224439539786,0.01391828634045902
2018-04-02,0.011618397461991309,0.0019712713859731516,-0.020230381186777002,-0.022374272485288976,-0.020809864838080682,-0.024134921069644866,-0.024816143453990577,-0.007748210793160544,-0.02298984286458143,-0.02864207478946788
2018-04-03,-0.007572201071777906,-0.007741913094848409,0.021119853520309543,0.013631067202581946,0.013785576411088586,0.009817080049316038,0.01315798214280837,0.0033846636119737247,0.015096235709482255,0.012619277243699987
2018-04-04,0.0011868954626523271,-0.0020699075469632865,-0.0013347058175067906,0.01055507052178453,0.004328620018953355,0.013858931033099937,0.015451106622625665,0.0021840563474757628,0.01413930616371299,0.018192624880001958
2018-04-05,-0.005153580456721192,-0.007485107911619882,0.017798535475120315,0.007933803107484825,0.010071855356115916,0.00412074527000869,0.0024577757151326373,0.007901929986381723,-0.0007325279554458174,0.01330869797620087
2018-04-06,0.004678991304776214,0.010876753523638111,-0.01824388706221029,-0.024360409472801967,-0.028048856858315645,-0.024825653824612864,-0.010248785714622398,-0.007901929986381697,-0.024363036711244748,-0.021518811693930967
2018-04-09,0.0033963960355940744,0.0016499977934872146,0.004739982746268551,0.005505679860852903,-0.0030276989667455912,0.007776067471589403,-0.0005724333839987752,0.0019813925570911785,0.009841282087754161,-0.002386782755491383
2018-04-10,0.002362787969159305,-0.001815338477865662,0.03256570076171631,0.014895576020653884,0.015183957106097969,0.02433352287218008,0.0022878602153279656,-0.007749751815964812,0.016718369998117783,0.012073239108831919
2018-04-11,0.007757730797944395,0.0035450459264494668,0.010387933183671266,-0.01197206374007742,-0.00735765892903401,-0.005914244940888326,-0.0019063219648325473,-0.0013973180568296667,-0.00820149690594746,-0.0030539908937172833
2018-04-12,-0.011698777825105302,-0.007351130973326799,-0.0001416546086698839,0.017366778510606643,0.014257635971208717,0.011943841385249189,-0.0015275698915229192,-0.013271856810100853,0.00673740948676617,0.004332153247152989
2018-04-13,0.00653361006986455,0.0023183022917555424,0.010983110394824743,-0.015178910347646528,-0.0024295617918078907,-0.0033119893406343115,0.0049562292178696255,0.007863823072128849,-0.0004881144028697389,-0.005615624300642312
2018-04-16,0.0014113245973423145,0.00033138537444511794,0.010170609281543539,0.004360058834417463,0.00995140913258735,0.007660256980210162,0.010780287586884102,0.013564800858863834,0.007907757821746355,0.007480513032896926
2018-04-17,0.000939797609092718,0.002724242758116031,0.0038737483861235687,0.0,0.008394865552705731,0.018385209712723564,0.0022547588987223066,0.01005465403852353,0.007725794147468789,0.018459513786903525
2018-04-18,0.0007824607184664891,-0.008030897976769489,0.01561903048566038,-0.004724425229529041,0.01029677853228308,-0.002648071873610075,-0.007535807976122803,-0.003734254074016562,0.0008412479016435423,0.004706068564994957
2018-04-19,-0.001957330849889553,-0.008179607032059848,0.0012226416944240215,0.015184719100178413,-0.002761610570218731,-0.011108819275121072,-0.029360300374917284,-0.0005906923848704098,-0.008445661140951457,-0.0031668144775647672
2018-04-20,-0.007630932179695003,-0.007233458982099269,-0.004763342719440048,0.0003585576425797015,-0.004355372351024437,-0.013948226021861389,-0.016889433998806932,-0.009103720853584149,-0.00534590920303294,-0.01024078506540486
2018-04-23,-0.008007927882251395,0.0002531190673477796,0.00612031861730475,-0.0010765374613824158,-0.0011912965822408641,-0.003631610251024423,-0.0011892775460468684,0.0005965802419859422,0.0038908044936040065,0.0021340965683555764
2018-04-24,0.004844167468111396,-0.004567609347053681,-0.010769975976573141,-0.006484318793113404,-0.028341204535088756,-0.01758599481441765,-0.006365458115064161,0.006732579745776677,-0.007551939994380534,-0.01592057717663489
2018-04-25,-0.006517267321502421,-0.0067201175358989,0.00791842445417931,-0.0007227697389564073,0.002857019413113578,0.0001543386256069937,0.0017943401297112942,0.00019731825387602308,0.004513663174413057,0.004126443076280265
2018-04-26,-0.0035146807713917604,0.006974249199203732,0.014444949909916632,0.0003614903273224173,-0.0036749482094327194,0.018037924411154902,0.005958174224249373,0.010012813528243531,0.01257875959950282,0.016048394711212083
2018-04-27,0.0042320403061771,0.007683587919996166,-0.010645026861778059,0.0014450569756575627,-0.0020471572883426345,-0.0018197833885130119,0.00533247054631466,0.010106842846912574,0.004078417257594919,0.00452506768162267
2018-04-30,-0.00727744165435215,0.0017643346604888754,-0.00013511289083179226,-0.009066198052285939,-0.01334172209161867,-0.00654730223973854,-0.006322975034844288,-0.0029049380775905955,-0.015440736918342298,-0.003946153287192729
2018-05-01,-0.007088207443339079,-0.003607408273486694,-0.006115107056098158,0.00036436639511144836,-0.004579805843585657,0.01244889316926287,-0.008759725387575112,-0.0031078220332596716,-0.00048646220873296007,0.0013490753937287613
2018-05-02,-0.00048510316641562344,-0.0010984831456980662,0.004080719016991641,-0.01135370840739857,-0.008802102703950985,-0.0010564655123310026,-0.019790670169023993,-0.0009733397195681323,-0.013839175247092649,-0.0068608235313284095
2018-05-03,0.005082068394914099,0.004470583711180759,-0.002310727674156731,-0.008507469109525791,0.0023829569607796376,0.0022627202133487607,-0.0010201198796197532,-0.0013640969687868647,-0.009042854581284579,-0.004470308679365178
2018-05-04,0.0020898820929316714,0.0015142445110701756,0.0048870672452108995,0.01291793644663838,0.01155250505788046,0.01880926639052133,0.014391510822508172,0.004475035988879232,0.007932310114371175,0.013062976402671928
2018-05-07,0.00024084765259023235,-0.0015983600113355903,0.0013528646473116317,0.00657887467517454,0.006620470727949687,0.00692662579402379,-0.006258008449648799,-0.005255301513988758,-0.001482394878168522,0.0033594083836197258
2018-05-08,0.0001605124693187213,-0.0009263860742183089,0.007812321129431039,0.006897547450763745,0.007123877292179623,0.0022003749314250223,-0.004058674457171427,-0.025298043992134808,-0.007570553393433636,-0.004224757481138158
2018-05-09,-0.0020889812252642393,-0.005999758390483015,0.0201897518036973,0.014724630490365426,0.010725493788772534,0.012234647404902429,0.0014223817738932565,-0.0070301215640416045,0.0057145454184385795,0.0034577020844375173
2018-05-10,0.006813368242228986,0.008019660583676138,0.007466901268456688,0.0081662191417016,0.0067296850505497345,0.012944069011959628,0.0058710885293440365,0.01401136038498008,0.013288754006453156,0.0036373008525590247
2018-05-11,-0.0014389666321499815,0.0025198999139277203,0.0014346096771536325,-0.0007072527330723259,0.002143889851298456,-0.0014301277325142509,0.0,0.0013907688282368577,0.014802897782023285,0.002099282880294947
2018-05-14,-0.004088363068462751,-0.0052981867623431225,0.006883635814546125,-0.0007082252961958927,-0.0017415968224723153,-0.00014283044558428525,-0.0004037418562895675,-0.003778615384397024,0.006602238189256682,0.0019050354355009023
2018-05-15,-0.01627759547639607,-0.011448204290790149,0.00025898207882496917,-0.0017718150995744432,-0.00335782807892599,-0.009491016721145893,-0.0038444191894908097,-0.00840373705937182,-0.013005808900652864,-0.005821393816385588
2018-05-16,-0.0015524980696371136,-0.003845324360605633,0.0034875495661746627,0.0017718150995743836,0.003626206611307792,0.004468860229450973,0.007070275381603055,-0.00786669879694475,0.005560190505799396,0.008292417226393685
2018-05-17,0.0005722435830601718,-0.005064515020722232,0.014974296295172058,-0.0021265866845074457,0.0038798608482246144,-0.005191564262634494,0.0034158412918135223,-0.008133300699169068,0.00036111446551547187,-0.0033278716471212763
2018-05-18,0.00040857173330558584,0.008568446724895179,-0.007779314751156728,-0.008195155800348207,0.005858004343384113,-0.004201882909114757,-0.0062379556276362545,0.0002038253365151476,0.0025275183882547984,-0.0012383565281814464
2018-05-21,0.0005716827532715196,0.0005122503332650155,0.010190182407736318,0.007130085242569425,0.015019683763966282,0.00867408538750612,0.004230095350803364,0.005090448216611385,0.0009611312791092195,0.005515352736246544
2018-05-22,-0.0005716827532715781,-0.0015363888583160117,-0.013395841384800518,0.006726759461010633,-0.012368445732143369,-0.0014402778763786652,-0.001810775462854116,0.0036488697268804065,-0.0019233975380497693,-0.0044672800610070975
2018-05-23,0.0010614187645907496,0.0072331633947889645,-0.0001283792811484316,-0.006371609885140073,-0.0009273132917306525,0.007324626597901126,0.0036178031144881726,0.00906439532766031,0.0032434072010612248,0.007213552105901803
2018-05-24,0.00853209120176816,0.007938554223074636,-0.016578317113131267,-0.007843291759200975,0.004891440205054642,-0.0011451043208774,-0.0008025935754407503,0.008187714777141981,-0.003965057324237454,0.0021725615460393708
2018-05-25,-0.0030793967645780895,0.006205532575146996,-0.02633295084715201,-0.003226380346570236,-0.0018475629686519426,-0.0007164748046781376,0.0016051128492135366,0.004366144396062879,-0.0014459183345978547,0.0015088414033260509
2018-05-29,-0.00016231041385140818,0.021666242478506816,-0.0030887432438091995,-0.03396355040318841,-0.016115847677445328,-0.005463047472345591,-0.00220776633956776,0.0,-0.010301452556424538,-0.007756295133991084
2018-05-30,0.001460093554238186,-0.006730654659032429,0.02981343016504641,0.018038583804297646,0.01399928373277324,0.007324626597901126,0.013966642059647257,0.00808578896474436,0.01487216591969153,0.009074346767429702
2018-05-31,-0.0021909715513726826,-0.0016485452554130483,-0.00760068141563718,-0.008426754609593844,-0.01453615721570678,0.00028642501859504844,-0.016179198108340367,0.00157021882624409,-0.010981361426087487,-0.004810460420151966
2018-06-01,-0.004967644235411668,-0.005297447355306135,0.004724380217285732,0.010977198009081361,0.010955258957688806,0.01688059019013444,0.0,-0.015415396137309134,0.011461717595293942,0.0073482282883534054
2018-06-04,-0.0009801121170805289,-0.0072588060799394696,-0.008678378452392886,0.003269831134989555,-0.0014630247631667586,0.00798667754967359,0.008222053224223855,-0.007998412102637784,0.003711718831885198,0.011107236017249944
2018-06-05,0.003914822104047846,0.0023422855004118373,-0.0023800967860196105,-0.00436204721696193,0.0011972321593027764,0.0034820707571984696,-0.004604250109735725,-0.005233431524035953,-0.0020336478515474844,0.005831260736789986
2018-06-06,0.0005696358194504353,-0.008136043531348065,0.004754328614747353,0.018051176568706834,0.008337852850314858,0.006514855907732346,0.0012033478225715061,-0.024102615988733474,0.011194734234263919,0.009277495965020094
2018-06-07,-0.00048822166232812176,0.00963831197446949,0.015038008041231633,0.0032147755985130343,0.004209404579552781,-0.008045565297907304,0.006193186339035142,0.007004539451617095,0.0013014740788415361,0.002921655674074668
2018-06-08,0.0012201695433653895,-0.003007519617458654,-0.0019488273165737984,0.0014255664242014414,0.0032757593289576385,-0.0016726250159981265,0.012272759627237086,-0.0004107415675766214,0.005778975771403708,0.0020944833175744657
2018-06-11,0.0017868849442264543,-0.001841886479520891,0.0051883402013142895,-0.0021391124511467986,0.001960431238022094,0.0011155472669734144,0.008228532245693846,-0.002055838388656503,0.0018790885950055907,0.003994917969589446
2018-06-12,-0.003332688774722517,0.00025138812456205486,-0.0076620189832500366,-0.002501229571567655,-0.0010451154581192128,0.004865425869020059,0.001949427974806153,0.011459074796213735,-0.0005864831055477216,0.004791183869574015
2018-06-13,0.003008032375587246,-0.0005030808074374811,-0.003787775734138463,-0.0035844372873312653,-0.008004609184321625,-0.00514419604067137,-0.0031206895933637954,-0.0026482307655595386,0.00023463451932428375,0.0015316681310673893
2018-06-14,0.0015411027282310494,0.008265729824064616,-0.0014407164133329391,-0.00937950366630345,-0.003828363735333486,0.007083962738617192,0.0017566091317979275,0.0123669953783504,0.005152878477906097,0.010390660304685289
2018-06-15,-0.016672509186741884,0.0009144945865948576,-0.02171207814000797,-3.6556947515041925e-05,-0.002499560112675444,-0.0038275381251409554,0.01277029832315884,0.007090024084297691,0.0019446494700936807,0.0016426974721509343
2018-06-18,-0.0018972637609840908,-0.0009144945865949044,0.009927844515629369,-0.0018218090284512962,-0.004135466140151173,0.0011149961716012769,-0.014658766055754485,0.003224447656966534,-0.00964151589815502,-0.0016961942870668423
2018-06-19,-0.0025629178089954913,0.005803876001007731,-0.0022719414509559882,-0.0025562346670669825,-0.021345964086896495,-0.005166118201486817,0.005302131235243775,0.009811036229934907,0.002595813611720245,-0.0012517908420593634
2018-06-20,-0.004480227388754277,-0.008801558609327171,0.004405778245499712,-0.00256270466820561,0.0006820475411509146,0.0020975992806654188,0.0009785126571296393,0.0007962999881801853,0.002119163510568917,0.004730384689980341
2018-06-21,-0.001747735286870753,0.005239962618259378,-0.01868988053949833,-0.0029364747618254535,-0.012634018777103012,-0.007713613141914268,0.0019547995353827717,0.0033789071155652757,-0.0057792112290363145,-0.0071488132347192895
2018-06-22,0.0024126912728642744,-8.327331980180465e-05,0.019755022480255794,-0.0047912811859656505,0.003448747953589581,-0.0032433355373980757,0.008167901604438229,0.006920491419678005,0.00448468918748481,-0.0017051814588210752
2018-06-25,-0.003746388732216758,0.0022380055965355292,-0.020298150124119733,-0.010770729982194142,-0.012750679598735819,-0.020981343457795485,0.0050233179598619185,0.016416256966583977,-0.009227058950211923,-0.021979006733481594
2018-06-26,-0.0052686490212924385,0.0014068637143339045,0.012549611257265279,-0.0033660805580121842,0.003758942678975735,0.004030718409372096,-0.004248834499181842,0.0011622946120687708,-0.003094011428937984,0.007137344998081976
2018-06-27,-0.005718147886605,0.009379273861283536,0.013321499279645843,-0.012441352850496539,-0.008092758971332246,-0.013741371719653431,-0.0021310240192725497,0.004828374107132963,-0.008499358579160858,-0.013031556057243574
2018-06-28,-0.0030405479988212347,0.00024546732221656373,-0.0013239862270298633,0.008687464093642419,0.0014002252203736767,0.012160078091061748,0.0,-0.0003853531731691586,0.0013215299799799222,0.007820641214364536
2018-06-29,0.0036306900201949913,-0.0034442451959313895,0.006207945462352501,0.0,0.0020962739723029843,-0.00043162099525226707,-0.0005821596793557519,0.0015407096867128584,0.0020389734865198282,0.0017399904292574038
2018-07-02,-0.010080153442110952,-0.0007831491322129732,-0.014858212450314654,0.0048773129968536725,0.002230946302734355,0.008884908287937652,-0.005838662918683517,0.007095972155135668,0.003110343346382762,0.0013714306744421277
2018-07-03,0.010080153442110855,0.005342553062891936,0.006262280488636468,-0.009022764909368404,-0.003208814575160845,-0.011912668561242078,0.0023394843807725803,0.0028623970451642448,0.0023859661098075465,-0.0050378512589022975
2018-07-05,0.0033656028250155126,0.002864324288978829,-0.001063303220302998,0.002263376584972372,0.004879142000643936,0.014050444755887438,0.013732148915496819,0.0053210353355198714,0.010313857917016393,0.004946596113354466
2018-07-06,-0.0015972634935637394,0.0032641561463107403,0.006097298794837004,0.004886229882396048,0.003470411495008481,0.011606681115931,0.0030687314628224873,0.007741184438381886,0.014285914999155347,0.00782741768057817
2018-07-09,0.002436881277559937,-0.006456648622034817,0.01482314026962853,0.02261430068999786,0.018399514381261212,0.007570447573454045,-0.0038372300111432062,-0.0313305444269032,0.007297953458666595,0.011896452390851395
2018-07-10,-0.0018481290459546572,-8.196073959565148e-05,0.007394556002695295,-0.003672308980223711,0.0031247234862345733,0.0023710588778776123,0.011847783921383527,0.009464446058302685,0.003801343939925543,0.0021477144044062865
2018-07-11,-0.010905978807671088,0.0038469448894206514,-0.021424782111178063,-0.004794325898980741,-0.016548029186529874,-0.003908713871764638,-0.0032345854902745587,0.008994278184715427,-0.007965252187206388,-0.0023273467003034876
2018-07-12,0.004156581212429495,-8.212201411916745e-05,0.0017151076804788152,0.0018468684881982333,0.011653096978651894,0.01568300649388884,-0.0013350775071655453,0.0007618840546211408,0.0110650570587909,0.006609206149541723
2018-07-13,-0.004411618657356081,0.0025291548277598824,0.005259274436622006,-0.004438031396668022,0.005165909610162281,-0.001102059151581645,0.006467699216681921,0.00019012582425080671,0.001832364216489237,0.002222893392265612
2018-07-16,-0.0005102701051306204,-0.00416416018949146,-0.011606906156339693,0.017634675315568882,-0.004076297986945238,-0.002346540243142037,-0.0047518177162723906,-0.0009520098788719552,-0.006082654388988897,0.0024836748696162084
2018-07-17,-0.01086273575472535,-0.0018835629929329818,-0.0039876321630839765,0.001091698331153865,0.003940818464397064,0.0074341454886029815,0.008536673009484987,-0.0007623722508397869,0.005509958758065659,0.0009741090914844254
2018-07-18,0.00025795416772476286,-0.004025226061078435,0.0006657224947707324,0.015879073544941766,0.01092424866705752,-0.0016470747524024096,-0.008155566750033193,-0.005161131465285365,0.0008015426162304301,-0.0006196455463709334
2018-07-19,-0.004308123245285948,0.0063176540356520575,0.0002665362854365851,-0.015151855803528914,-0.0004023641426394669,-0.0035780902588893938,0.0005712978053384487,0.009157163425583965,-0.005620931157447617,-0.0023053142928613282
2018-07-20,0.006455244826308788,-0.012344887826551932,-0.003466082513727938,0.0018160951854322212,-0.0010739578992160082,0.0002749874170115017,0.006072258653751846,-0.007051067413103463,-0.0019571027157295013,-0.004448362939529653
2018-07-23,-0.004815949835095169,-0.012414899907380775,-0.0044161764625990875,0.013693746990169524,-0.006198534843970691,0.005086907891054916,-0.006262863617675089,-0.007101138226370286,0.002072201485677086,-0.0010708336847923391
2018-07-24,0.00034477603659500224,0.003431588826947989,0.012528428316922795,0.002859207818776083,0.004181296199735587,0.005470739197865064,0.0019021857372373302,0.0034610203591670125,0.009045634804321264,-0.0029499469113001137
2018-07-25,0.00550018047205447,-0.0015890776535545106,0.008309724778956092,0.0021392703540432535,0.015096167982270255,0.012469492187123794,0.0075715250697598055,0.002874549446920539,0.01268550153354186,0.00731445389646312
2018-07-26,-0.00782971239395345,-0.001926721905944614,0.010843469267395088,-0.00035651634043808915,0.007660912777004618,-0.015474750534292162,0.0052658807616971955,0.010660752147525395,-0.0028176526842174266,-0.0052574271867416615
2018-07-27,0.0005181795313148685,0.0016758960625480176,-0.004297138544254253,0.0021353067561367543,0.0001319086665392052,-0.017247829985935718,0.0013123907986388435,-0.003224276290699117,-0.0072496842811464145,-0.002594383776187512
2018-07-30,-0.00155521288098982,-0.0034381605731402336,0.008187479403986581,0.0007109140457398808,-0.009916219335100986,-0.015710412772395675,-0.001125014837210746,-0.006097835817497382,0.0005681312199372668,-0.008003903467655496
2018-07-31,0.0029355602050311473,0.005444927597710942,-0.0018134931535132483,-0.007130324370567897,0.021816679294289397,0.0026825392509776556,0.0046781097267396595,0.008943400485751794,0.010399156929004076,0.004684076300749123
2018-08-01,-0.007355188129704966,-0.00817988021716272,-0.013971458589352377,0.0,-0.013612620538736358,0.008983867081069198,-0.008435675956447872,-0.006461436651993343,0.00022500815969811808,-0.0049550976054686825
2018-08-02,-0.0053993230298752665,0.0014341636094922713,-0.005538184184503375,0.00035757202254530857,-0.0013190354711090796,0.012498291666812048,0.010114025276963106,0.004944785280257745,0.0037031977881715945,0.006840829455563685
2018-08-03,0.0034867672609534624,0.004960448879398708,-0.005169959146850572,0.005706191665002337,0.0009236106570729973,0.0035816557115088293,0.011672391759616487,0.01113128410693511,0.005918750644910026,0.00340301895552734
2018-08-06,-0.0051471986083892985,0.000587168408914325,0.0037142930050356473,0.005320446986116192,0.0014491271918438422,0.005348937995659133,0.0009204089914911736,0.0007501276822754874,0.0017801695033391892,0.006682368116563577
2018-08-07,0.0022714889105877236,-0.005210427850838006,0.007387946313615073,0.004587664808449295,0.0070837107876595695,0.0038222674705506686,-0.006091509272035449,-0.0015010923895532424,0.00011101631772217876,0.004607031313830048
2018-08-08,0.002788736658924094,0.001010564995005107,-0.007255215394662233,0.002461919802116517,-0.004454187971505682,0.0027215927474217414,-0.007620082443405016,-0.00527085909715236,0.001554578507179409,0.0010602094469375864
2018-08-09,-0.001480564583197746,0.00838295807958406,-0.009310953273760593,-0.005989462054467476,-0.00552953580230794,0.0004076844672454698,-0.0029893420843127615,0.004519969624152069,-0.0011102494811976427,0.0037015087564836457
2018-08-10,-0.00043582289228197795,0.007236395756038131,0.006128307863747998,-0.011728921577089524,-0.00888566010447209,-0.008046663324049793,-0.0037494645195177987,-0.0043315502906329986,-0.004341915792374802,-0.008392319712614464
2018-08-13,-0.015199092023381669,-0.0020740814866885586,-0.012832634963482064,-0.009700113777278427,-0.004807580993616701,-0.0013702491361985759,0.0,0.001320508360552228,0.0003346636527982474,-0.005069583897357554
2018-08-14,0.000973327608104041,-0.002245120734338926,0.002418430739801547,0.009342274147151025,0.006936347721897428,0.0061515568283928325,0.0069254317170154255,0.0020710191578908045,0.004673762422145129,0.009672201825583399
2018-08-15,-0.01676662157593087,0.005809612909616724,-0.035518095930103875,-0.007899381728707914,-0.004796636264076499,-0.009035127049021622,0.004095482090995123,0.009173217387143284,-0.0016667220422598296,-0.012261415849425994
2018-08-16,-0.0008097887609235239,-8.237778663134103e-05,0.007205348206408262,0.0132501936771321,0.012608719513986375,0.0043909996608742915,0.01420296617404315,0.010751067028633373,0.009737894235004322,0.004904940275448887
2018-08-17,0.009228205066865695,0.0012402453367335747,0.0024821630720960265,0.002131956793422365,0.006048792694898839,0.0015048237183221832,0.007662625189744305,0.005148909259081287,0.0030784877199766703,0.00088918182767894
2018-08-20,0.0049818196508907165,0.006673242350122177,0.006725473239442129,0.003189906649904761,0.006663626058412736,-0.0015048237183222127,-0.0005450274747044328,-0.003491147180210254,0.00328784918866535,0.007085351492738592
2018-08-21,0.0029240568705197916,-0.0033722151789653885,0.005049154791813935,0.003884850678872254,0.007395383114479476,0.0016417789719992215,-0.007117597715039936,-0.007204229211966616,0.0,0.007911227180463434
2018-08-22,0.0022095550764809732,0.003947074911499509,0.01190649733920973,-0.003530887419504934,-0.009742217494280494,0.0030023484161481573,-0.006246768012444732,-0.0074432281613133885,0.0009846217707120274,0.0010501172050434793
2018-08-23,-0.009491353686729712,0.0015575404729968577,-0.00471863768825346,-0.004609358757272196,-0.0028757137204348366,0.002178274169708231,-0.0023986751976059952,-0.0007475062538415305,-0.00032800432136280075,-0.0009626731689910572
2018-08-24,0.017318039357995908,0.0019645339402206375,0.007270984704140548,0.0035472495429581907,0.004310475365740548,0.01001202313824027,-0.0012940215656094356,0.004289894061252799,0.00479972801799742,0.005848906364048828
2018-08-27,0.0037595032326643405,-0.005740214876181308,0.007350864060498794,0.013366594516167318,0.012564334268717916,0.009113013065802582,0.0005549221733572822,-0.006160789231040097,0.003584549075755704,0.0064200514827023455
2018-08-28,-0.007973022006627225,-0.006021671213272053,-0.004270309776061004,-0.0010488816577602213,-0.0020619635883487113,0.0017326486251511418,-0.0033333774437880113,-0.0020619990585836246,0.0005421773864721773,0.001987395277148281
2018-08-29,0.00456378402562542,0.0013227451421857416,0.006133069801266407,-0.00034976864553805365,0.0007737907104066438,0.009015152221913519,0.0011123608720559122,0.007291782602296648,0.006481896548006216,0.011157736928350447
2018-08-30,-0.004915718883921236,0.0021457952244198163,-0.0027951924918605277,-0.007727351032320638,-0.006983960799270733,-0.003040347622933894,-0.003155010223087414,0.00037270551619439314,-0.0007539238376257207,-0.005735117032028401
2018-08-31,-0.0011445940280616581,-0.0023114177250177087,-0.007761013158169906,-0.0010585026548370197,0.000648695090826462,0.000794167453708515,-0.00037179184800077936,-0.004292658707823028,-0.00021585988337287346,0.0039411696674458594
2018-09-04,-0.005122797149080111,-0.005798255109721521,-0.0021519879617310353,0.004929603299168462,-0.0007784846209211268,-0.0038433508026960027,-0.0013024485493477874,0.0044785519637063195,-0.008007922980885216,0.0018794000238089004
2018-09-05,0.003447511831347845,-0.002669229153571266,-0.001346922966601833,0.0007023492951313741,0.0071137503293653885,-0.012560298368689883,0.011477383251705083,0.01386745818797836,0.004012024441868305,-0.010811632319364693
2018-09-06,0.0019395335367870974,0.0036684849935709014,-0.01864152255511914,-0.004573449939462918,0.003088407129501452,-0.00728755792268744,0.002757350958896006,0.005676214389687828,0.0,-0.0027647923334830795
2018-09-07,-0.0027340278330774677,-0.008525592851788446,-0.00013695265764120896,-0.0010585026548370197,-0.0030884071295013203,-0.003391761338479276,-0.002021342443036938,-0.01230834383420029,0.001514012957644553,-8.669182440409794e-05
2018-09-10,-0.000706792407982718,0.003686632538908068,-0.0004123717023403082,-0.0010598587552989997,0.00514209604416623,0.0031207632696289094,0.003488511098360084,0.004977970171383046,-0.0025966402815154744,0.00371368637819485
2018-09-11,0.0006184538252070439,-0.007639659022190236,0.009437334488175382,0.001059858755298911,-0.00025691272668846037,0.008499260708622454,-0.0036727000497899175,-0.002577930127437786,-0.0008671731634436327,0.007984838071347556
2018-09-12,0.008355710260063364,0.0023569421992252057,0.0051591499732029965,-0.009220088416369879,0.0030737131294888017,-0.0041731876190835284,0.011523204693376766,-0.0009226869350077076,0.004975255772042278,0.001879139368483105
2018-09-13,-0.0035975648169408914,0.0015119117052570632,0.0004067606908147663,-0.0014260751267013271,0.005991811646358211,0.011667903330666295,-0.0014562005898742906,0.007538792408616084,0.012330678086679646,0.0017056377757799842
2018-09-14,-0.006526220333751069,-0.0047963203687925405,0.0052655164828169735,0.007109968610677146,0.004944471014350727,-0.0008003042152620841,-0.0027353006939080104,-0.005326399249602544,-0.0033091271679648784,-0.003756166392915455
2018-09-17,0.005206771454576303,0.0,0.0016145523454074375,-0.004259613081697551,0.00037910490356964847,-0.012622594782527918,0.0036454929341712414,0.0033093945621848757,-0.003641714590491297,-0.012479036599511002
2018-09-18,-0.001497451648772046,-0.010514646576289118,0.006566454957756979,0.004967853149689255,0.009061440324208435,0.006331103220283859,-0.004193452044755805,-0.0018369419255610143,0.005777693547809636,0.01265042584816326
2018-09-19,0.0038711539862427546,-0.005984945326844888,0.003067211337544276,0.01684845990415291,-0.0008775437969989886,-0.0025546092234174874,-0.0018287879221108292,-0.021938142499710083,-0.0013875648579523934,0.000427221366217586
2018-09-20,0.003418801489789763,0.004620072855160085,0.00026635692828737815,0.00866398313688935,0.0015036252549736795,0.011777787798894206,0.012551180043006007,0.002065666101653401,0.009675435606033778,0.006815019164778227
2018-09-21,-0.006849331291438649,-0.00042747982176009083,0.006586079520977975,-0.0038894292525983275,0.006445649591617291,-0.003959899123375131,0.0016006331295323106,0.00424938069389624,0.00134780409723059,-0.00442926640413146
2018-09-24,-0.00017621292913996446,-0.0025646433326295638,0.014540469259301794,-0.011196544984465094,-0.01727355880670795,0.004947155731250686,-0.015385002947746475,-0.00889741665373411,0.002013484855895805,-0.006521462388299118
2018-09-25,0.0015850681638403528,-0.0010282573244058861,0.006410200818335328,-0.0038780318659977103,-0.0030566791995341206,-0.001201436450699576,-0.005923513985136376,-0.013785683972604448,-0.0030748540572253093,0.004209422661301441
2018-09-26,-0.005293338005935254,0.007003496415079519,-0.009696142211580676,-0.012082625200411323,-0.0006381515796149051,-0.0037457192805511567,0.0011131997434641943,-0.009880838345964224,0.002227594063754978,0.002312039726997642
2018-09-27,-0.008884998236125718,0.0006805147457989172,0.0,-0.0035816663697771107,0.001403418371462397,0.005880003527708457,-0.0012992144355240846,0.01026645457750273,0.005073282791567903,0.003415246507963938
2018-09-28,0.006316457708228832,-0.002640228430719349,-0.0027689339467207356,-0.01046028244679788,-0.0006376632545396877,0.0037240171987443066,0.0014847281982583679,0.014540097993316613,0.0030520649356495376,-0.0008525441107748438
2018-10-01,-0.0016864375351173554,-0.007368153539460841,0.013768006128878178,0.003980474737436698,0.008762488816721715,0.004767317021781336,-0.0007416558331225128,-0.0034243645978843363,0.004927463020633183,-0.0030759338096135406
2018-10-02,0.011482223287118152,0.00609388436989078,0.0010416084095592375,0.0,0.0022734373905670966,0.00013245297357627548,0.005735755496832492,0.013440350925913227,-0.001151183385030686,-0.013612688291967823
2018-10-03,-0.003959744500981412,-0.017523222047359895,0.00803291330493192,0.009346150578607248,0.004154374622859487,0.0030333943051740727,-0.01075882862729878,-0.01210735665605173,-0.0018865847748368416,-0.003388898727906439
2018-10-04,0.0005289130805077395,-0.007079098055653042,-0.004138052871945439,0.006774689071294305,-0.0032718358044703673,-0.018207440460208224,-0.0024273837108453643,0.0053151002781842,-0.009803206228342697,-0.015791281696972637
2018-10-05,0.0028159089867124108,-0.008632203619477476,-0.00012957536251741872,-0.004987417470579898,-0.005181084511585827,-0.012687544592940577,-0.0009352877066376123,0.015218793677848058,-0.0011661616966116021,-0.00754419897242783
2018-10-08,-0.01113382636882134,-0.0033673842169200936,-0.0007779432149696336,0.006762866849256102,0.0025309092728596845,-0.011337914259035223,0.013752200860009655,0.00835576722653693,-0.00042402804079020657,0.002580347614001838
2018-10-09,0.0005329800140063239,0.010068073849867985,0.008909467286774019,-0.003909656027511782,-0.015537869479297788,0.00356540668569785,-0.002217024576868877,0.0040598097791868905,0.0016960451498501407,-0.002936959411692789
2018-10-10,0.0024835810584159217,-0.0027276648019045847,-0.031868876590749676,-0.031473086025143295,-0.03274691337984683,-0.049673360940275496,-0.012096576976428687,-0.005539997437577084,-0.02390374320550615,-0.034270458353816736
2018-10-11,0.02536654489487655,0.012086059846899751,-0.034427678481798785,-0.03022080595347073,-0.026747105295429438,-0.012741087840600919,-0.0250252128411065,-0.018503353221073857,-0.02738411072552577,-0.01777388295548522
2018-10-12,-0.0047616679491750925,-0.0034881866623647775,0.0027432705238014396,0.001135577289484694,0.0066527427200241684,0.03155295462059595,0.005552009090929756,-0.001132738357519397,0.015269364010550329,0.01832720704814783
2018-10-15,0.006660030947980057,-0.0004366826992929514,-0.008391120104640479,-0.0045504017437710455,0.0018924990026253233,-0.01651305169273085,0.006090551826787651,0.004710274940690817,-0.006941908813115768,-0.002307438762000996
2018-10-16,-0.0017255996137758734,0.002269582737963078,0.008254215485728338,0.01658566356596241,0.016741864099023816,0.02969719241304005,0.011133279504742234,0.010285217484653062,0.027052252317000817,0.01985176613601885
2018-10-17,-8.637796161603928e-05,-0.00594760132602048,-0.006322589396274342,0.010042590641956362,-0.007332027765905098,-0.004608846149694121,0.004680387470939658,-0.0018619270134400017,0.005259873878675662,-0.008276873367223185
2018-10-18,0.001122068685606197,-0.00035093841341013503,-0.0049756838456580296,-0.01679445368088523,-0.017410387811595093,-0.019791335849938863,-0.001308354214509459,0.001489836788971905,-0.011413061175063442,-0.019366240927161094
2018-10-19,0.0007761304849288288,-0.002195867066503295,-0.008907147770449597,0.0037564965645334935,-0.0036830802141624135,-0.0004283646162466806,0.022560227709577968,0.01551306389722259,-0.009137160409150106,-0.009825797568084143
2018-10-22,-0.0025893597255195024,-0.0013198887003294066,-0.0111060937382911,-0.021604342006531052,-0.0034217334390523025,0.008250104467294166,-0.0075253562729754074,-0.006434829883048713,-0.00822968044991986,0.0040356854284720285
2018-10-23,0.005859562733875961,0.003165362004296491,-0.02649979352160701,-0.008078193621320662,-0.01659109457137714,-0.003832222350269706,0.0044119186144338535,-0.0055482840285962015,-0.005413772282306919,0.00018727483649218766
2018-10-24,0.0023171370069294235,0.007520378226782764,-0.0402842186280776,-0.025426806506433187,-0.03446424940908669,-0.0458292606165437,0.00420983741149736,0.024004806530707114,-0.03356899355448223,-0.03032708611273668
2018-10-25,-0.002231204310531111,-0.004190676660175984,0.012167198439135798,0.01533341296718212,0.007045789948170376,0.033812168325408606,0.002371586937083492,-0.01569379310432333,0.012861931422529317,0.029765309804891272
2018-10-26,0.0031736109331066205,0.0060188792371561675,-0.007492967377771499,-0.014541490396052414,-0.009936033226977564,-0.020208702944409233,-0.019317895910842903,-0.018563726362063472,-0.011373757885028342,-0.03160087247987208
2018-10-29,-0.003947139978932246,-0.0022638714584546672,-0.018828481917794408,0.008671735132217466,-0.01678255829253983,-0.017033566683291843,0.011451821335885671,0.013955046595341943,0.002513222891048941,-0.008838749641843118
2018-10-30,-0.004394427867848238,-0.004980520574344751,0.022881335061825412,0.01712125231741529,0.020394293002760303,0.011141641256679337,0.019640705389876653,0.0038727629649059976,0.010668896556766188,0.014912777565412722
2018-10-31,-0.005628951974666692,-0.005093280718694303,0.0061239224889948814,0.013793375669840818,0.007613065516412288,0.023506801250368366,-0.009408654997801087,-0.011849911966501104,0.0013536638083819826,0.01279751067728336
2018-11-01,0.01277086763550299,0.0009264768908339441,0.008451215315000525,0.004555583806400949,0.01744878805352749,0.011620595456392428,0.0070646930545462,-0.004480159846626017,0.012547800403692551,0.020196728451279053
2018-11-02,0.0001715043948444399,-0.012510986785976955,-0.002513105376489235,-0.000757712914976088,-0.0016891129032103839,-0.019734594640852525,-0.0052483895437348835,-0.005628438188553541,-0.006254462381291302,0.004083569936472262
2018-11-05,-0.0024032178261357497,0.003920675526596386,0.01658738636244325,0.01579551433273671,0.005198390119713966,-0.001018522301662305,0.012442651599709118,0.01401249652568503,0.00881169104293163,0.0013882683079395302
2018-11-06,-0.0028398265791741537,-0.0006227165293182413,0.004648109980801171,0.005210645705069792,0.01045496105985724,0.006242157373196204,0.00607461123669349,0.006656699031941815,0.005095305659223388,0.004429672031813942
2018-11-07,-8.61993040877103e-05,0.0013343396364666861,0.01624152159460175,0.01290820576369987,0.01609517571615048,0.028954287273913228,0.005683792182885974,0.011361948577786725,0.02896552840916094,0.02671170656951173
2018-11-08,-0.002156939731312277,-8.920978935775553e-05,-0.021909165799575046,0.0029269311178210648,-0.001638521400437228,-0.0008434305386131943,0.0005314119277189925,-0.0016415412584482845,0.0005366143043441167,0.0002690349292933143
2018-11-09,-0.011291663536045476,0.007438396375271978,-0.0017504505657582453,-0.009175941366244842,-0.010166525599237706,-0.01745863948095208,0.0058246702447497445,0.0014590368121404987,-0.002900584195627026,-0.013989848754923984
2018-11-12,-0.007188596482678694,0.006506986741920138,-0.02094772619114297,-0.020112447547094837,-0.019943479896046744,-0.03585894570797434,-0.00529403566012344,-0.000546658674568507,-0.013648332693690465,-0.02029192178314615
2018-11-13,0.00035180582721631255,-0.0006134582956539503,-0.023225210908418524,0.0056276019341743285,0.004497409971351384,0.0011869485145032696,-0.0023023626436231505,0.004185183134796747,-0.007004554646286141,-0.00046366968829460783
2018-11-14,0.008233404279792808,0.0006134582956539305,-0.0016797974194511832,-0.013559665316622511,-0.0033710380441245727,-0.012080035804853213,-0.006761856977052936,-0.010404276850772706,-0.008049928209845096,-0.007545186101058486
2018-11-15,0.0011333182475063862,-0.0004382411686548949,0.014565677392569731,0.01468131297652696,0.013139484077192714,0.024747570842255102,-0.0016080975497137005,-0.008291460835387654,0.008818400815340514,-0.0014972437120218435
2018-11-16,0.0073788789662288,0.005770550798723814,0.011829258323903784,0.001120555381007521,-0.00027763403817782946,-0.0016117253334352046,0.0025004059171288835,0.015239717672239932,0.010046013715739438,-0.0039406944555504765
2018-11-19,0.0004323180677422659,0.002786521411471005,-0.00029771270848537854,-0.0003736804836952695,-0.015962476650915835,-0.03886248494240495,-0.0016064121382180576,0.004363411440600756,-0.012793479283224104,-0.02474680167695196
2018-11-20,0.0,0.0003471926744729803,-0.03330642818799762,-0.02227751479633606,-0.020966027944812296,-0.021725083164944155,-0.016756005118889937,-0.0041812915078875265,-0.009398349167091907,-0.022906355911643368
2018-11-21,0.001641277459165005,-0.0003471926744730651,0.015580035704182744,0.0007632917972857484,0.007037692678314944,0.007294135865311317,-0.008026066726965783,-0.01486692364048451,-0.0056813722361652936,0.010397419801248156
2018-11-23,-0.0007771357154266267,0.0010422877653437617,-0.03187564382062373,-0.00804432102999139,-0.0020059331746002233,-0.009165191816956056,0.0034738635915527094,0.0005546952743935093,0.0014514849034075825,-0.0044989572515723
2018-11-26,-0.0011235233509469095,-0.0022603942801107156,0.014909197751620107,0.020179575406619233,0.007287678708130845,0.02237576436367432,0.0012764282638918379,0.0058964732116579925,0.009658558283937503,0.022198514724707793
2018-11-27,-0.005984687209490756,0.0011310007928640679,-0.0027786004893398802,0.0007535133506045145,-0.0017099288058669297,0.0019819638416978124,0.008892279453992666,0.007504472100843378,0.010332240414159059,0.0029674803228826045
2018-11-28,0.0037337803634568288,-0.004880951459056231,0.01701341727970069,0.019026970046780556,0.02367641507298975,0.034429190437123086,0.00827672157908879,-0.0007297831348904956,0.023772010802646442,0.029107483320632625
2018-11-29,0.003115272664463216,0.003923691089849283,0.006513642750365328,-0.008536148763542051,0.0005564790018564624,-0.009759047000445397,0.0016111806842566878,-0.0003649594145213932,0.003304729165542965,-0.004652709792665459
2018-11-30,-0.0017294794115241437,0.003735786805491001,-0.0018137556042027664,0.005204344070298268,0.009696967510229578,0.009464609284466635,0.0064194687832246165,0.014678159955194314,0.020123858046629153,0.007249154391496203
2018-12-03,0.007501675441848404,0.007075285558465167,0.021992194911767723,0.006283739562072134,0.011513375493299272,0.02183858449038275,0.0008884276551091105,0.010023222628553152,-0.004809654502882303,0.01853238050980258
2018-12-04,0.006080599945141917,0.016602630253215706,-0.029126738721047103,-0.044451674051754715,-0.0434486349772273,-0.03861027190565274,-0.017014993110333887,0.0007121576678220757,-0.02257785590319197,-0.03666047438891627
2018-12-06,0.00017072178718187972,0.003135985745125881,-0.018605909838827386,-0.01396442278021962,-0.005566418828811513,0.0022424967742314147,0.001083053585833818,0.0010672007826365002,-0.0037590041419437482,0.004797548868230507
2018-12-07,0.008077219150826301,0.0018595198187638877,-0.005603218936841886,-0.01932625892684806,-0.026687772346661705,-0.03588119941861479,-0.012710967430793531,0.0037263872494703123,-0.025834039104911933,-0.030393309404962345
2018-12-10,-0.003477935715567025,0.004129587033007512,-0.015731124211842796,-0.01403695006392871,0.0024958865342374708,0.013683364579732422,0.0,0.0019463934558106874,0.003857476426135513,0.0007734323266651053
2018-12-11,-0.0011903699128753065,-0.00016830241419945528,0.0003172694340726447,-0.009740286691225293,-0.005882252375766101,0.0012207448683237967,0.008190048269501756,0.004057538480854724,0.0030750748340072163,0.0003865315184086599
2018-12-12,0.00212467676965701,-0.0044685270666225485,0.003954747443109387,0.0056934243268771745,0.005588915657090471,0.007747628302502233,-0.0012699281236380072,-0.006358244565341901,0.008517250254363916,0.01047752863540107
2018-12-13,-0.0022097759847801487,-0.0023680275134189874,0.0031526762467352144,-0.007326114292204267,-0.002790394240763044,0.0016632625603415921,0.006151716800105238,0.008644215947280381,0.0009782926270910587,-0.004984997469770397
2018-12-14,-0.004007006751401737,0.0034659022910094204,-0.023084780165964096,-0.009851973123440761,-0.013922124480787428,-0.02477944619540031,-0.01710067009883175,-0.0019339040175506872,-0.03425368892662815,-0.016764653964919954
2018-12-17,0.0068957425332182515,0.005807157297925297,-0.018367127019604294,-0.009950551618966097,-0.01654208550611531,-0.02144543261264872,-0.023390399953292656,-0.03273711105081876,-0.020097269914954443,-0.025736242993795466
2018-12-18,0.002372671007408459,0.005970873784820501,-0.02390537983596082,-0.0037569485994610194,0.004991414586615852,0.007880196064531386,-0.011903928423103482,-0.006751202719109844,-0.008754819658439798,0.007790747350977724
2018-12-19,-0.0061126025718981495,0.013124446783070485,-0.01183042914368629,-0.012626712419453779,-0.019039393494989634,-0.019978685586317435,-0.009741434224218025,-0.0016490085468700932,-0.013160327882674155,-0.01999773861620878
2018-12-20,0.015295836918707156,-0.003638019802044344,-0.028103124915913005,-0.008934342246589918,-0.018468795284753772,-0.018099865376589513,-0.018011560702640147,-0.0005501564344949336,-0.014167786910432271,-0.02268735937298946
2018-12-21,-0.0043704611932126065,-0.0001651105464220739,-0.009754364051481581,-0.02019799983606217,-0.019062005552877397,-0.030853714028474304,-0.01042744278690447,-0.004283930572798467,-0.012500396954916395,-0.02292195441488111
2018-12-24,0.01089057789030817,0.004957296443318088,-0.041296968033572336,-0.02128700991700397,-0.031163387831568808,-0.02705168074278315,-0.029321777277475477,-0.042713226627913214,-0.024239117914907942,-0.019167310112727848
2018-12-26,-0.003003949025405859,-0.01077291943784942,0.060361963790612164,0.044276220403940324,0.04551751193004716,0.05864202305386647,0.02752673452469112,0.013485288890059288,0.04269400267120625,0.05756313683593429
2018-12-27,0.0075760760319352385,0.00016654546857615345,0.00523224409644895,0.01193591443916119,0.012432529067356958,0.007175581608059795,0.009536815426277798,0.00838400399298202,0.010982017477626907,0.005322826076934359
2018-12-28,0.00405577569851946,0.008378541485490743,-0.00768321042153863,-0.00042407708449785725,-0.0026624800347942305,-0.002277505107995913,0.0,0.0024637716264793367,0.0011733977897948077,0.00010200802174951436
2018-12-31,0.0015682595209626012,0.0037932499025753225,0.005244866118837789,0.00970249644743791,0.009986213865330771,0.009401832879311962,0.004144262011839851,0.0017021529927341507,0.014672010624556493,0.010661503157204847
2019-01-02,0.000659591337713554,0.005252973365937643,0.01951186858299127,0.008361139730927182,0.0051103022447897325,0.0006452280491768542,-0.0059256323723574115,-0.017345444494364315,-0.015258385377776722,0.007546712566735608
2019-01-03,0.00902531942317321,0.011315134287922825,-0.009967316209421604,-0.022737596079719976,-0.030901952920453883,-0.05178568147641292,-0.0057612132594823395,-0.00019214907960560766,-0.020514224642242403,-0.021889917464455143
2019-01-04,-0.008119106827353381,-0.011642575119642366,0.03345814645080168,0.03268003695930368,0.0372150418722805,0.04336599581568691,0.021094863558694072,0.014699271470055663,0.029394606102194323,0.032558272422653266
2019-01-07,0.0034525160778516237,-0.0029524227744710187,0.014755785355850355,0.0012354214889537165,0.008102083378833507,0.008903235136036745,-0.0013663761149992348,-0.0068455339253536,0.003831621694515267,0.022360599763081676
2019-01-08,-0.0027117139907279018,-0.002632016084638269,0.007705720370636043,0.0008231873412285466,0.013609975848112308,0.008345496713790689,0.009139443405238876,0.012326104239137985,0.007734579334205163,0.010995475753733632
2019-01-09,0.006397649700215412,-0.0015659827183234485,0.015717875162654875,0.004924227541854438,0.006735765622759995,0.01286242753008895,-0.009335011786626369,-0.006049275235491886,0.004474865582453186,0.005071153947002381
2019-01-10,-0.005904086348646563,-0.006454115013741926,0.002889765898300918,0.0004093195580854451,0.013484794645030627,0.0044079462256822015,0.005844642505707221,0.012998362459327664,0.0019442901877892967,-0.0028673494872130524
2019-01-11,0.0017256811414605045,0.0038940977690472348,-0.0059490049986815246,0.0024517798812159685,-0.001030577867032654,-0.001886796094980226,0.0029095162679578595,-0.0037506418057585227,0.003308227181304028,0.0009566969746919374
2019-01-14,0.002378067354322114,-0.0037280822049026996,-0.0024220686751709516,0.006914759653873137,-0.00014789151962247657,-0.009328835131769,-0.004853727489175262,-0.02280158329444135,-0.011108371825541601,-0.006138579301830604
2019-01-15,-0.001721516103226458,-0.003658802895253994,0.00355031753655302,0.008878304099097114,-0.0030992160945928476,0.014978768180769306,0.009876850905953364,0.01222577659439388,0.017804617029132764,0.009002801971694641
2019-01-16,0.0031947551186356582,0.0009991622587501873,-0.0012897989041584464,0.021070128454487257,0.001034245469336986,0.0009384960756548658,-0.005410516433624274,0.0036007869388153093,-0.001811486029364745,-0.002290721458194284
2019-01-17,-0.0013094038577051105,0.00024971322004528574,0.009151507519711978,0.005492366442737685,0.01698417036077678,0.006389854905757618,0.004253804798037813,0.0041532504515891695,0.008800635477926302,0.006762335672816391
2019-01-18,-0.008966489387798326,-0.0052556167712868775,0.0200942511901149,0.017067964892558903,0.018839977770348633,0.015109556901530579,0.011891059974315834,0.0011298072782224822,0.011837030030211504,0.013763590929711937
2019-01-22,0.0035468368649853345,0.006751960430044995,-0.0220135585345873,-0.011605514677348328,-0.02087427567790185,-0.01697577549099174,-0.00919384810402739,0.0018800305605558608,-0.006906525194480953,-0.015093502767760147
2019-01-23,-0.001400718491595256,-0.00041507766667582644,-0.010301067195988152,0.001166665238676875,0.0014534028557415242,0.003418376029477034,0.01185930753155648,0.010091536541031648,0.0011172834650636264,0.0019940890322077505
2019-01-24,-0.0015678713054947328,0.00654401562046652,0.005324627134746878,0.002329339937529222,0.005071582209875957,0.008341023872856538,-0.012436694808420027,0.005192916734757722,-0.008409678632402806,0.004165318708185363
2019-01-25,0.014511460180241248,-0.004800592514138937,0.01263325975808902,0.00810950950114227,0.012638225103862954,0.014052430065448257,-0.004051161842677009,-0.013782969538814064,0.0012379226037385312,0.010991399917066836
2019-01-28,0.0034938106026215594,-0.0009960151988516644,-0.010061802636664448,-0.0030816919978762926,-0.00960770001821906,-0.013437328311629916,0.004243779926498389,-0.00469977696827642,-0.011423456055523841,-0.005809664269605489
2019-01-29,0.005580978043920208,0.0050530531472213385,0.003045105113176738,-0.0034783567549398157,0.013738013572806,-0.010819257142936129,0.0023072851317731927,0.0028224799785900203,0.004879314906867392,-0.006505313079970488
2019-01-30,0.00571038723811713,-0.000743717425418305,0.013983670594155314,0.005790473503257205,0.015512915894340092,0.030606937293640543,0.006699230483410021,0.0076743898063869435,0.013604523929146458,0.01948341674647655
2019-01-31,0.0004810580433256342,0.008563279868138459,0.006449373675776778,-0.0015406764090724876,0.0043287848111855836,-0.0010553392934029243,0.01833521203944731,0.020851271010920953,0.012428953568262818,0.009050079562798703
2019-02-01,-0.002006018726865743,-0.006058095430517877,0.017254069301015876,0.004231812721823518,0.0015310081472962515,0.005866540209312424,-0.0031890580776347817,-0.0038423738595398937,0.0008821165961617772,-0.014724522273405026
2019-02-04,-0.0043467903708823,-0.004474552484795957,0.002308776897644858,0.004213226976305166,0.012855712689833813,0.01592193192090655,0.006368237244405971,0.0016487022297364473,-0.002869108283657252,0.00650915454676605
2019-02-05,0.0025781491687657575,0.004557112100868951,0.0015364176898667694,-0.0026793033122703026,0.008615499571739271,0.008379497683580752,0.0001865337640579234,0.002011173003164287,-0.0014375514083374565,0.00931786752083242
2019-02-06,-0.006781846869660204,0.0004959152113892226,-0.007395840703955143,-0.001150474050054019,0.00027235548671346847,0.0033610102298401775,0.0001865852299008256,-0.0005481324693467391,0.004526829470994907,-0.004140938741667451
2019-02-07,0.0024273450059934865,0.0065884229193425995,-0.022363973973633548,-0.010027120718306885,-0.0068299432511681225,-0.013809586267640206,-0.0007466362134921966,0.013072098580465437,-0.0110780212597817,-0.00824024336202111
2019-02-08,0.0037911013463212333,0.004258717890639102,-0.004596884915516485,-0.005051347315101628,0.0015065267602259699,0.00575297679738191,0.004658537871997932,0.004319523670735609,0.0018923105398454822,-0.004005922363488305
2019-02-11,-0.004923141507008373,-0.003930336804495359,0.004755042062758002,0.0031114026107536435,0.005323416490942217,-0.000441654102468749,0.002599230052270765,-0.0003589980952941572,-0.001223778459209342,0.0017718858189773353
2019-02-12,0.0021013677593768472,-0.002547139020951245,0.012570724646487756,0.014649532601471657,0.015399454012043026,0.01315656766466542,0.00775782352802562,0.0023327290619140346,0.013599550262465423,0.015257751458028527
2019-02-13,-0.003963908091330056,-0.003791446797136973,0.012414905639692421,0.0026752907947744033,0.005880515170884752,0.0013060150267571857,0.0018381507795703865,-0.002871897496573212,0.0021938374580651753,0.006767920598628044
2019-02-14,0.005577307519395154,0.005681715776239497,0.0035406448187583306,-0.012288959855010724,-0.0046748817309334315,0.0017385863404370953,-0.011266181210027768,-0.0016192517169997878,0.0022985546736499244,-0.003652543619266082
2019-02-15,0.005947180522780987,0.0015586479498707303,0.016007761987341308,0.021029039874062707,0.013299635652547324,0.007931427312466688,0.009428030430457396,0.003056274330334128,0.014974146925020974,0.006837584153576093
2019-02-19,0.015109582852092532,0.00253822631777562,0.003020321492027268,0.0015125486477160614,-0.0003962942955767168,0.00028755479553565225,0.005138534566042895,0.00590577327170393,-0.002372116948851068,0.004080413112014591
2019-02-20,-0.0017378437981699678,-0.002866079571001606,0.004213198797557627,0.006401697745968534,0.004746442154297174,0.0011478735282906465,-0.0018321733765738564,0.00445125308835051,-0.001188311924151998,0.001988566548886026
2019-02-21,-0.011370537714508503,-0.008979446582209227,-0.015586530086737554,-0.0052687031540974184,-0.004086001018809223,0.00043050741642471524,0.002929885172652218,0.007257604897461949,-0.008793265047201664,-0.0019885665488860514
2019-02-22,0.0035920768439101198,0.005940690029415046,0.002893544573219357,-0.0015109173263045891,0.006582450125705266,0.012679137182001397,-0.004765421571089257,0.006153749231141475,0.00911765135008176,0.005414657280685237
2019-02-25,-0.0010363715360958284,-0.002965544901480954,0.0016714502200251417,0.004148738803455822,0.003928974547846996,0.004801338680975844,-0.005526911354877869,-0.006507046743563055,0.0014035586000697268,-0.0033355608664761643
2019-02-26,0.0016736332310031306,0.00493757135829974,-0.0031932104064688748,-0.0030154814256235546,-0.0027486830102443627,0.0021109444890266386,0.0005539483040739251,-0.0012354569226547727,-0.0035671579615370857,0.0013536552962676108
2019-02-27,-0.00711234367844341,-0.01139378310099656,0.0038001072752716133,0.003767809658335276,0.003924349030066518,-0.0009848434411358254,-0.0014780773308899575,0.0012354569226547482,-0.004667139055228876,-0.0007217950661982829
2019-02-28,-0.005629776625606553,-0.003410249175090948,-0.010064077735409292,-0.002635917624083555,-0.003400234363057952,-0.002818093903367241,0.004796018932060554,0.0058056699129867,-0.0029416418186322215,-0.0054292825567761145
2019-03-01,-0.017163968380321165,-0.009285530045553101,0.018223762339017957,0.006389830162595208,0.0009166246156637098,0.0067509761295200844,-0.0018416197357174584,0.00210257277641795,0.014084935575402038,0.008042901645093877
2019-03-04,-0.0026289836177431354,0.007806287480958206,0.0018042744736274047,-0.006389830162595106,-0.00445971284618488,-0.003791492069412963,-0.0016609941043300228,0.0017490933672342634,-0.013648402025379359,-0.003155031299383594
2019-03-05,0.0013153870929188036,0.0020884499965873196,-0.0033103007709079876,-0.003778021715198624,-0.006462141768671338,-0.002959484060107211,-0.0007388593642389852,-0.0012239102832853305,-0.0005452726700930648,0.002524747409151008
2019-03-06,-0.0009041270457165541,0.0036649803840014365,-0.012741119449800924,-0.006455260291055592,-0.009438378985885903,-0.005235294700719114,-0.0014795295590587243,0.0,-0.01473068599789855,-0.004694291842363383
2019-03-07,-0.0008226265106167708,0.006463934486839054,-0.005970911250440261,-0.01033891723848741,-0.006028646292149531,-0.009550558333698446,-0.006499040951427706,0.003318158699460219,-0.007893802456477859,-0.012199699068901908
2019-03-08,0.010886084259377201,0.0042038859509585325,-0.01891225224535813,-0.00038513624006860465,-0.0020178454753540975,-0.00014322134954026735,0.0005586768550092647,0.0034814166945479346,-0.002123204917582278,-0.006985835646934615
2019-03-11,-0.004896357818091657,-0.002965722820556972,0.015528280152348601,0.010343212993954017,0.008447311236203719,0.02125936853861468,0.012948842404483097,0.00709902166954774,0.0113450208218449,0.013650259913931395
2019-03-12,0.006035459879402026,0.006988114280558016,0.006450522374104849,0.0022835360712209155,-0.008312182884037657,0.0058727085318310045,0.00036754590491386806,0.006877606145590636,0.007272905354230145,0.002816948889407277
2019-03-13,0.006968612448215201,-0.001885808780347233,0.01005334628866409,0.0068211397047802675,0.008712497423872225,0.0065312249439076625,0.005679163336829035,0.0010275610261904376,0.010702419195422632,0.003532502861698156
2019-03-14,-0.011614284265949192,-0.007249751548175235,0.0010604784824802735,0.0037693121416241945,-0.0033424352370112747,0.0020753110801898507,-0.0009137417657396794,-0.0001710641375654528,-0.0016308786746938695,-0.002988364569372354
2019-03-15,0.00456433710702197,0.006592738469851361,-0.00039700780579797934,0.006971299574789286,-0.003534612516625114,0.012031978659964039,0.005646610428787513,0.003615319587043064,0.004586934813647283,0.006394880953443574
2019-03-18,0.0005690800870331783,-0.0005751538343557738,0.01379531936830907,0.010088006665807626,0.009684385899669608,0.004238528523021658,0.001460930821137183,-0.0037878041158211392,-0.0015228324813650307,0.00962793119806781
2019-03-19,0.002759488322105534,-0.0022212999900400186,-0.00271357104437893,-0.007837543131351925,-0.0036208783000669024,0.0020441482090218202,-0.0007299047385449201,-0.011450513855918061,0.007916107728547027,0.0050022545713020485
2019-03-20,0.006463126873943105,0.010406063209777784,0.008717948040087053,-0.02082195947486017,-0.006874683182654156,-0.0027261278875846486,-0.0042106111883495586,0.002613787761980415,-0.006936810974414865,0.0014245386294109445
2019-03-21,-0.004034541087699915,0.002198559513004915,0.007009389006039547,-0.0030653613373177835,0.009558175280846301,0.024808580763262516,0.011672581686989933,0.01056015236142816,0.003907997726689058,0.01360914734246464
2019-03-22,0.0023420233902432335,0.015415160373277998,-0.02741973747994398,-0.0280174219295833,-0.02290247157948292,-0.023853584868788094,-0.001270106504410802,0.007206794903331454,-0.01836894818378953,-0.020035940543177592
2019-03-25,0.007633907060241627,0.0016003762278947826,0.00045820401392934306,-0.0043501608895368344,0.0023275962609698663,-0.0043744474924815,0.0019950866412840242,0.0008543828333749042,-0.0005522299236319952,0.005892928502943301
2019-03-26,-0.0049754946888430985,-0.0007200065949417611,0.014249127993784364,0.011820455010873084,0.006678894867268276,0.005464882258547171,0.008479914486801144,0.007149059058837301,0.006822133691658213,0.004263823225680967
2019-03-27,-0.005243016760484459,0.00916045080411606,-0.007099541893243469,-0.004318143285135882,0.0010862746402964213,-0.005738650337296725,-0.003419219924022833,-0.00697833486983132,-0.008368860150205167,-0.0020406029140543997
2019-03-28,-0.014253957303041619,0.0034825064686974895,0.003782656178562691,0.008617380656707634,0.007301189948588441,0.004102441123431542,0.004855713674555789,-0.011854706156850118,0.002539951466336485,0.006022013419341315
2019-03-29,0.0009019770912032663,-0.0009482681774213052,-0.001511298343192203,0.0027264938358103875,0.010719632238312345,0.009777227118900797,0.0066160078987079415,0.005343428508906464,0.011951258446796911,0.005195568833132039
2019-04-01,-0.0039418902576438125,-0.01430614450969897,0.013071957048411176,0.02420843417482317,0.020448118835437817,0.013556251866731423,-0.003391997234006277,-0.006900249921675422,0.0015244910947114756,0.01091955690311217
2019-04-02,0.003695988550420936,0.0018474892603378267,-0.006890151496229047,-0.0007594182425957916,-0.0003920116344751217,0.0034600732231273947,-0.008260046800391916,0.0013838971177989896,-0.0022879844264681436,-0.00017396915111009728
2019-04-03,-0.001476744057391478,-0.008705649760147323,-0.009666237638132411,0.0030348786255530824,-0.003008858173646617,0.00807178157043353,-0.004880372101643973,-0.0015570087296433598,-0.001309773870972041,0.007014113309076759
2019-04-04,0.0025419025120264,0.0028295845643034174,0.008312616143823295,0.006042100805547761,0.006139097820567743,-0.004225800496839858,0.0037978369268280915,-0.0034685403677804988,-0.0020772920885055108,0.008078339235201303
2019-04-05,-0.001065158454634802,0.0012912406819006322,0.017456605113773203,0.0015052065332440488,0.0028607855802821386,0.004752879161431111,0.003423863981834648,0.009337832989110078,0.006871744195812707,0.00588859891891969
2019-04-08,0.0043355523546012775,-0.003554039734286013,0.004427357616282149,0.0011270519820145391,-0.004294085995397631,0.0038124749872613145,0.004128975841049618,-0.0070817492688542115,-0.0002175422282266317,0.0035677035790871573
2019-04-09,0.005210460213684454,0.0031509756551072092,-0.012297595762027751,-0.00829568751093745,-0.0136557029298069,-0.0047355001839008105,-0.0012550991330588191,0.0024238551687292987,-0.002612798045530478,-0.009028540062903634
2019-04-10,0.0030808947099307334,0.002416555023301202,0.0037203347027984384,0.0030246343989151787,-0.00026423277195244634,0.0069636419453467805,0.002865805621295772,-0.0031174421738795607,0.00032686786615459846,0.004780016263972768
2019-04-11,-0.01287293202962213,-0.005891086755313088,0.000742393361145134,0.0060217160257503,0.008558585517393162,-0.0013103271184668548,0.0019657444567828817,0.005017558730824236,-0.012389539095575112,0.0012764258052187386
2019-04-12,-0.000984454241361077,-0.007147984550363447,0.002667565512485065,0.01821939713245202,0.013155467796448354,0.006924415203945538,0.003207758706198608,0.004649235470582309,-0.00919923932077762,0.006188804283493402
2019-04-15,-0.0018896884121834196,0.002523877633378598,-0.005938102042955592,-0.006283426315706526,-0.005579507717552643,-0.00039093992990933186,0.005854746093574239,-0.00017172145420569728,0.004000210884751132,0.0020263181110861065
2019-04-16,-0.009004202217837156,-0.006280571586051054,0.006530178997847072,0.013991517823658376,0.006097109422381892,0.005066757903224067,0.0001771535286294393,-0.012448691364685552,-0.02073018837145643,0.004376354838491946
2019-04-17,-0.0019104067944001747,0.0004084401190097879,-0.0013324142319873563,0.002556005114015074,0.0012922258816481737,0.005556565875799065,0.004939834218965792,-0.003834434050246772,-0.02918079365296363,0.001929596503082964
2019-04-18,0.0007480072379889946,0.005221474409819243,-0.004751010384498743,-0.0029218191371006893,0.01142993211928461,0.0028309435192465505,0.000879724360195281,0.0005236950160733943,0.0016310051461949583,-0.00033521093337299663
2019-04-22,0.0,-0.004812280663070899,0.020913376334208776,-0.002930061679312975,-0.003069060592646947,0.002310611653946176,0.0003512691969036783,-0.0008730327032188608,0.0005817076391006418,-0.0037802031385140234
2019-04-23,-0.0020790892290242957,0.0021238267466441394,-0.0016043868237550914,0.006216786515444993,0.00867275398388924,0.010838335825825733,-0.003168791453460344,0.002791207779558967,0.015695604865235024,0.011880009401938537
2019-04-24,0.0029095034311526903,0.00812493309866118,-0.01767327029429294,-0.0010945605268341367,-0.0029253305249670055,0.00038026683406747967,0.0021138046924899577,0.006425337839837215,-0.001145620252567165,0.000914382208206615
2019-04-25,0.0008297251865102907,-0.001457595635939727,-0.0031252608247411325,0.0018233381069642563,-0.020327420732155786,-0.0002532548123067438,-0.006354947391915195,0.00414595905786279,0.010264810205154693,-0.005248221470284095
2019-04-26,0.006613259149985799,0.003398111040255836,-0.01305265698896212,0.009066366944322357,0.007510014860455246,-0.003811605404454756,0.008990612684982292,0.0015502219516224497,0.00993571344394071,0.007903706527254908
2019-04-29,-0.004459139554905714,-0.006400900794289763,-0.0009063306745091649,0.010057394051740973,0.002319189278448673,0.0002545319520606194,0.0012281839205057082,-0.005869292621329577,-0.0017994478230333208,-0.0034867807996680827
2019-04-30,0.00305743426250323,0.0051074400352371045,-0.0007563262269354422,0.0014285598955399864,0.003982136196489988,0.0016526739896535621,0.0115022933226471,0.016313724066777543,0.004604184952104194,-0.0014978999833013653
2019-05-01,-0.0066225029075605455,0.004116954660480845,-0.020168440606021056,-0.008242111449267852,-0.006559149346918729,-0.002543819407239123,-0.012379240808670085,-0.010272414446936181,-0.0017944999514135915,-0.012234142698649685
2019-05-02,-0.0038279074525403786,-0.004773422995344303,-0.017595214968960434,0.001078816254264513,-0.000516399217971202,-0.005235990160488029,-0.00035123643448272226,-0.0022395959195298477,0.004256078163184295,0.0007585521773777758
2019-05-03,0.005902166622599836,0.0028342962756219277,0.00922559873143808,0.008945936057189775,0.012062326039541861,0.009430787033792444,0.0075184846763007435,0.005503936715231938,0.007570759173275292,0.011725317415512504
2019-05-06,0.0013252386046359393,0.002745736065699675,0.0009334241570100203,-0.006791554514941587,-0.009612599694594508,-0.0077678604075228615,-0.0015689898708056568,-0.005503936715231906,0.005089287966915844,-0.006096732648034604
2019-05-07,0.003305527606359191,0.007632235807782441,-0.008745673207852543,-0.01663709051800975,-0.020426130546976767,-0.02170879825788282,-0.009993920641899716,-0.0031092007715556405,-0.01938802190093777,-0.01527918443528324
2019-05-08,-0.002478073455137969,-0.004330869483887029,0.0,-0.00219040444687876,0.0,-0.0011760974260026163,-0.00017617393751008064,-0.013762126325614937,0.002135328651578653,0.00034029345072668517
2019-05-09,0.0023955509816441485,0.004090494773925278,0.0,-0.0021954521324821013,-0.0014466861863810005,-0.0068245388735889735,-0.002116998785958016,-0.0012287500377237968,-0.0021353286515786696,-0.004090004232699131
2019-05-10,0.0018959191232163482,-0.0013615149081723568,0.004694554827753877,0.006571790588880505,0.003941128981576741,0.0031556083255079178,0.012112751681208907,0.017755078293061125,0.00033748080819582605,0.0014506317750085202
2019-05-13,0.010159840539079742,0.007824661539089957,-0.01732321944797701,-0.029544162436197903,-0.02886421005444477,-0.038401798250577567,-0.009467162239467426,0.010640165015378242,-0.018961842276349047,-0.030207123334694518
2019-05-14,-0.001713369544315355,-0.0029469881495091752,0.012157550712387848,0.0078399817817883,0.010338103132447464,0.01596771050136864,0.004745026214753246,-0.006679764769774586,0.005031073074785707,0.010054791877738552
2019-05-15,-0.0005717761663673002,0.006123442762918285,0.005165668735589294,-0.003725594092582825,0.001334369357594176,0.010815449157966155,0.007858123786616104,-0.0017198690762033073,0.0029609103370183856,0.006762504498441241
2019-05-16,-0.007216080906090106,-0.003335207406529805,0.005449622994784285,0.010027897105236896,0.0091618868507835,0.00912107437586803,0.007796696165615163,0.006690981240930609,0.007815341123559055,0.009203179424198335
2019-05-17,-0.0071027767830243865,0.0022249300094306502,-0.010144177822538286,-0.006673971119503747,-0.011164623485182601,-0.008059728398236439,-0.003284528472138396,0.005116820681397342,-0.002145649349820119,-0.007648869537943488
2019-05-20,-8.290551782707826e-05,-0.0020661772163102316,0.0004703170388293362,0.0011153993242390106,-0.0025425025531648233,-0.01753156361402629,-0.0024272519986546864,0.001360134327859276,-0.0004523592303662992,-0.0070995613874157044
2019-05-21,-0.0023236423674714048,-0.0015917953118434146,0.011535415210383721,0.010351288578630428,0.011722559341967928,0.012211258162611814,-0.0020849156948219523,0.0018673803435587278,0.009344899131645483,0.006926948367806409
2019-05-22,-0.0009975291545634036,0.005719222113496308,-0.015620348466090245,-0.005901768736621751,-0.008244581813420396,-0.005215241464255253,0.004512167693476626,0.00743364670535052,0.005699267989942786,-0.010321321713002771
2019-05-23,0.007704775453647809,0.01118492549646798,-0.03410797890200633,-0.014158498168927081,-0.015339586901493858,-0.017718455982417596,-0.0003463556648748629,0.008547757119326722,-0.003460029623937935,-0.012457542593157463
2019-05-24,0.0010723379767870567,0.0008609731932341386,0.003739625843719215,0.007849098522574552,0.0004065440077277301,0.00027275823188804957,-0.003644195420958645,-0.001503338228153927,0.0014524844633555729,0.0013231975947711736
2019-05-28,-0.0038822269155751525,0.007174123270925293,-0.01044066770002667,-0.011608470826236898,-0.009259454250504838,-0.002869179078006708,-0.016477344358050393,-0.01651527091236148,-0.014395123636369737,-0.006633999167170227
2019-05-29,0.0003309964016133878,0.003025963961773986,-0.0064159600417874,-0.0018849582151132167,-0.004524290078593061,-0.005900110772966895,-0.007272526888180433,-0.013342620050035153,-0.009675092266905987,-0.008914230894320465
2019-05-30,0.006761236816409464,0.008562207470107984,-0.012789975369122377,-0.0034020199058898875,0.003840552891847713,0.006173911338746576,0.004263500759877875,-0.001551023555439637,0.0054750574584239795,0.00651539048431421
2019-05-31,0.013386857013473643,0.012441537744326644,-0.017708238617100386,-0.015261771835618358,-0.01378393313430754,-0.016828015718332996,-0.014283539798965838,0.004645953684526028,-0.007192406623784533,-0.013163414498386105
2019-06-03,0.014329650783140814,0.006666303747972347,0.012680445093140187,0.0065149196653045685,0.006777745556094299,-0.017682412756699625,0.012509276083771025,0.009907872795724795,0.002403286874625378,-0.00841824063860547
2019-06-04,0.00031967486235552026,-0.011467414342961712,0.017157168532392637,0.026758449704508216,0.02356861069095339,0.03286727846423801,0.00901620462147095,0.0008493666772898065,0.016437549507499878,0.026728063040777718
2019-06-05,0.002553665830468566,-0.005667504322297576,-0.011126597655940925,0.006302303012654196,0.009647824440736526,0.012932025381348265,0.011374730733711404,0.02117382148384399,0.0075051845509124535,0.004943744897918124
2019-06-06,0.0032623544765034472,0.003221262598728762,0.018367248730996398,0.0036886497281713947,0.0017325512952399932,0.011563544854136017,0.010386241657053121,0.006133570930084604,0.0051197747904645164,0.005094943584694669
2019-06-07,0.005624438342681366,0.008614013933727774,0.004580220477909057,-0.0014735866893431776,0.007954767134020541,0.018412532397787285,0.009597277213608708,-0.007464579214650273,0.010382621520873476,0.014353821290522371
2019-06-10,-0.010003215486538998,-0.009457031746813314,0.0029337047616692933,0.008444875479392388,0.0013201904580466108,0.010185848684448074,0.00034096144087819005,-0.0068499291988170395,0.002961878275670969,0.008428725014355177
2019-06-11,-0.0011975692988470156,0.0006132458793169614,0.0019509191407601268,0.00036560066713643187,-0.008610282725425463,0.0,0.0032341297867975985,-0.0060532838206558606,-0.0016446670073634326,0.0038464219779835384
2019-06-12,0.005179100221238763,0.0007652246275401748,-0.014230987347312209,-0.009917635487631039,0.0021269242814909387,-0.0056021719520962816,0.0015287236513619779,0.012903213019472951,0.004816832253872065,-0.00025602385385965645
2019-06-13,0.0061006935016299476,0.0034378502027867072,0.011628801356118865,0.003316926157739968,0.0050312563317199965,0.0030000326096029126,0.002203459375514509,0.0019958880850438673,-0.0012021287029547268,0.008920824220156182
2019-06-14,-0.0003160129284806553,0.0025131639408176734,-0.006534815427538006,0.002204814576331909,-0.0039704520723472005,-0.008765580733007046,0.0005075984261712137,0.010414430390294677,-0.002298565052248545,0.0021968505958203954
2019-06-17,-0.0006322652864022912,0.0017485121230717707,0.00832452416217548,-0.009219939871522672,-0.0034534999598952822,0.0007881760982290475,-0.0028807919559744885,-0.002799683434161216,0.004483265189590604,0.00042163367517972624
2019-06-18,0.005047324392238259,0.0049989445373431725,0.013722123468607053,0.013250233957945267,0.019241700248116847,0.017957424210077427,-0.00544613313999181,-0.004130969444644565,0.00847334023495373,0.007563723868108554
2019-06-19,0.006038970838080437,0.0014344259840207035,-0.0011229180235343536,-0.0018298514653456506,-0.0007837580374472664,0.003604383386938404,0.004087143642918634,0.007587975461352306,0.008939142754517864,0.0018403650618889918
2019-06-20,0.024866155493817887,0.002637056108149384,0.021909048126268142,0.0043858565793608115,0.01658302748917553,0.014543135774809568,0.008799010271491268,0.00638892864508414,0.004386012917620814,0.006912128449443059
2019-06-21,0.00661369341666817,-0.011046869527008871,0.007200190310089717,-0.0022385545229552484,-0.005343886989078564,-0.004739075595690498,-0.003247622321565559,0.00386072552795461,0.0047909549983095445,-0.004640910510010072
2019-06-24,0.014741593126273352,0.007428452704311118,-0.009008264548614487,-0.004049149845270472,-0.0019477178526607192,0.0019137803300876381,0.0025511958610794985,0.0003277341839730008,-0.005241343492402134,-0.005369248244830595
2019-06-25,0.0019392450876947497,0.003091589767718716,-0.007969553061006529,-0.00332537622832282,-0.007568054301718643,-0.01852423011641022,-0.0005095947104059637,-0.006083331925358155,-0.004083777314260962,-0.009635813230897418
2019-06-26,-0.009207653748305768,-0.006419694535431146,0.015245735385305131,-0.0018523009762539632,0.0024855613473260337,0.010718948288926295,-0.014378970517401671,-0.02200813614672103,-0.012679790608657614,0.0032223567526287827
2019-06-27,-0.0009781791081800058,0.007022091336242477,-0.007435109166189706,0.008859696033684797,0.0009139499068964546,0.002565878564438003,0.0018947079812990535,0.0013477108618728854,0.006955902558352955,0.0062453937524480216
2019-06-28,0.0027063662544696662,-0.0006778010576990705,0.011524297190316586,0.014231017594248533,0.010517687371156879,-0.0001279821050820782,-0.0006883551952036196,0.0038646508661329903,0.003351561530465374,0.0028562224839608495
2019-07-01,-0.019559428102497136,-0.0023411321751338485,0.0009412888515390953,0.01188576860415484,0.0009036760198532491,0.015764039610640056,0.006008937558105151,-0.0025187538845155176,0.004953556849232194,0.008770151359149879
2019-07-02,0.02113481354805423,0.007683623748867925,-0.016124334136233643,-0.0025093677555303212,-0.00129140446894764,0.002645318875145889,0.008692150342752223,0.013526236265118102,0.005356021946680793,0.002159900946583451
2019-07-03,0.0016477026920105947,0.007103850782069074,0.003976164467905612,0.00786548474978083,0.005540610711272775,0.007644760429206083,0.012311379476314041,0.006942049285992072,0.008510573319905826,0.008675160798517795
2019-07-05,-0.011212861349998495,-0.013352059646887732,0.0014276630877551868,0.002845144571990237,-0.0039908177894450525,-0.0018745604008505467,-0.004367463464222914,-0.0004941492880316516,-0.006909125446863625,0.0011510759287208451
2019-07-08,-0.006453396174434407,0.0013584794326579493,0.0014256277712640787,-0.0049841345805557965,-0.008291647364072207,-0.007659159506424662,0.0013457496921709382,0.0014820256853259844,-0.007494818906871619,0.001231865082657555
2019-07-09,0.0034976216131429347,-0.0003770765361654884,0.0007910468697435886,0.0017826420298398332,-0.0022142045068012286,0.003523386499916629,-0.005901689308471503,0.001315652293902692,0.0009668917871824362,0.0010663858712915005
2019-07-10,0.015664164068756106,-0.005521840139708963,0.012728863643894429,-0.0035686999121405903,-0.002349624671093959,0.00788128554179808,0.006405955551793369,0.00229831180230884,0.0034295321460020714,0.0036005400156797615
2019-07-11,-0.008479433149487648,-0.013440912406631613,0.002027928498035415,0.005704269398727851,0.006772920782698277,0.0037313350283949874,0.002517447528729901,0.0003277341839730008,0.0002141963029769616,0.002039966127583269
2019-07-12,0.006235244213343071,0.0011528681986609096,0.004198911527820712,0.00673150673567378,0.017371825039726698,0.00729776739105717,0.002845578575435606,-0.006577896518520642,-0.011187911320940293,0.01142890670386189
2019-07-15,0.0,0.005742922093800562,-0.009041516365567985,-0.0056655836715450774,-0.00409074553406126,0.003322176496724947,0.0023372052290343117,0.003951850532239009,0.0021610833226950797,0.003218524358051422
2019-07-16,-0.008498565150237166,-0.0029820774607915716,-0.010705234173926194,-0.002489077779478553,0.006384166020152703,-0.009379487294581738,0.0003331802833877971,-0.005768568234180408,-0.0049774732833065055,-0.0012862972710865656
2019-07-17,0.01633123396202252,0.010739637384430654,-0.011461590584191082,-0.008580713927837035,-0.02161452927179934,-0.002607120812864574,-0.0011674924447182533,0.0037945176138739754,0.00021679856260031313,-0.009618218898556453
2019-07-18,0.01401922107283276,7.614797490687931e-05,0.0001602498571318441,0.007512364592464341,0.001819420168315924,0.007431270997157096,0.006653499994299623,0.00868927332989773,0.005623839022770789,-0.0013001461302557184
2019-07-19,-0.01483691752503857,-0.0023512513376274997,0.004631229280946909,-0.004286010824837712,0.005437603248304015,-0.004328177381890443,-0.006319737257077814,-0.014634602878662436,-0.01040747294767339,-0.006608901135774237
2019-07-22,-0.0001487748968767623,0.0018966085206083346,0.004610291562372614,0.0021453403325997376,0.0007748160886305471,0.011459809635882102,-0.005856111708204132,-0.002155994764773306,-0.0020726447799711686,0.0005730093279250554
2019-07-23,-0.005668654760058427,-0.005471897756302254,0.002692625307501477,0.010303936565201231,0.012564101335674966,0.0054980451633128945,0.007189821794075566,-0.006327991223648658,0.006205463029200213,0.006767481364425818
2019-07-24,0.005073447292028362,0.0043338549671629156,0.004261791766105643,0.010198847368578524,0.004322312660465614,0.008251596152290376,-0.006686562768069194,0.000834826693074308,0.0005422828791490724,0.005025369665194243
2019-07-25,-0.007095118991376651,-0.004791556301015867,-0.01140522471502025,-0.007022671122881219,-0.0020315942433957014,-0.00411733610534404,0.001340863584029461,-0.0025069675550796503,-0.004893126139184635,-0.005594315548305379
2019-07-26,0.00164757936404381,0.0023608836931952315,-0.005110989188944655,0.010864104254384895,-0.0021634872411600814,0.0021819296115794867,0.011160205899353487,0.0036747750045371813,0.003590743439415284,0.004542791464168089
2019-07-29,0.006637600502192369,0.0003043434844596821,-0.004011168926694069,-0.007697908078121199,-0.0017849929566876252,-0.0006056631946935475,0.0018205442321166997,0.0051551540377723784,0.004118746184049559,-0.004868105268366338
2019-07-30,0.0033393742390960437,0.002430428945143932,0.011190909168206357,-0.002813968972874369,0.004329360282142739,-0.006441519386295603,0.0029715246506669796,-0.007659191979867531,-0.0043359439484924305,-0.00677368918533339
2019-07-31,-0.013199706898717264,0.00800790765780189,-0.0031847621437891974,-0.004943580206260935,-0.011244882047594726,-0.015235954272047963,-0.020485115138689013,-0.004690799391089353,-0.009935088247276286,-0.011530393676011693
2019-08-01,0.0237382025873749,0.019665962093533013,-0.022907647980455848,-0.02291519881194466,-0.019594221453775096,-0.005088975940147242,-0.003539905365406412,0.01019128879815577,0.0013157573422141328,-0.013678173131019468
2019-08-02,-0.003819352910475418,0.009198672641797547,-0.014464644814914256,-0.00036249355938882186,-0.006441910129134203,-0.01643604793949643,0.00016890638394220466,-0.00016616898156215278,-0.0023038773657215795,-0.008263854938468195
2019-08-05,0.013885007839557597,0.017140906614722604,-0.030254497543761062,-0.03390137303640612,-0.028088056068573498,-0.042641978752119315,-0.026344519341425045,-0.014400624406743999,-0.023784125740683733,-0.027208551831868735
2019-08-06,0.008095529492025941,0.007961043404237818,-0.0011949424484770394,0.015988336613049672,0.01494493464692384,0.016496615918313792,0.008973445943809522,0.012403655926255735,0.012851679320108755,0.015111985209724907
2019-08-07,0.01507548681526026,0.00035698103165490973,-0.007546072629374059,-0.013368211020294873,-0.0005345624565255395,0.006213822561022811,0.011613972292032006,0.0024956272161812394,0.00033288115698827236,0.004019748245343534
2019-08-08,0.005022054446004403,0.0021404740798923938,0.028343089238528015,0.018886207474479104,0.01683823213653122,0.024223609641520132,0.012823312159077378,0.010249633575008172,0.013232228943834454,0.01910797885690203
2019-08-09,-0.003321683939870917,-0.001997212373401708,-0.011105635552437485,-0.0033070470559924525,-0.008450165057205835,-0.011401457498284084,-0.005547797431734969,0.0011507226975915944,0.0012044071008409669,-0.009423664087831527
2019-08-12,0.009651773675578623,0.020635283603671815,-0.011914939507734545,-0.019324452911406127,-0.013885445253028554,-0.013209445681419177,-0.006765887931394288,-0.0019733240139334298,-0.009785625931472239,-0.014647312945153059
2019-08-13,-0.005977346952418699,-0.003433453464811581,0.009204270650319264,0.012306946511629698,0.011894701995023644,0.024736607200118894,0.011307191037615797,0.0006582590448215391,0.012953087313792074,0.01633667060150952
2019-08-14,0.00681829671908825,0.022279679280763978,-0.03998138572949729,-0.03776918582087406,-0.03103315190485448,-0.03121248867023848,-0.015900331482782238,-0.00825907848481767,-0.02820495948983698,-0.03181142031252111
2019-08-15,0.006632923311853109,0.01105825168062435,-0.0061996908693963855,0.004991439558265771,-0.0010970353073172132,-0.0018210865617824194,0.014892746479635384,0.0128544137351027,0.003471580947493152,-0.0016566948908578478
2019-08-16,-0.00642279632319684,-0.008042153911030397,0.01306300134516474,0.017464286499999333,0.019159486205253103,0.01882745035620205,0.011358283549961394,0.005063375515551926,0.012222406792760864,0.011281234112520603
2019-08-19,-0.011765243129746363,-0.014405808087685535,0.021856795539262824,0.010110851559771738,0.009377073195910189,0.01508734236611293,0.009915704627386194,0.0063336824285674335,0.009562158812410368,0.012519337228634055
2019-08-20,0.007765153200510364,0.010290972982102338,-0.00844318176049096,-0.01350368138051392,-0.005883701683193784,-0.005045903249986132,-0.010912757363521474,-0.0016204708034346206,-0.008568869015537826,0.00025574087493917825
2019-08-21,-0.0031694374885161206,-0.006687865103519357,0.006382021956300318,0.004521545617209333,0.00615032705042546,0.011693029402549567,0.002656273578394445,0.006626458106626498,0.00736444391862329,0.01907047681243816
2019-08-22,-0.002542737809443374,-0.006662777265910774,-0.0044804592229747316,0.006744053006701953,0.0014652268182599939,-0.0023776919136010767,0.005291999692452548,0.0009660862086510338,-0.00494030672350489,0.00025064334970683857
2019-08-23,0.0194004358255685,0.01630100892205347,-0.03408023116024338,-0.02572021190325948,-0.027117949771161803,-0.03363818566794914,-0.016798660055520002,-0.010678018456232783,-0.02338342690782605,-0.026932433190420036
2019-08-26,0.00013874512727632068,-0.004050696509886959,0.004279539020405226,0.009533255031919381,0.00735805627045318,0.013770369812967686,0.012335352903316964,0.011482604975650084,0.010422806464373333,0.009823552388834237
2019-08-27,0.009525229640210546,0.015290983509773683,-0.0062471822569685745,-0.006090781057883717,-0.005172426523807158,-0.0015345829737676627,-0.0028204064691778525,0.0017670897450146733,-0.005926699031610898,-0.004942343292923588
2019-08-28,-0.002820513317677276,0.0012867058443586403,0.014222573135457175,0.009121865411951952,0.012206935240162893,0.0008956493564188852,0.009590265928230696,-0.0027324743382616053,0.0072640002405679575,0.012395255985770197
2019-08-29,-0.007190355573252848,-0.0037957637592146913,0.01454507177563641,0.015021221868274526,0.016975757744199838,0.01724373262844964,0.0004934143913773745,0.006896942696928928,0.007543118938426484,0.01490676936438457
2019-08-30,-0.0025705723222454796,0.00027127486556415925,0.0,0.0033488854210071395,0.004100230969602852,-0.00025135674258399646,-0.0013166636937254703,0.0003198116417936782,0.0012144811223447618,-0.006003055344406334
2019-09-03,0.013817145553141903,0.0012920474780323305,-0.004883250750363311,-0.010455881681411152,-0.013688816814534733,-0.01227180394886795,0.005747517446743052,0.017581689765161106,-0.0058669955921819795,-0.004106046490373066
2019-09-04,0.006224182405113975,0.0014932163023417301,0.013889130940192708,0.009712653520522361,0.012632203107190054,0.016913429326228933,0.008965744248564464,0.0009416024428302556,0.0006660531237454175,0.009859501843397473
2019-09-05,-0.02429383958928248,-0.018276370849259028,0.012337708529131106,0.020239835138808945,0.017810903494461777,0.02068548494983594,-0.00618577359953004,-0.010882516576027453,0.009826021054758794,0.01894316588712759
2019-09-06,-0.008559662387184017,0.007090121425183528,0.00526502983961449,-0.0003644489667930486,0.002074644647712253,-0.0008586201483021135,0.003260388717001882,-0.003972222435068465,0.0027432631485931427,0.0024445613548100364
2019-09-09,-0.0037414803722944866,-0.01792469551784349,0.01979270226384649,0.015190292449868225,0.0029749460966092827,-0.007512744890018061,-0.0022810735979093997,-0.004947736211355922,-0.009246225192190913,0.0038178229411999737
2019-09-10,-0.008594766463448816,-0.01768369642869241,0.011723234955182436,0.0035829196451845915,0.009127753342989616,-0.0050814063572505955,-0.0062186134244690185,0.001279183014460227,0.002871097991162957,-0.003980625498225633
2019-09-11,0.0060453662250154515,-0.0017784884170042013,0.0009842061027125516,0.0057059951631895645,0.009298799017957044,0.010382908108353288,0.0036048478333393225,0.009858406986121867,0.009874709148846937,0.0018706640045008974
2019-09-12,0.0020542492696135994,-0.006572088021874277,-0.0062509843900639865,0.0053202537499192895,0.0006335782082336862,0.005396411420336405,0.004080719467143609,0.0022128729453667166,-0.0003277093125200616,0.0047819469991974405
2019-09-13,-0.008313640257218174,-0.02159029072073681,0.007889461708072651,0.007751776789936385,0.005433917723473618,-0.007365486832026294,-0.005717322627943864,-0.006335082375179252,-0.0005460152767229291,-0.002023519846601463
2019-09-16,0.008313640257218249,0.012662554447207406,0.03301171063017352,-0.0035160736192599053,-0.0008825915571913716,-0.002467634042201387,-0.009712809482717105,0.0007939901724815331,-0.0021881731962619757,-0.012884580123275372
2019-09-17,0.001979350045407386,0.005409175281336396,-0.014037526146222171,0.0010562427504432301,-0.0005045498482126891,0.004067958614075193,0.0054439227044183755,0.008693646700849357,0.001532261312916132,0.0060554859333036
2019-09-18,-0.006305141849164153,0.004234681582092525,-0.0048309127294626575,0.003512444224723985,-0.00151560920710663,-0.0001232791212138453,0.0016439734519316045,0.0042401744400091595,-0.00010932925668825958,-0.0004896430545824855
2019-09-19,0.004042645700960864,0.003003180213058736,-0.002586139613211984,-0.004568686975167276,-0.005068432820707916,0.0022124295669029063,-0.00016410341909206086,0.004690574923955038,0.004691610158435456,-0.0026972312988813064
2019-09-20,0.011751169204553406,0.013124239342080842,0.0008163909575012095,-0.005894030137974192,-0.006341485909932956,-0.011730041982704992,-0.0031779708436351323,0.00395354526555292,0.005558856600754501,-0.01152884770339868
2019-09-23,0.005580782257567522,-0.00021141134896757668,0.0003263698559930364,0.001778939596842946,-0.0019296057988385474,0.0031098185633350738,0.003970738251904696,0.00015638719439354411,-0.005340394256830816,0.0034826571538993543
2019-09-24,0.00527299162043293,0.011981682745132402,-0.015950200340740704,-0.009644832204825114,-0.00568161318307319,-0.009735440259066697,0.00411977689462314,0.011672381855246931,-0.009221841482817504,-0.010735379205290307
2019-09-25,-0.018719501081169466,-0.01473469620109169,0.0016559322597282976,0.008221764975816021,0.006453858777223956,0.011844866339751634,0.0006574341111414193,-0.0006193000632917707,-0.004864332558948014,0.009078416680424717
2019-09-26,-0.0002821278180384957,0.00641186091579241,-0.013159494703405267,-0.004638869531510569,0.0014144179204574757,0.0011149385309932205,0.005571956299323781,0.005250283332220555,-0.005556962063174213,-0.004320686501450557
2019-09-27,-0.005161727926224835,0.002455114519105094,-0.00016728232900497077,0.0039266141693386205,-0.00399107456604419,-0.013461609256225202,-0.0011447479141899729,-0.003548563257118797,-0.004467299523301731,-0.003503506750057199
2019-09-30,-0.015647105922203676,0.0024494912187511433,-0.007237383392037194,-0.0024969349095182534,0.0014178463091360706,0.010485773166578711,0.004896429997445182,0.0006179588678198722,0.00891510963618185,0.008569901922916514
2019-10-01,0.005457893373498284,0.0030058130283574106,-0.023413935827605262,-0.02129662274926665,-0.02425112393132756,-0.009356890196954116,-0.0026083911669743665,-0.002319678942921646,-0.009811351718975217,-0.008402853887987187
2019-10-02,0.011606023170116823,0.0024399906613765047,-0.02486134492583416,-0.020641985478009384,-0.019053463455263743,-0.01898080901988813,-0.020282558450153428,-0.013404026326214727,-0.014673094683254093,-0.0181262702483173
2019-10-03,0.004520416059329575,0.009080652927582412,0.010755821037245858,0.0040884514815660595,0.006569962757095892,0.01218913071275299,0.00697223861883209,0.0023509445342597027,0.008942273291476411,0.004837682057320084
2019-10-04,0.0,0.007356553944559249,0.006294016845637647,0.01837591823780927,0.010369503082269606,0.016397035275041022,0.015593135488652174,0.013836339920598326,0.015542173110752887,0.009354140752194406
2019-10-07,-0.00856363541098911,-0.00832325890723364,-0.008928200523309546,-0.005111084246024266,-0.005038629591002833,-0.004230140972875508,-0.008176858961585095,-0.0038675950656891257,-0.003334001552545749,-0.004371239821314152
2019-10-08,0.00870459991703739,0.002690766053796335,-0.01720360648518164,-0.019963662327602574,-0.015539379884256885,-0.018497002414613543,-0.009569153169019596,-0.009342782984524392,-0.019219312308417533,-0.010586759571408108
2019-10-09,0.0009156241246349503,-0.005665039994011879,0.009081969125607646,0.009291959221530848,0.008469356705935939,0.014749969098300439,0.007596801371809412,0.004838128224637645,0.007236852967900118,0.008478177798432051
2019-10-10,-0.008767683192965708,-0.015006116226592816,0.012507976317726521,0.010305483162877563,0.009061895188837163,0.006859088767925041,0.00197235179721026,-0.0010904175690103172,0.0049447888091763885,0.006647567815847866
2019-10-11,-0.005554769940672898,-0.012454012323725948,0.013390165472009762,0.012372716641322739,0.018662926965787308,0.013701202825104907,-0.0009856896272324109,-0.0037477106556272335,0.00826179873500188,0.011257938815330694
2019-10-14,0.003991150393420187,0.007236361537952772,-0.0005181751443884184,0.001445774412098458,-0.001955117057185969,-0.0006130167238775665,-0.004942924974568335,-0.006435035951707369,-0.0004449814234385152,-0.0004976870981058162
2019-10-15,-0.0069950016712766044,-0.012162268590499936,0.004139496357023532,0.014342241915388158,0.008056010225134975,0.010979464928819198,-0.004304202389499924,-0.0031541451953479576,0.018078111019409406,0.008756146205749705
2019-10-16,0.005713914835703777,0.0012160922330876611,-0.014039688766350061,-0.002495231791928475,-0.0005175799978624111,-0.0069395946142067335,0.0009949924500908974,0.002208879561728942,-0.0013117134894233993,0.0041036945625133915
2019-10-17,0.0014233647353723328,-0.002432801518929491,0.0006980705313137736,0.0007136028455684939,0.004908027995781736,-0.001956650970695111,0.004629729019394052,0.002518652030655931,0.007410611466503654,0.002617638630674007
2019-10-18,-0.001067306413452129,0.0,-0.005246814326435575,0.0024935307178779245,-0.008670469860804414,-0.009594035596159685,0.0019777014403965618,0.003296046174628882,-0.003698627056151362,-0.0019627184984606512
2019-10-21,-0.004781550075213642,-0.00755123691416259,0.017727250014588327,0.013778675478510425,0.005960828888073904,0.010695098144292191,0.003287005948446124,0.0039093492933435425,-0.0010902757700620403,0.003513672679601928
2019-10-22,0.0029287043785159624,0.005829874233253709,0.012837271337373852,-0.002810982488301906,0.00785070526340527,-0.013541951684311996,0.00032840468680292147,0.004205268838144958,0.002179457008392892,-0.006382401961714463
2019-10-23,0.002351027592914482,0.0010044938337799478,0.00829882812391767,0.0042135161661185335,-0.00012833258960747473,0.0008672485089420189,0.0045826007651726605,0.0040328215622721115,0.006185994122816013,-0.004607899273012638
2019-10-24,0.007090719694468963,-0.002009131704210446,-0.004225460054527038,-0.0014025336778166046,0.0014092355201784038,0.014507380249299283,0.0034232400376792518,0.003400024031172194,-0.005097997909665038,-0.0004946701507897021
2019-10-25,0.0023289599557340403,-0.004897195661603632,0.008097121685186537,0.004899984835967386,0.006253312316054713,0.012011124523726723,-0.005875616674588995,-0.010234149689263804,0.0010869991102975415,-0.0011558053602555142
2019-10-28,-0.008637230479381003,-0.009138076554490277,-0.0057285360871143776,0.005223984204651846,0.0027953412569419645,0.012583295066994049,-0.0019662853484676323,-0.01381072153623962,0.010266471002948547,0.0031341497800181513
2019-10-29,-0.002776885194246242,0.0006555493205371492,0.0040470050646028745,0.002428426904912641,0.003293065360870196,-0.009092177067098485,0.0,0.0009478037080804882,0.01409237177001977,-0.005698029853206359
2019-10-30,0.005475210184932403,0.014528425462131457,-0.020573600419623854,-0.0006933201202862381,0.003534571392861227,0.006110402090346562,0.004581851279100169,0.008802238674023011,0.005602692100800186,0.006191855497325627
2019-10-31,0.009948844935468628,0.013399824988896936,-0.004303937254410305,-0.004866071165493553,-0.010768267831462074,-0.0005976548564536004,-0.001470330544635029,0.005462457485954744,-0.0011602409199401463,-0.0053641587105914225
2019-11-01,0.0009123470738276627,-0.003082255177947304,0.02251870325401268,0.014528044597708274,0.021546716839958454,0.011880988447175271,-0.0001638002188233584,-0.0024936048104661464,0.0012658223273501969,0.006598022028397312
2019-11-04,-0.0028801514371747305,-0.013249526639516994,0.03203861330025528,0.008548540002335424,0.01152687535352297,0.005183322389792669,-0.00969509076638196,-0.012876986622607315,-0.003061614946154114,0.0004931060969122271
2019-11-05,-0.016312331868591004,-0.011310193183529054,0.001306248240401916,0.0037382363994761993,0.002092198849342841,-0.0011756536070688035,0.003296909521858746,-0.010326653153832901,-0.007109205755778914,0.001477662314501666
2019-11-06,0.004281068530555171,0.006033250129303272,-0.02060560286081451,0.00507529083439161,0.0006146919050471932,-0.00047081965785523175,0.004106393186153577,0.003825439972788598,0.0034018106579497913,0.0010661530615305931
2019-11-07,-0.015643205521891117,-0.018284736707472896,0.014878686276412893,0.007397454029349567,0.003435267987306925,0.007854287540591693,-0.003448045127999723,-0.013614522457539724,0.0022259595507243103,-0.0060006086463465745
2019-11-08,-0.0063847338065501705,-0.004215730088373715,-0.004110816293409412,-0.0003351028092825396,0.0013463844144238064,0.005589138622502785,-0.0006583480581537884,-0.00420161629897548,0.007279777503071387,0.000412257895845065
2019-11-11,-0.0024048241483873045,0.0006670371913919734,-0.005618213907370598,-0.0026844381870468155,0.0004891170013472347,0.000464440390006555,-0.0014821223049871182,-0.006172889545724153,-0.004108084380117662,-0.002062724424590516
2019-11-12,0.002695874927586959,0.004581972038279111,-0.0051496560756329095,0.0013431198693006864,-0.00012259335488966857,0.0033601506381289795,0.003291239577784831,0.002441164922085263,0.005998329192299124,-0.000660763267621679
2019-11-13,0.003994072881030811,0.006467977170945008,-0.0043402029635679785,-0.006396111184679197,-0.004165599816752816,0.0021949768831006707,0.007528490661152173,0.014683696299782889,0.0011534278941380616,-0.0031453045988887214
2019-11-14,0.004194711040663475,0.010276313991708952,-0.0026799820518470904,0.0020243777161829874,0.0031871100905483452,-0.0011541351113967245,-0.0003261273033174305,0.0035178479322880885,0.00010496181509535735,0.004301720516354494
2019-11-15,-0.0025291110010524226,-0.0010880744246641975,0.0076861211814263156,0.0026926421357893592,0.0073163159151141115,0.008055737013623832,0.0003261273033175551,0.0031872455105847915,0.021048713792689227,0.001814318346773668
2019-11-18,0.002962025072169786,0.0018127778478172153,-0.012225038780149543,0.0020146438476536604,-0.003773436501691883,0.002975719071585092,0.005204212156777793,0.0020662086089938297,-0.003391471127091852,0.0034543855871642807
2019-11-19,0.0005049030061831341,0.008297855496482511,-0.014938183374652192,0.002010737537001529,-0.0008537904373873553,0.0019413530096815913,-0.001298368830766768,-0.002543507064256057,0.006772002502551876,-0.011063465682444833
2019-11-20,0.0005045382424530197,0.01029559534513798,0.010039934334173028,-0.004697808131206585,-0.007965472081786969,-0.006063820283983902,0.002271040368368099,0.006030613428573034,-0.0013302070443134697,-0.0023273665751822226
2019-11-21,-0.005492097356825017,-0.006278970889950101,0.016290326921328396,-0.0010094886764289116,-0.0003690322865922258,-0.005062080766084858,-0.005036127271487785,-0.0034871063643168994,0.0025566157696035787,-0.005674694699915346
2019-11-22,-0.0018857951599790925,0.0012868876667084203,-0.0033369934036466876,0.007379792458841416,0.00515596680429905,-0.0012694410153540356,-0.0016299872711727185,0.00031746545105268604,0.0035683860150406287,0.006839055066750503
2019-11-25,-0.004803179633254922,0.0029271107805964734,0.0010024997150274515,0.006330122922589668,0.007197888778452158,0.014446376629345828,0.0011413882257373755,-0.0033388707714872476,0.011635720288969085,0.008772086303627682
2019-11-26,0.004803179633255016,0.005827068219119472,-0.009225944037434994,-0.0009966708040838467,0.002913433345000604,0.0009102019534039426,0.008114121114517725,0.0033388707714873764,-0.0008050706575858377,0.006814949059433787
2019-11-27,-0.005314014225370608,-0.0029094213349838624,0.002524588354857487,0.003981379268381449,-0.000970167380142718,0.005557141592612031,0.002421423815224709,0.0017447047369687947,0.005121138397087011,0.008555963876009097
2019-11-29,0.006184806112979683,-0.0021342044893630893,-0.010136908822784807,-0.0016571190948476942,-0.004621140852273146,-0.002944710431303971,-0.00032249843692264867,-0.0009513336229883982,-0.003511730451667903,-0.006512088777622405
2019-12-02,-0.0005079436043828876,-0.013422697856215316,0.0,-0.006321770036243086,-0.016592358336337713,-0.014395673749547644,0.002255526923618854,-0.006523972121230801,-0.004432571790318729,-0.008282330414216459
2019-12-03,0.009534253178573626,0.020750926795318356,-0.01505592610776318,-0.01411775573040351,-0.010965841683171527,-0.008899964973692458,-0.0016106340214855524,0.00271030488018352,-0.0022233303188769946,-0.010096975357732192
2019-12-04,-0.0013667767637935283,-0.010035355679462146,0.014886163708748186,0.009434020243624228,0.0038768857931555387,0.004055294514909932,0.006587082770281951,0.007612993238510129,0.009265881317428205,0.00555758271151131
2019-12-05,0.0005757184354598549,-0.004876308361459299,-0.004767017189705417,0.004683735486779196,0.0002493301576999765,0.0036936188672261686,-0.00032020482924444144,0.0017363488465845097,0.0,-0.000993216864760674
2019-12-06,-0.009977704836757457,-0.005549944871554926,0.01893227238329232,0.01326280913909258,0.012031492858594797,0.010998870922784811,0.003836792844663923,-0.003001286156763437,0.006594631161285379,0.007999899628264185
2019-12-09,-0.0002906488870483782,0.002165920514751393,-0.0011726675700700182,-0.0023081646841745067,-0.003829474882810609,-0.005255430132587216,0.0007975817069729152,-0.0034864057892289276,-0.0069957562159222815,0.0012311672560565998
2019-12-10,0.002830699660654389,7.191002732451473e-05,0.0020096059917473763,0.00032969833043980704,-0.001238337647952347,0.0008016959017779998,-0.003193933168295357,-0.0001588194630880911,0.002204071243034941,-0.0017241517897700254
2019-12-11,0.006861935627691577,0.007830166956841475,-0.0016744916741849689,-0.0023125985194867695,0.006299789957928858,0.006730292678562893,0.0014383694960371663,0.002695692973050287,0.0009001276300499106,0.002544507869236252
2019-12-12,-0.0035334849047766476,-0.016594654436210658,0.018266807505650674,0.019329039723906538,0.008827037455936017,0.01062998314858008,-0.0007988387302859022,-0.004284830831918265,0.009255449262638564,0.008732771735545148
2019-12-13,0.004468872836715887,0.011501352043037715,-0.007598093421960915,-0.003575553578564749,-0.002689088976034923,0.006614573030601144,0.003510560384171367,0.00776241860153552,-0.0006938315175799765,0.0008935235878952863
2019-12-16,-7.198939739749056e-05,-0.009030569402554423,0.013341238401071724,0.003575553578564685,-0.0004894485880452742,0.008899833782934182,0.0034980635111991087,0.012389610568135805,0.010746806680738324,0.004374489813464348
2019-12-17,-0.00021577975709612248,-0.0013801112057522432,0.0006539204724618588,0.0038861795363017843,-0.00098003164985745,-0.002328367671353005,-0.0015886300874584504,0.0032677646952150884,-0.001079465364769476,0.004436145619149473
2019-12-18,7.200493236905694e-05,-0.00824614994675578,0.0037535896982413297,-0.00421087380404085,-0.004175935154441626,-0.00011108251444546297,-0.0015909412223378962,0.004030944634019611,0.001373761739234556,0.0009652046168181833
2019-12-19,0.0025862126377012157,0.001598893672614083,-0.0003258075615922385,-0.0003244498226793144,0.0027039805020162857,0.007190639139525881,0.005399264048395676,0.00030928955871961953,0.003913809471169679,0.0031306097384361134
2019-12-20,0.0010039397404910592,0.0013183537204787773,0.009546759836675031,0.001174013688247186,0.004590690849225928,0.005789233870663754,0.007524297991653758,0.00685116425861195,0.007054784831071123,0.0015268099153534739
2019-12-23,0.003077203372165587,-0.0014652002423968342,0.010215080829605004,-0.0022839702063756377,0.008193100253807976,0.0028547615404319977,-0.004288010691795165,-0.00933272551486363,0.0039843402301736825,-0.002331017787441985
2019-12-24,0.009387789011397068,0.0028540962887635022,-0.00048431631265475673,0.002283970206375578,-0.004027152769944548,0.00032868188809062046,0.001272455582809841,0.0014055350048791102,-0.0012613619465426367,0.0022506970550184493
2019-12-26,0.00782659080315549,0.002408751480471894,-0.00032256918656684854,0.005525878394973848,0.002320840290466801,0.007425375831383456,0.0009534588220980508,0.0017149650108862693,-0.0006799052851324599,0.012131032620930097
2019-12-27,-0.0003512560225688557,0.0010933017474233796,-0.00420661290278227,-0.0025966510668812256,-0.0008546094374642587,-0.00010902985057352551,0.0044367351918155615,0.0029554791563630605,0.0002912323482644196,-7.94224278883126e-05
2019-12-30,0.0021055808220621446,-0.0036480306910548163,-0.0031607089344118824,-0.002929227328092691,-0.0046506482938380314,-0.0057832491836657,-0.005231340208838013,-0.00015533774870262582,-0.0060216579511975675,-0.0064468019358695635
2019-12-31,0.001891143454574884,-0.009842360767961567,0.005679087094210044,0.003254438956309352,-0.0006133175089544384,0.0031687508623290013,0.0009533074457312676,0.0038764382150537377,0.0019655064780165687,0.0014364610644025534
2020-01-02,0.007320953634035891,0.011229936823109677,0.008953576992087289,0.009699281148210797,0.018726078161259936,0.018589042336682418,-0.007970888662522999,-0.012614017534137701,0.002647246147201207,0.011809854720699125
2020-01-03,0.013181265882528811,0.01528350444905282,-0.002975681756648073,-0.010674745313368662,-0.001929245331844446,-0.011306804196195012,-0.0016016717695004823,0.0020351984367399222,-0.008752650508335373,-0.008546230477774254
2020-01-06,0.010434868967011986,-0.005694972091152367,0.0077511529877854575,-0.0006504662846018518,0.00036204889967516674,0.0023797309818730096,0.0020817958063255944,0.0009377823505380738,0.006203686072064231,0.0027775046574168697
2020-01-07,0.003927428056507489,-0.0049283401850481,-0.0026315624763700194,-0.006529655775743478,-0.0020533117936624946,-0.0004323047664654653,-0.007708334662942624,-0.0014069310145340664,-0.0019653961513986314,-0.0015862190093981516
2020-01-08,-0.007529802584635164,-0.0066326334428897194,-0.01660919423490812,0.006529655775743402,0.003379568700639171,0.010643663307860898,0.0037008657837149083,-0.00046973156796564796,0.006470747900129771,0.0030119228012408183
2020-01-09,-0.0056676844863565315,0.0035039367877195,0.007342077306975223,0.006163730937011909,0.004208538308312761,0.011271752914800722,0.007042506453442512,0.0054641394803775015,0.004290331019013408,0.00528814551778188
2020-01-10,0.006008107616788398,0.008851591138615006,-0.005668589571197171,-0.007466283584211813,-0.007104553448316801,-0.002328922757302273,-0.0006381562302844685,0.0026432064179758028,0.0002921239679249941,-0.005446364698811866
2020-01-13,-0.007447144703816297,-0.003038218783031136,0.0003341963669200605,0.006819464183041015,0.008183724889338872,0.012428734486471683,0.0065217147285329255,0.006037699832650143,-0.003508165948704265,0.0031609070396942406
2020-01-14,-0.0008919411826434922,0.005130717655889219,0.0001671803207356987,-0.001943737150224065,0.00012029618328657864,-0.004721707463141885,0.0003170904994788235,0.0029280778391992265,0.0060342637414409536,-0.00031576851153581405
2020-01-15,0.005817289492435278,0.0066095529072047,-0.007380004414724003,-0.005527675111578582,0.0015566861589549389,0.001156368273932412,0.0071072687644780615,0.01390739345953187,0.008598499504887933,-0.002291353550439216
2020-01-16,-0.0015707412123407796,-0.0031554590705976243,0.0016820475494077353,0.008764979517372696,0.009882451454751863,0.013357422055868625,0.0026720775408052527,0.006203058872213312,0.005181225916541501,0.008899371536275843
2020-01-17,0.0018437252860089575,-0.008584811492496276,-0.006407189658946571,0.0029045782324003014,0.00011871404053091386,0.006715047192352045,0.0017250866133445852,0.006914248440953574,0.0,0.0035222099911796207
2020-01-21,0.0010909837309721073,0.010450916891724867,-0.018092174549798664,-0.00841433820226855,-0.011078729626830581,-0.00041208584144742,0.0034413412776635914,0.009095870011657344,0.0010523355158876268,-0.00305183935745549
2020-01-22,0.0003405975107135845,0.0035072554738473103,-0.009691976680196085,0.0029206025184206263,-0.005284735732101985,0.0035990776527877475,0.0007801519417158591,0.0031122242076254483,0.0012419500976574628,-0.00047037063372405664
2020-01-23,0.002245598875511729,0.00697742998680415,-0.00383354420450229,-0.002595390890203999,0.010779959486181344,0.004710214672157658,-0.0009363677873776649,0.008838998585054615,-0.005073399671124305,0.0014886436235752993
2020-01-24,0.0058285535187767275,0.008055878352030393,-0.01158908142779191,-0.012751698997517451,-0.0046574886975604855,-0.004710214672157628,-0.006895364209869439,0.0026365564614517765,-0.01683992840974085,-0.014033621822468026
2020-01-27,0.006802125843070944,0.015435156652071763,-0.02812038023164107,-0.015586298987564525,-0.0190914264123579,-0.024100269717278418,-0.003150075692700379,-0.0024898306370798534,-0.007641601276406185,-0.015039069152614683
2020-01-28,-0.00896686803661793,-0.007862718131438443,0.004530806959230821,0.011629677806947947,0.006445082557603915,0.018955040535455284,0.001261008685305876,0.004097847209625517,0.004905330732873495,0.009705458019192993
2020-01-29,0.005403248480831511,0.0097321111054152,-0.010543538068933616,-0.0016530640463989716,0.005319030336645845,0.0025759237601781213,-0.00505452969257215,0.002625471268343406,-0.0027439439473886476,-0.0005592312480147812
2020-01-30,6.731894098032181e-05,0.00013848116560216623,0.008008758303316363,0.012496237313209669,0.0010842715140747085,0.008606472874691528,0.011806705363481652,0.00927947248502516,-0.007288395002558499,-0.0016784781179515573
2020-01-31,0.005775708477189364,0.009088129907139515,-0.0316786572219547,-0.021136942660019125,-0.023395730504523517,-0.027826680324270867,-0.011331745291786814,-0.0044840617740090905,-0.020170545464385455,0.0025567352343992835
2020-02-03,-0.006516877595597702,-0.0008102354275728273,-0.013185046285394098,0.006984619831981538,-0.0003696393055645,0.013130448033259265,0.0,0.003184145438062433,0.009037050502253112,0.007076670209725649
2020-02-04,-0.013094308186782415,-0.013558646593563047,0.0035960502186561908,0.009566467657103058,0.018694327257388767,0.025856317568449704,0.005996456644358786,-0.010021008398824707,0.017440005434301974,0.018059558570790987
2020-02-05,0.0012285555646719122,-0.010994981185046552,0.036907119141420475,0.01982834922208905,0.016566748398881538,0.0058341872645289936,0.007992050601751642,0.004078678098867428,0.019070538056742005,0.005045201344962762
2020-02-06,0.005373934234125879,0.004496593623548333,-0.010249047693172572,-0.0012882205657792172,0.0032097392133787206,0.009085980659171329,0.0017154719616118948,0.0002906264178180281,0.0008669473139238149,-0.0022477254083722296
2020-02-07,0.002642363450658169,0.012400919816864784,-0.007014784739374487,-0.003551326086799551,-0.007265948084362979,-0.009186340688760166,0.0012455665428452573,-0.0032024238368342554,-0.00783037239002144,-0.004355101084541952
2020-02-10,0.0025679490647931946,0.0027658585284523916,-0.005014371115100717,0.0029065929518968686,0.00560311047167748,0.013450989845347238,0.004192857759406995,0.00378349070768186,0.005323677677061542,0.011237312295621601
2020-02-11,-0.0034478924308700464,-0.00505355600060306,0.011109096219243013,0.003540968131155625,0.003796588494743027,-0.0033705828435171437,-0.0037262399573792814,0.003624390325569862,0.005967392500657822,0.007830114586620902
2020-02-12,-0.000813078481224605,-0.005078517519414553,0.013351616356876428,0.0006424549245327588,0.009312364517936147,0.010766154342193747,-0.00046661780202775504,0.000723384796522616,0.0012464331203062339,0.010194203197597927
2020-02-13,0.005677303718111386,0.0038289036638325382,-0.0030934533002778017,-0.0003210380915744331,-0.00564776284417901,-0.002655973028824046,0.00589604203016031,0.01107399103406595,-0.004707130908004123,-0.0017423057011909044
2020-02-14,0.0041697222765956264,0.004367534717865834,-0.005299051666917851,0.0012840160377365706,-0.0012987962663662338,0.004324716504833731,0.002317991506758409,0.006699188063550458,0.0007702781580510645,-0.0015175544343703452
2020-02-18,0.012737350951843347,0.00682589094806353,-0.008278992616642326,-0.008699813354918439,-0.005687043838331848,-0.003734031116008398,-0.0035562312091754838,0.008347024915476868,-0.00356678719545812,-7.639353110624827e-05
2020-02-19,0.005814285510176441,-6.879396554954273e-05,0.013213632527433482,0.007415797317181758,-0.00035674178753037034,0.011841339605616003,-0.0010848583936048585,-0.01090738141405062,0.004624383849849613,0.004470795619389511
2020-02-20,0.0040763395182913265,0.0078028302012267065,-0.001094574484863286,-0.001929431263432128,-0.0014272380299337453,-0.010463954640173351,0.0007749193685604829,0.0035543743463415196,-0.006460820477319738,0.00037789478987761236
2020-02-21,0.014913455926308593,0.009297246687626954,-0.0119343663006491,-0.009702558768047717,-0.005011738311400935,-0.02266948256929824,0.0017027117945576594,-0.0018468296905307113,0.0005804464179495788,-0.015383872615268858
2020-02-24,0.008945002656717951,0.014818084092478218,-0.047276762764161456,-0.03303895615333174,-0.0288858561957593,-0.042209768936818666,-0.023316688353040873,-0.011727533648163634,-0.032026383601133836,-0.034986947760649985
2020-02-25,-0.01803593472393269,0.005310068268511403,-0.045156096246999525,-0.034515647935687885,-0.04161220816261795,-0.032517423237377385,-0.01821428947109113,-0.021228152427901915,-0.030818366661682254,-0.02706767432081218
2020-02-26,0.004360980385151266,-0.005310068268511369,-0.030651212023345125,-0.007328682781828189,-0.0076027941685340794,0.004541314165855051,-0.005659364182021282,-0.010191085560591789,-0.00010316508669691143,-0.007952604969600556
2020-02-27,0.00019481624361363943,0.010790959833140993,-0.054961275266304774,-0.043671800748161634,-0.03782978026890741,-0.05544640510915183,-0.04155181377345979,-0.046025438553584985,-0.03456903574599075,-0.04125417394467509
2020-02-28,-0.03717601874476565,0.022331734186612898,-0.0008833736115652662,-0.02744999207707548,-0.01843877926907353,0.007610272848522059,-0.019975083644083663,-0.03399266466663349,-0.012980958517249962,-0.006454414043934666
2020-03-02,0.005511083646655957,-0.007384714621740386,0.03962840337917703,0.0498823075997578,0.034562563211364646,0.056215107934919246,0.05207769155399307,0.05719410985847141,0.04579830143046711,0.033783854337797826
2020-03-03,0.030950390194086085,0.01540614879599151,-0.03105037786380776,-0.03829128336197415,-0.024758635116977457,-0.03871600880644631,-0.01367991730104018,-0.012378830439518035,-0.025172566804063434,-0.024502865705633793
2020-03-04,0.001752990351755443,-0.010675515817703072,0.023377860337613788,0.03255036034277562,0.040496953981549365,0.04202654951598378,0.0479523211398391,0.05519166563380561,0.056047107098224004,0.033972762532348585
2020-03-05,0.021370951204574475,0.024586987512131602,-0.037271698934318566,-0.049420169911962984,-0.05016412656448195,-0.03206821555990693,-0.019002555564292686,-0.015544971528404837,-0.023475749118126474,-0.03800110060666558
2020-03-06,0.0003808885074389379,0.05073513795100658,-0.057824686141414755,-0.034618925905441314,-0.008795044875747478,-0.021365156395656282,-0.007930751016317593,-0.008162401778160895,-0.005338069457115961,-0.015492171166318238
2020-03-09,0.0016488747161249012,0.026742882719338033,-0.2249097757907954,-0.11343835214399334,-0.09673261894714445,-0.07895629929185309,-0.04452589719145154,-0.05592316870793718,-0.05338114086060428,-0.06504432754203339
2020-03-10,-0.02132715182628954,-0.052619009028629905,0.0463457241516346,0.057085094455860345,0.05054813243184585,0.06456908788234278,0.028307831564550797,0.009254407814000543,0.03373498341394161,0.05381709489414971
2020-03-11,-0.0035667044227174947,-0.037491612594103614,-0.05433284667578615,-0.05577058300080415,-0.06048037429146718,-0.048391034541971564,-0.050294091283126556,-0.051581210335053175,-0.03896035652347945,-0.056240393002151556
2020-03-12,-0.04070560424243849,0.00617807189654277,-0.13323429839112427,-0.1144503700359783,-0.10925833039924637,-0.10270255594099328,-0.09866773747574625,-0.10640198525602472,-0.07759003168719188,-0.1065326973706343
2020-03-13,-0.03099155256530076,-0.02286309143457415,0.0882828657737245,0.12360258104088236,0.07520864696274293,0.11093209974822828,0.08167803777629196,0.053056092206673955,0.06705665154599745,0.0600259626926141
2020-03-16,-0.011512126298224866,0.06275464098812884,-0.1462600862118613,-0.14744880273095612,-0.12040808394109273,-0.14866222582490396,-0.07024256913546768,-0.12056120986638486,-0.10381751528210106,-0.1354604676677743
2020-03-17,0.01346442633870517,-0.06901002933901651,0.006809005209479152,0.05287580850205599,0.045028292431998754,0.06586384172581679,0.08096060713503397,0.12038763604608828,0.06088370999960231,0.03778184147994808
2020-03-18,-0.02012310684271081,-0.05806622500016656,-0.15498440920490805,-0.08870346577593272,-0.07652262321740509,-0.038405333510512535,-0.026026176629391613,-0.04450676312067039,-0.033722621928976876,-0.05916389428813954
2020-03-19,-0.019086492837834465,0.02686121455724902,0.06576256674186988,0.021650472484526284,0.0007396672162092162,0.0036137473963202484,-0.0339323716955619,-0.05996760077535627,-0.020696263502590285,0.03428286721189287
2020-03-20,0.014884383146683595,0.07250214820379278,0.009714731594630233,-0.036348960407420576,-0.05138083443636943,-0.04690794297406269,-0.06695389766401068,-0.08264506025090237,-0.03917739164642248,-0.030174324646889867
2020-03-23,0.043231496146295734,0.04038377307337929,-0.07059269762148647,-0.05994485461954011,-0.04478867273545016,-0.00917657874578981,-0.030039624149048053,-0.0523769609824445,-0.05333569800727813,0.0016466261925205529
2020-03-24,0.047389520259250466,-0.018790432446549127,0.14874194140525326,0.1169021106207586,0.1191260797289147,0.09750264290409054,0.04973947250359396,0.10210582247501855,0.07423218662879506,0.089654313408058
2020-03-25,-0.013784208180364264,-0.002273527094196003,0.04608772488515035,0.026840469800839116,0.05126596485388838,-0.0012890958793249803,-0.0027427688562103873,0.025202204167040616,0.013225801587451711,0.017395274928394454
2020-03-26,0.012740714714697083,0.0049096429129583796,0.059309334109036424,0.06088407354054516,0.06120438703393297,0.06008560021318091,0.053292218965046344,0.08180502200991845,0.06431567132470412,0.040534610850567865
2020-03-27,-0.006481449089244015,0.02634273345323219,-0.07019237893863554,-0.030930147588522326,-0.043040730338736385,-0.046247969139410025,-0.0046613880188187224,0.005402414278346864,-0.02164911247770519,-0.034088509925742104
2020-03-30,0.004390990264267052,-0.008263549999254407,0.010184418539402624,0.018859469750361655,0.014497946638692864,0.04125451837326321,0.038314846258905556,0.03632919294312296,0.04576576713900494,0.02069208435060991
2020-03-31,-0.032364821693651916,-0.00814986444463049,0.01525706629568782,-0.027943925066422817,-0.012462392515361681,-0.018858141818566012,-0.020532917283121656,-0.041190199565767076,-0.004393112033891058,-0.020385982308598494
2020-04-01,0.009411793149400162,0.013913439498970158,-0.050822738108939954,-0.06293899758847661,-0.046124382461857856,-0.04882751746020528,-0.017034267700757624,-0.06197899669432974,-0.03878732166809253,-0.045685470365395504
2020-04-02,0.01626050111056189,0.006325892475373897,0.08764492659292815,0.02475532896142447,0.013221659098118087,0.02311738537197131,0.025261500125643117,0.03081809371422855,0.027319744379829185,0.003728486331800273
2020-04-03,0.004925309776577716,0.002376537665759138,-0.010670327309793122,-0.02016216714330728,-0.013399310335517436,-0.01556849145175665,0.007799068132838573,-0.0364020660013753,-0.009062303024456767,-0.017591313061412383
2020-04-06,0.02733353381543522,-0.0026142182064205605,0.05161167468926283,0.06933238496863943,0.06693212270185409,0.08187666060378704,0.036541798636468836,0.0743976037541787,0.051103328682943365,0.07993427940360597
2020-04-07,-0.005368871400719198,-0.010527963885159971,0.02110651559751139,0.009926489863676903,-0.002327066774384387,-0.009000995604379551,-0.011562675709471889,-0.01262656642213475,-0.008245850151759259,0.014775445709701658
2020-04-08,-0.008947881947437637,-0.007302588014293907,0.06457754056475856,0.042814513320134105,0.03563056398091142,0.02652852894582747,0.014693264466785858,0.05302563228074794,0.040353703152988106,0.031013145279814018
2020-04-09,0.025788169295063085,0.0018156323845762178,-0.009100325211930991,0.05223914048429969,0.014980254584282171,0.00023470892374050412,0.0093330041451281,0.046089347589819626,0.005498644304371102,0.017875639039292356
2020-04-13,0.01699510551392902,-0.00917160449136641,-0.0032493176044987855,-0.037032971009086216,-0.02969951283677642,0.002227881700328564,-0.007424774814487702,-0.0322418955927284,-0.008791079048402891,-0.00028119689144747063
2020-04-14,0.007837301543346824,-0.00024436212974904856,-0.00474493316803297,0.004428489240182146,0.018885242426516388,0.041070121804191034,0.041584435135263394,0.028948527054613146,0.032652365274411115,0.038354640091381474
2020-04-15,-0.005115017933585634,0.02614408598945365,-0.048106426033622765,-0.04427114039639747,-0.02805202136413147,-0.022046399039121353,-0.01592002656468979,-0.03354278458679907,-0.005161259259001059,-0.022171504322658415
2020-04-16,-0.0008653689753940822,0.011293533769080294,-0.0436724861873954,-0.0177077381910576,-0.008919784101271706,0.012106122395137784,0.006566223474924534,0.00017002751427281447,0.02160270179621018,0.011922263241431324
2020-04-17,-0.019608466717140425,-0.013496063079009147,0.10095223035498173,0.05131704818828467,0.04588627032256689,0.01319451649964972,0.015155642751304998,0.03172214809122436,0.020551309370081816,0.029109982254224127
2020-04-20,0.007100853720992193,0.008013354138786425,-0.03172037418807469,-0.01757221309029741,-0.0269851949173454,-0.01615037434107671,-0.019865484927653342,-0.03856677491344709,-0.007969732071860643,-0.017598317967079214
2020-04-21,-0.006848673348053854,0.012512946205103799,-0.0177919544048282,-0.03280471144766112,-0.023891246550526945,-0.042802166609333545,-0.021473109567909064,-0.016620735125965295,-0.030878026681014203,-0.026297975928508705
2020-04-22,0.019479888950845802,-0.010269147918699682,0.034973783256468334,0.01074540588501902,0.010450598236743854,0.03778009606888286,0.009600531316776144,0.02873811507845637,0.015151643433250664,0.02132893531342977
2020-04-23,0.009905643795524405,0.005294057935675524,0.03176746910576139,-0.004191156496229656,0.007889452535493625,-0.006889606518848102,-0.008911708517231965,-0.016936528625203274,0.005471852850170469,-0.0002719136045378642
2020-04-24,-0.004294729942651925,0.0023444857519957975,0.0023135302029112003,0.014362021908603036,0.007990488206305246,0.020978972883783992,0.010616217108935063,0.0061919844179602855,0.013350258891335553,0.016799712448821738
2020-04-27,-0.00666258998355511,-0.01878978996839286,0.021432273330152254,0.03347208990038261,0.024545902489329658,0.008538377165368562,0.002891628692359302,0.010405081219478987,0.012780720900449538,0.01853535537916237
2020-04-28,-0.004466516323334757,0.011445988737147916,0.02264264367662312,0.010619840618249407,0.01852773363437334,-0.013401693409372426,0.005589039612064764,0.003726373798232519,-0.02038754224788337,0.003927460675437214
2020-04-29,0.005518192454017435,-0.0052026391532106675,0.07145892939274649,0.02863503489000814,0.018954396038362503,0.040223213944165295,-0.004231268109754175,-0.009171242255480369,0.0066090404177557086,0.021799075272814227
2020-04-30,-0.018282683683788697,-0.011745379743807528,-0.022379072666884835,-0.02555901053956426,-0.02004412742044807,-0.0044752830845854775,-0.011943555797558774,-0.02330314540687879,-0.004601765969133284,-0.006241207459067737
2020-05-01,0.0061522933833428935,0.008526788274321821,-0.05824262678015379,-0.0325557394665499,-0.03067898465476824,-0.02784297992790338,-0.011046006527452015,-0.024395647302666718,-0.01923523013110525,-0.03810980407183007
2020-05-04,0.003498676361159418,-0.004715152224540354,0.03400380485894392,-0.009107570675570106,-0.012767876622423941,0.013186025268561857,-0.0005207874100197897,0.007488031556518517,-0.0005112251477442367,0.005420146539969243
2020-05-05,0.004232069630406605,-0.006421233473526953,0.0008083556383200622,-0.003207391738277063,0.0038959745698240013,0.013672017151530486,0.0008677508105696032,0.008137384997682953,0.021449888393798345,0.003626619363261668
2020-05-06,-0.012938939248234135,-0.016267649091016707,-0.026478622958736493,-0.021805592365631288,-0.013867476811719905,0.007744408943221559,-0.010989987064665635,-0.03459458242819741,-0.00995953119047914,-0.00017658792779220474
2020-05-07,0.015234124108560072,0.01656878577660482,0.025670267320416502,0.023181434771575495,0.011596613419166436,0.014884103993635035,-0.0028103882050304206,0.004004712193809285,-0.00010124377820188776,0.015596374536130764
2020-05-08,-0.006028427741239837,-0.013086618179450095,0.04455724016307206,0.021311493810554177,0.024542103525019284,0.01455978912177826,0.02209350889576535,0.019962699593257995,0.005143647585961952,0.01928788606970651
2020-05-11,-0.006253147010599243,-0.007836382749503336,-0.017690712280716118,-0.01947994447822126,-0.012596861716766333,0.0066250810991007585,-0.0013772546671935856,-0.004282562216673491,0.01705530984089275,-0.0022199414561678526
2020-05-12,0.0038815245238018456,0.010211821970578886,-0.017741545446644576,-0.0264209160243486,-0.02848264747214294,-0.020863968205130874,-0.008478357437623806,-0.008801211313387245,-0.015346735730513338,-0.02212315447290294
2020-05-13,0.009576645345897673,0.006972521065328026,-0.04648189440326794,-0.030038356724338203,-0.02541530702355759,-0.017380450310308618,-0.009076754956155187,-0.008515499520657614,-0.010904772275648207,-0.01736415440358038
2020-05-14,0.008811127536123346,0.009738694606906417,0.011132860342144665,0.025330079372606777,0.010445031389407609,0.01266035208728817,-0.0024579415447304213,0.010678084597073983,0.010904772275648232,0.014826793559650298
2020-05-15,0.005627947839551041,-0.002574771119017354,-0.0038823446787348555,-0.0066286296103463885,-0.0035255652014324996,0.005040982894875216,0.00875055964207541,-0.013410947619968463,0.008400145093843132,0.011584033808897921
2020-05-18,-0.007592898231851983,-0.02219938957712626,0.07852418976647758,0.05003339865063875,0.06384453644873604,0.0242049365600152,0.0157322294753072,0.04023063761275823,0.008231027120603718,0.037143396471629266
2020-05-19,0.009603940342589153,0.0037347761401956836,-0.02839848346374243,-0.024703715843178285,-0.012862361983122664,-0.0036618530267391244,-0.01852390496205533,-0.016610880482938146,-0.012122506920450376,-0.0035941161444187483
2020-05-20,0.0023714668825757603,0.002988851286450166,0.039129017689897905,0.02198895298181674,0.018526318696714783,0.021668919015727064,0.011811749236589082,0.005508623129138742,0.0011991147276113902,0.01297843361477268
2020-05-21,-0.014683616168536867,0.0024951621490402975,-0.016139604092972177,-0.00317701737953807,0.002350350115880146,-0.014047017813694133,-0.011113138434328764,-0.010152524114487672,-0.0074163541319872215,0.0035481175192794783
2020-05-22,0.005899400714775776,0.005997526175006361,-0.006217591402680404,-0.0036429884563770835,-0.0007824870996242971,0.0036340992999495266,0.003486140950401065,0.011037846560827864,0.0021101329331984107,-0.0014837068795836154
2020-05-26,-0.014316858429627,-0.01350075735937093,0.02742703167636501,0.050700175770074,0.04112260170045457,-0.0010369790237672951,0.0053793823808095265,0.006529672778124935,-0.0018087505388052515,0.01571368985514476
2020-05-27,0.001800809585778032,-0.0018384199312461282,0.012812822968732165,0.04245129090977579,0.03282832040969294,0.005689669343997115,0.014945166704743164,0.01189056413042403,0.010305208945760114,0.016988441850796326
2020-05-28,0.0033447448656947374,-0.0036872362656392606,-0.02835655112478758,-0.015919907025010088,-0.00950058945646407,-0.0019617651001863075,0.008826992603124518,0.029121404996373047,0.012954258473165912,-0.012209087621152496
2020-05-29,0.007331471236597383,0.007116620369603382,-0.004632976508307992,-0.01146752847462577,-0.00618741052116296,0.01253103679722623,0.0010133611319836026,0.007736474910834638,0.012012603871521785,0.00363015921333358
2020-06-01,0.004593203918142176,-0.006755412549518286,0.0173914607386835,0.011467528474625859,0.002214063606445584,-0.0003063884047911979,0.006898385771041367,0.011824602912917847,-0.00995155575436652,0.009456622337411819
2020-06-02,-0.006497892824854574,-0.003642662901933908,0.027508849225703583,0.007991722693372427,0.012892147891280112,0.009349693303949864,0.002679092661543093,0.006436218161868407,0.005768370743902752,0.008498715273840662
2020-06-03,-0.01862251139241922,-0.013386022563449222,0.028931007345237205,0.03660674319558589,0.0382681374644046,0.00775851306684556,0.001336971583413102,0.011936928802659522,-0.0019518615212051017,0.018725714604173216
2020-06-04,0.010471254055873179,-0.014585377769387781,0.00023965602344961411,0.021574951515351357,0.010591389030971177,-0.008264397884449966,-0.0048547031994444585,-0.01804202032895698,-0.007942944858599846,-0.005058101671154609
2020-06-05,-0.02048368991541374,-0.007148723469433297,0.07164068972940942,0.036480883402505715,0.03607508896340239,0.025972837063728528,0.013832381610958396,0.012663540783689784,0.016017275233973276,0.023668394676054576
2020-06-08,0.010764002439043798,0.0038365704039639154,0.04406355843215488,0.018875486978547743,0.019858132441676446,0.005016493074187955,0.010700629539546449,0.026448966544154646,0.0068558874564272265,0.015123419168720566
2020-06-09,0.009595645355064148,0.01129411062301964,-0.03828191204172029,-0.021546863518675605,-0.02522076027782681,0.004698407686541517,-0.008221235660703773,-0.020258011281779068,-0.010447296617770604,-0.007835783580627646
2020-06-10,0.014223142854853236,0.014718937520107047,-0.050476478277945935,-0.038166819204931396,-0.02421873149130072,0.016561434605014403,-0.0028104644309128453,-0.005864177926059802,-0.0015568420838513945,-0.009423340669163224
2020-06-11,-0.007240232329265166,0.01872410973175351,-0.09895530160360158,-0.08531638086976777,-0.07282695168959895,-0.05905303212277666,-0.03865143733717114,-0.03982860592951469,-0.05721559342357828,-0.05380016988888056
2020-06-12,0.0014153150353447643,-0.009688348009407013,0.024918889804963092,0.02981462798692769,0.019219079389936375,0.012857732532562961,0.0001721493387833788,-0.0025532923447303883,0.006476044010642602,0.009861880639019724
2020-06-15,-0.0017848491512042477,0.0005546439838536536,0.003008855773640466,0.01375310323053315,0.00983203193748643,0.009610653772972346,0.011461993998912127,0.006794397241951295,0.0022513374939146158,0.00944938816737558
2020-06-16,-0.0004929560183834836,-0.01545237540880028,0.02838676143577795,0.015606160903441363,0.019379609873320942,0.02109700650353632,0.015527640975049483,0.004560657441645855,0.02433855182157364,0.020804784908315232
2020-06-17,0.0019087937874243815,0.004118873527788168,-0.03466595257445363,-0.015192306626420765,-0.007223613902732386,-0.0001951497640119814,-0.0015082702481116364,-0.0030380226568540365,-0.0009980429059427587,-0.0026351892925477478
2020-06-18,-0.0019703951105462295,0.010532075047878463,0.012270300000815143,-0.001242165100912043,-0.00370263470662099,0.004478215826763417,0.0051861184597885345,-0.00016907581648056843,-0.003401674685201918,-0.0036542800311483584
2020-06-19,0.010972576221366465,0.0008014268331336069,-0.015298014830330388,-0.006649972544252025,-0.012345699839611621,-0.006920493577616102,-0.005186118459788476,-0.028465633606948374,0.0095742614499433,-0.007820068587394216
2020-06-22,0.006441427074830093,0.00012318738576752228,0.004622043051130687,-0.004964548762398117,0.001681568506480624,0.01866557986811208,-0.002860877206015079,0.00970471481904897,-0.003844809556916859,0.010224069503275202
2020-06-23,0.008384398864595731,-0.00685802376192802,0.0010185512975082564,0.004628850653749305,0.00014481594804592322,0.0071939328741876495,-0.0015269342844465889,-0.010125689249353599,0.004293296878412148,0.007835929412592289
2020-06-24,-0.0034899960158010397,0.010668201540545158,-0.05708323228237062,-0.035901409164384744,-0.03537607093497283,-0.02281379900938289,-0.01695083398884994,-0.00916603053122092,-0.026450186312172375,-0.022270739444507484
2020-06-25,-0.0006028992986150158,0.0028784463976170528,0.018951260190017628,0.026198777651615997,0.011041716847286696,0.012727816450547628,0.007054966136976389,-0.012473578189855963,0.00977291967246161,0.001342539343399219
2020-06-26,0.0044532193863769335,0.010646924050375348,-0.0352517713217397,-0.04375839003562566,-0.018722900958242007,-0.019891424893273668,-0.020615802830097188,-0.010635599485269208,-0.01223114628755492,-0.0237167516004833
2020-06-29,0.0005403343600226875,-0.003151596402009082,0.013331673280474061,0.01101083808221775,0.03228260648784727,0.010872367360945639,0.018727853707313155,0.018671960022435454,0.00898422042336192,0.018811926752347382
2020-06-30,0.004431086497931087,-0.004868741593440524,0.022712795768113074,0.013487038000022324,0.00569290400401703,0.017766151321289562,0.007359791938577243,0.0037283298019022562,0.01693069359495193,0.012686829402459986
2020-07-01,-0.004491160110102202,-0.0019433142902766187,-0.02460640869130033,-0.00868037760131271,-0.004522596070235169,0.001625740136626353,0.0008524379396345168,0.023122519244779375,0.0076651278431045895,0.010050270783801638
2020-07-02,0.0021582779375089872,0.0010395813468497908,0.011040817885961162,0.0013069158668549447,0.008589946920383111,0.005811382163746608,0.00509852138089252,0.0025939196502316195,0.007508435666028525,0.0039458593377106775
2020-07-06,0.005970880083946397,-0.004104284733142214,0.002941525896986733,0.01897439089887575,0.0142498462436747,0.017327790218741458,0.004904013518799321,-0.012338246516303357,0.01008686032679917,0.023428050052324633
2020-07-07,0.0062904343270385864,0.013958177881021714,-0.032291465847081396,-0.02071726379272746,-0.019336518825769634,-0.010511531851563945,0.009068215100686082,-0.004029861191268962,-0.008709779827917642,-0.0158131154677418
2020-07-08,0.006192353605402356,-0.004002571469611067,-0.0008275376187567448,0.01041205357647304,0.0,0.01619043806550863,-0.0025107896012841373,0.00891377480955962,9.833147284311621e-05,0.010595257448481544
2020-07-09,-0.002708063902871328,0.015796401396625016,-0.05066895627940617,-0.021374514225400605,-0.021949929209359363,0.0036139310503108266,-0.007907833237116954,-0.01348870207616851,-0.007893337655999798,-0.0011379312994139962
2020-07-10,-0.0025972650920347735,-0.005037507660422702,0.031440061470519816,0.033813093447492254,0.012874718916385405,-0.0002774746927333972,0.01824466771616881,0.01869532352252206,-0.0023804595786683113,0.011846660965497831
2020-07-13,0.0012403879870823364,0.003301471053159312,-0.005360365032169242,0.004253581006326688,0.004109019777765071,-0.020943125018303473,-0.001493837866272712,0.001038142048994815,0.005643716034669668,-0.01275820636130895
2020-07-14,0.004652728164010819,0.0014367234488034072,0.03447662598960023,0.005080582579301284,0.021440228905215245,0.011460719270850702,0.014512156228166222,0.009294395173504538,0.019651837342193664,0.009903688915151272
2020-07-15,0.0008809438623464781,-0.004678238377726438,0.021360607540977315,0.01965343762178862,0.025192942873665473,0.005403313451780791,0.0008181085301558047,-0.003948232743688097,0.012889659767510426,0.014192032738820647
2020-07-16,-0.009496639325154646,0.004738020586558759,-0.004558282339307147,0.0,0.00027898731277325425,-0.01243331218071207,0.0021244622144178755,0.012647385026305621,-0.0016260643672148087,-0.0026731321316997027
2020-07-17,0.008204262794308569,-0.0020960427618879544,-0.014073232933791143,-0.008316008019242113,0.005990000276938393,0.004879294037948418,0.005372266780390845,0.022337165821351077,0.013596514229057185,-0.004696528245586498
2020-07-20,0.004808590336846309,0.0024555365713332285,-0.016765443200371058,-0.004603490245439289,-0.01229723905879133,0.025233804145653866,-0.010117472416134773,-0.013207530190060417,-0.00018882454250564688,0.015862510709279177
2020-07-21,0.011978962477666387,0.0005970827156619205,0.058666139098959284,0.019522990173527807,0.013130358227294423,-0.010090807550807913,0.008655260527173197,0.004533598073951201,-0.0006614040184914803,0.001543656990236199
2020-07-22,0.015087942737564556,0.002984985228848575,-0.012360047049569039,0.0,0.008017061527312432,0.007989303781727543,0.00793598288844751,0.015295432882971916,0.00893927259584773,0.00855418198991941
2020-07-23,0.008786586410813348,0.011613855409187222,-0.001854243118796084,0.0008223462822582277,-0.0030333297859567302,-0.02631984907614208,0.0035426479412084487,0.0011541970564558817,-0.0045068760791522975,-0.01511042686826695
2020-07-24,0.008542281441677423,-5.8967244251930936e-05,-0.005582938868933774,-0.0024691574536556626,-0.008041399140184046,-0.012187606038838318,-0.0012869787737479872,-0.006613686384366963,-0.011070608718626534,0.0017719151032242729
2020-07-27,0.019561196964697856,-0.003718501244677189,0.0010659651457230765,-0.008274719620043442,0.004167799050839363,0.015656099725073286,0.004977185781572282,-0.012184177583095764,0.007488440762928272,0.006178324450444781
2020-07-28,0.008306536040414038,0.006894435760443982,-0.017191181150209133,-0.002495862109637196,-0.006955432387574379,-0.011766330546372055,0.0036769226733136843,0.015000069675363704,-0.0011340360639211366,-0.009948129062871042
2020-07-29,0.007482169283186,-0.001704625524576848,0.020647059753707668,0.018568785291762317,0.01510032101717324,0.014383046138584061,0.0014350037170063254,0.004621512937213275,0.01043985272563713,0.010094592040807265
2020-07-30,-0.007427778888433159,0.00656706963042512,-0.04007038796941621,-0.018152434086648662,-0.010088139450112698,0.005584677434316622,0.0,0.0,-0.0069474887687286145,-0.0008063982508690623
2020-07-31,0.009046884353027699,-0.0006430305992720457,-0.004707084455235962,0.0004160899975353262,-0.003756837057324131,0.024660873155855356,-0.0009565110807091658,0.0016451053527647872,-0.005763746628622596,0.0051958247949061495
2020-08-03,0.0011318982444248418,-0.005047002340875373,0.003601674516372507,0.0029089321681795392,0.004173483402516732,0.024332577266361673,-0.002714916380799854,-0.010909059487220525,0.010275737057808603,-0.002118949903370946
2020-08-04,0.021054515412853855,0.009486930010021268,0.024044758251952524,-0.004157897996474712,0.00249623916191776,0.00255985091839766,0.012396899026453563,0.01090905948722043,-0.004417735072441031,0.008013993722337362
2020-08-05,0.009240417270834134,-0.008781103623355801,0.010474042165960911,0.013656263808982659,0.01893042241796957,0.003695337023799774,-0.002055670668504135,-0.012905402031996083,0.00460554526576751,0.012116677291537994
2020-08-06,0.013186741026147282,0.005570072991840307,-0.008047145594044703,-0.00041139269949921214,0.003797760001120225,0.013954692475224751,-0.00015826045313293273,0.005811473871518805,-0.0053596003973426344,0.004863413914259876
2020-08-07,-0.016012829047696377,-0.006688229241133188,0.0013459208369374215,0.02115649223513085,0.01691294320439358,-0.015009160478391643,0.0053677622186947445,0.017885559156355476,0.0032004020926526848,0.0014967504472379743
2020-08-10,-0.0034649534714478046,-0.0044838728760765445,0.030461704247714196,0.0072203917868050435,0.024325782677231535,-0.0028173627753471835,0.005182711981816153,-0.0003251119557528167,-0.003388827273960069,0.011896506597309812
2020-08-11,-0.05518972671897942,-0.01195635802671924,-0.0033972990590354227,0.011523800646331168,0.005312159796652647,-0.01814979833207893,-0.006916105557037763,-0.021874479797677007,-0.006337809822189621,-0.0019727233760511863
2020-08-12,-0.004679132411383586,-0.009137057437593969,0.009898308669780233,-0.002769420587942972,0.0032250180962326612,0.022460785407895548,0.012850893725451366,0.014362660714972792,0.016656714541688752,0.01317275964261764
2020-08-13,0.023343474417206588,-0.01074695579554984,-0.019631335004590033,-0.0063594869369190095,-0.005294579016216226,0.00043875347237664453,-0.000778936567048859,-0.0016403971501064442,-0.0013075844170187365,-0.0004177968149664914
2020-08-14,-0.004318527254207777,-0.0039142624902608,0.009471034114836562,0.003979542113328953,0.0038766246072950233,-0.0007023081866556911,-0.0001558186494006883,-0.008739361725839041,-0.0019641964297861503,-6.977962051731983e-05
2020-08-17,0.02146194877539166,0.0025094264844290684,-0.005777299729541351,-0.01682071982290377,-0.00465405825818874,0.006651644447308569,0.005595469538668495,-0.001325771508515389,0.005881364304192743,0.012801678754260616
2020-08-18,0.008967673573403242,0.007126568014935379,-0.012722175581953144,-0.006482915931354326,-0.005457614746296797,0.0037438933554001528,0.00402137810389529,-0.004487784233577241,-0.0002789556051134906,0.006169123198461363
2020-08-19,-0.03207438281593007,-0.006271618298509095,-0.011535899680420403,-0.0004065327776214836,-0.002608956015725138,-0.001217340840627579,-0.007903900224078957,-0.003002856292363466,-0.0032642301206474017,-0.0047259095098242014
2020-08-20,0.006890137653281407,0.00899889236373348,-0.021823047137494975,-0.009397548558597445,-0.005370171345831653,0.013224703799048018,-0.0020247267620353685,-0.008894833060175385,-0.0031813947019832534,-0.0015120005963839241
2020-08-21,-0.008043165542872153,0.005975004722487108,-0.006363241016474205,-0.002054555749015938,0.004062918596012115,0.0126279886583781,0.0024915172059048114,0.001684252001897689,0.0010304748625362763,0.005143746008154406
2020-08-24,-0.005674470685927035,-0.0016260294149074263,0.027106479365376232,0.02357820851656762,0.017890071020096727,0.008611069301022288,0.008517175916094145,0.008713174301393851,-0.004597688678502403,0.015072690499218612
2020-08-25,0.0012147382641175607,-0.007683272369871339,-0.014146232362151406,0.002808563406564576,-0.0012857397390800833,0.005031171185098996,-0.0021611629199630574,-0.009555060669807875,0.006748608517949481,0.0032964839364012107
2020-08-26,0.011739667325137905,-0.0038335214291755795,-0.021321586904580865,-0.004819326105242388,0.0005143015947651119,0.020120822236248167,0.0012354927400056314,-0.011178911477067724,-0.0012152300087712893,0.009824854495653417
2020-08-27,-0.011629286747359606,-0.017155704271474007,0.0019574153334046855,0.01676674610156844,0.003594110662238396,0.0008192294588868352,0.00615494255837679,0.003230804585477245,0.007825683870778888,-0.005401888445855097
2020-08-28,0.017230926299239783,-0.0007441542223625866,0.0177191103537292,0.003951073404856815,0.009436489592474555,0.00872607379314954,0.00885760318663583,0.0028820039841824844,0.002224430570304464,0.006531899164065516
2020-08-31,0.00238341719432408,0.006618935200162662,-0.02191790013691618,-0.011900110878474892,-0.012516242040081962,0.003161519631080603,-0.0028928925968428163,0.003042986284344273,0.002404724889062675,-0.0029273998822943546
2020-09-01,0.001189581722410416,0.011372962862730629,-0.006755099093567489,0.0027892848888998625,0.010101824531345685,0.01892157019649212,0.0010667622103383593,-0.011543428220918741,-0.009000286116033346,0.010406008457572419
2020-09-02,-0.013218610873058246,0.00947538654501372,-0.0048122176253096935,0.0142240676869077,0.016404103889478733,0.008855671597097365,0.017963912912351474,0.030601041061403492,0.019841060089428538,0.013751654185823862
2020-09-03,-0.008137254873336977,0.002837170866588464,-0.007405189430304268,-0.015418498904446845,-0.028435762196127014,-0.05868288957288778,-0.017354787143716466,-0.011324053886495418,-0.0276074158342852,-0.03225221359583189
2020-09-04,0.0027564932922231992,-0.01917137599389802,-0.0031499697475341542,0.007541388136014061,0.002315375412583946,-0.014039052490893222,-0.0022859680322329877,-0.00571044233092578,-0.007164201178313149,-0.011620214716825318
2020-09-08,-0.0019287808618004912,0.006125944383653232,-0.03710059372389919,-0.02603819297909768,-0.018934583918474943,-0.046262086916972145,-0.021280816693400977,-0.0055738348121453524,-0.0165987238760055,-0.013201582571685267
2020-09-09,0.009661434230238847,-0.002690095654968455,0.0068218729304763154,0.010095005242450165,0.015330974098452639,0.03210891292329932,0.014390913211567795,0.013125037088966379,0.017544323644860527,0.018690745305671174
2020-09-10,-0.0032283485242562797,0.005069113539557171,-0.03734245867771103,-0.014161509143856764,-0.012846685502594619,-0.022842032646651377,-0.012366816980772176,-0.01736846179844388,-0.01543056537680951,-0.014430785053592403
2020-09-11,-5.4861557792618405e-05,0.0021298606974305754,0.0009198501999881326,0.006903266443511709,0.013490849241175582,-0.0076722517791713634,0.005583980831168414,0.002378322781358706,0.00392795027494433,0.0015073213361773683
2020-09-14,0.00786160327773618,-6.0387445424028665e-05,0.0076350162613579055,0.013666119639108059,0.013438812137295638,0.02076387203458573,0.006475716745794383,0.013651567547773023,0.014239840314666444,0.01055512150181218
2020-09-15,-0.0023956152677241513,-0.0024349623007217194,-0.007328294621579317,-0.013666119639108071,0.0006353699825959871,0.009836188329193135,-0.0013840935618515625,0.00667334681461174,0.0013188373214700149,0.008163576440403829
2020-09-16,0.0028305733071044767,-0.0029911214290055657,0.03936204255742164,0.011267932756874611,0.0101121308893971,-0.01557550289789619,-0.004473078376267725,-0.0013308387090994777,-0.0016957310364238989,-0.005592321448467041
2020-09-17,-0.005505121062685115,0.003051878637432951,0.0014721895883726317,-0.01045880739292947,0.0020109028974038563,-0.008318850629851134,-0.006357984388122204,-0.00819229601802269,-0.0033059312667023384,-0.014153893896210436
2020-09-18,0.001310849171618332,-0.003112821558379101,-0.011242796767948019,-0.0020237854213477377,-0.011233876435766626,-0.017385840263715018,-0.0092209609638722,-0.01778326414821243,-0.0015147109816462643,-0.014009640538111271
2020-09-21,-0.020291789448272826,0.005061880203860592,-0.03370768068260029,-0.025375229114585212,-0.033758789252136,0.008278774727005243,-0.0076581781810931395,-0.006241394013731508,-0.018646753616767625,-0.014549759728679348
2020-09-22,-0.004858095828927072,-0.0007914824287242473,-0.010375681490266643,-0.008392907039384149,0.009836703897257605,0.015706489369326115,0.005871685275008177,0.006224055576573405,-0.0021343010160590242,0.02090929302647672
2020-09-23,-0.021843335368817322,0.0013382880898017671,-0.04624923761325895,-0.022587717533441496,-0.018042341709335715,-0.03166375827924212,-0.015145743550198076,-0.015458227943635657,-0.010348633700941174,-0.016537330603511743
2020-09-24,0.0037119030895910897,0.0038228288781620074,-0.00033114677690876165,0.002153188990375854,0.0014608461484836835,0.005587064836482932,0.007362326514320083,0.011140084803703048,-0.005017509474143809,-0.00042207046442537346
2020-09-25,-0.0028540460781505306,0.0,-0.000662389095554502,0.010269504338375812,0.01488299409405492,0.023622286946086816,0.005248668259949005,0.016310877535490844,0.0159485521828615,0.012937566080365346
2020-09-28,0.010010290107421884,-0.002850863849849248,0.023253214728545805,0.023559948283599603,0.017880992090167493,0.018952131191834084,0.011199666425237552,0.0025512385642612713,0.008986917152744862,0.020698079152795274
2020-09-29,0.008397048385655496,0.0011535712028467456,-0.027902655670203048,-0.012552226380370145,-0.008900530342739549,-0.0033639964938391256,-0.006610137259071332,-0.00033998350380491437,-0.0012514292551596778,-0.007788801733877693
2020-09-30,-0.006022969047958764,-0.009631336103078978,-0.003000561526175419,0.013383541521034254,-0.0025946863111300194,0.008346502546857305,0.012085207573560705,0.008965722869821205,0.015862882510637773,0.008129757193770215
2020-10-01,0.008880963695329078,0.001647834424238786,-0.031199507006353815,0.0016603855744218754,-0.002992300845433792,0.01048460734551922,0.005600619994590911,0.010053629179776851,-0.003418985291415692,0.01297812304271041
2020-10-02,-0.0008957769408936138,-0.003740954421386124,0.009598755223402849,0.007849875838774308,0.011143040090546981,-0.02568079310687775,-0.005600619994590785,0.011767762920649358,-0.009174218482351863,-0.004239772056342033
2020-10-05,0.004861081696310086,-0.01973224512746309,0.029582042566324022,0.0163266958218403,0.015977812905721228,0.02168748184546936,0.006685981133475755,0.012444917211600817,0.020337098700250713,0.01313240439405422
2020-10-06,-0.011830479550692698,0.005374435997062414,-0.015017708455231787,-0.01017290505420653,-0.012247878712598541,-0.015615953543011997,-0.006529907601881065,0.008426552077237434,-0.013353149242461344,-0.018678235499279876
2020-10-07,-0.00045132478533539146,-0.0073194270185559535,0.014023436147724382,0.01662978863883177,0.021839215476003433,0.018166672609779895,0.010705290690914497,0.006113430153511357,0.018701031265486646,0.022597978846124207
2020-10-08,0.0035486272055745486,0.005385896444894999,0.03678209266339685,0.01358396284306074,0.009873329287197622,0.005166416567637815,0.006613858268359641,0.018118697558551347,0.004853789863377753,0.006542549229042093
2020-10-09,0.017998399966815504,-0.0001875091994362921,-0.016108494509413554,0.0011896871251312862,0.003723493102909226,0.015175599461514352,0.007787940237128483,-0.0001575364738035892,0.008991859817068588,0.010353965382846022
2020-10-12,-0.0028758136916344685,0.0031808403077912524,0.0025947078978434215,0.011036654147051484,0.005683619269095757,0.02692647782234138,0.011494629436057061,0.0062813336189112825,0.006806039865450571,0.013211802094947083
2020-10-13,-0.015853834051583145,0.007134545357080735,-0.015671056852499646,-0.01939459257881781,-0.011149980747580572,-0.006419177966942749,-0.0007522801023920571,-0.006911798917695778,-0.007636897091929211,-0.00019310896566846294
2020-10-14,0.0030899939936110464,0.002284829165017274,0.004268726484561883,-0.009638814714199256,0.005590479182092633,-0.005312938530762699,-0.005129647357845557,-0.001261768318481658,-0.005835642544254217,-0.011129703766535675
2020-10-15,0.003639489400711449,-0.0017282898847328983,0.012050223036623902,0.007638186181342603,0.0035861766489533524,-0.004517691197497786,0.0006047769960826258,-0.0006314460623284574,-0.007272789274648176,0.003701867945630976
2020-10-16,-0.0034712263457632483,-0.002784555819169741,-0.022921926413005573,0.0008006140515418468,0.007256779481464722,-0.002885366128631105,0.000302251395112921,0.010681717125106686,0.009870579059433964,-0.009117567068844597
2020-10-19,0.0005046193567768562,-0.0037869311933702997,-0.021427024050177053,-0.015322881844843138,-0.012454807760920249,-0.018499091717167473,-0.013081976540493884,-0.008473398125108098,-0.015971865321907197,-0.01237607715341509
2020-10-20,0.004809318137998378,-0.009561356458051328,0.011774742529360288,0.008094005370631707,0.005198028279455485,0.0034420949901912577,-0.0010723916697798206,0.0059703899777840365,0.0013173831861567366,0.007982795873550583
2020-10-21,0.00750319529892209,-0.003459736669747025,-0.01924747673253096,-0.005253636864360192,-0.010173842713992617,-0.0015093625799787035,0.0009194562690165239,-0.002666709569358251,-0.004995930378122524,-0.005468702430544284
2020-10-22,-0.009849030639627046,-0.010451381460239582,0.040426319907342016,0.019659591470343844,0.00819712895996952,-0.0047120060439444465,-0.000459757633932841,0.01403662628451227,0.01500653571514641,0.002045976111269149
2020-10-23,-0.0010630400237792174,0.006093650009370564,-0.004923584762174682,0.003173075241202932,0.00395003867055789,-0.0010970304591447425,0.001836751685012878,0.0027839195676653424,0.0037168250840771667,0.008731816545450813
2020-10-26,-0.0005039129828936211,0.009260417462275856,-0.036526336261028386,-0.022832666711546684,-0.025327543043500815,-0.021937570372270898,-0.012929155949899577,-0.00030903486845588443,-0.011191943691506896,-0.019404294261896448
2020-10-27,0.002628864176270774,0.006687360360095499,-0.013054119897337749,-0.018401786254255526,-0.02210244692573874,0.004992886919781388,-0.0026370659559666492,-0.0007727611437238908,-0.006870395833364854,-0.0004666654278599282
2020-10-28,-0.01627516884164325,0.0009336025584478126,-0.04273977227604602,-0.02592102919180862,-0.033362384964700766,-0.04334745299970747,-0.029636402470554265,-0.029496901484576635,-0.03224522451703299,-0.0321144296613169
2020-10-29,-0.004153341326592121,-0.009754765143812828,0.030213836148004214,0.007594899027024987,0.014453352483034787,0.01654240034655496,-0.00032035543490324073,0.0027033872989018987,-0.008226489656538659,0.006314526432663515
2020-10-30,0.004550651041840146,-0.00991532991218475,0.00558640729066924,0.0029380393405212513,-0.0011852859892948723,-0.022388546772535583,-0.003527227998608709,-0.009413836535175127,-0.00029501169853391265,-0.022067414706362434
2020-11-02,0.00965812884851217,0.00746255940846535,0.03355349206966758,0.01868440861216785,0.026661078771515995,0.002522510458438098,0.015776264497008953,0.021724512982126912,0.017840891661939556,0.007109330056162569
2020-11-03,0.0056609432999779495,-0.005817703305985954,-0.005740313154069736,0.021970091357346334,0.029090162425709182,0.01748162331653331,0.016308904098233268,0.014328269630028737,0.014485497207288048,0.02177647390094467
2020-11-04,-0.0005590140649358909,0.02146042738931923,0.0013535499104350853,-0.011738727940548269,-0.010400418222624776,0.03816597784075364,0.00046628412365387254,-0.015112843933612728,0.043424217874125454,0.02104658448463201
2020-11-05,0.022723771699055755,0.0017367213248653326,0.0,0.02413629060076655,0.023281421062166244,0.030591084847094264,0.007280868782366411,0.008908270671551397,0.002004409581281634,0.019307826046986845
2020-11-06,0.0014203529597109255,-0.012158807707124445,-0.021881480397927294,-0.007980875882906807,0.0009842666562666744,0.003543177992620854,0.004619428747004326,-0.002180667790987815,0.0003637587738726501,-0.0030065505026484487
2020-11-09,-0.045280856143465276,-0.021238260927586253,0.1334452075054853,0.07893264160302915,0.03348741543880089,-0.007264635553118472,-0.002306911124325605,0.01838604797928192,0.009326798844082022,-0.0032786756915210284
2020-11-10,0.0033073065556014952,-0.005784153595940644,0.0318526098938944,0.005169785270284901,0.01744299427818095,-0.018817233138343298,0.01951868216729057,0.014288066336254453,0.0028800312904391774,-0.0035528250152914815
2020-11-11,-0.00433598220930235,0.0036027226091412206,-0.010307786614074362,-0.004059622055133543,-0.00844774600408724,0.023446279214148182,0.008570757732605346,0.0037662324772634215,-0.0012590213060336677,0.008728064480628465
2020-11-12,0.006042387508780373,0.016874870939494444,-0.03279976711164447,-0.016782156077989156,-0.011495099024232637,-0.008946410288412034,-0.0026986380039745535,-0.016218860690651597,-0.003696069084596321,-0.013485272504796834
2020-11-13,0.006796565090032186,-0.0013269758178875454,0.03575577619621463,0.01641223859630481,0.02192701338007271,0.008451368576062719,0.01371730725648796,0.009883712315609187,0.012565291102025795,0.016095463277504902
2020-11-16,-5.650286865533134e-05,-0.002405635543843466,0.06374470156043717,0.021954514940409616,0.02407817872227293,0.009607302848621319,0.009139187102875205,0.010086708970189685,-0.0016960829943014507,0.01301383884037818
2020-11-17,-0.0036759204841880807,0.006506348950005739,0.010194396712891868,-0.0014487030159300522,-0.0026213771883135694,-0.005572291749926696,-0.007068235055385551,-0.019817602834544902,-0.006543392764116751,-0.004254871730831852
2020-11-18,-0.005738783845972931,0.0028927058016037037,-0.02948734776635863,-0.00946822868240141,-0.004461201042687817,-0.010740650467086433,-0.013838567829606432,-0.0197507611832412,-0.018790566849547573,-0.006871130858580763
2020-11-19,-0.0018822296869570197,0.005135370702215273,0.016242072913611516,0.0032877571423253434,0.002518814689265657,0.00802511892871889,0.0026933227699213295,-0.010023653500692458,-0.0007333013970746577,0.004931106615931954
2020-11-20,0.003021229432643738,0.008830865088655666,-0.005291721886668341,-0.008791358967896314,-0.009074401978343744,-0.010353590433086306,-0.0062956304950038625,0.00015748352437515109,-0.0022952590348663017,-0.005256445226161501
2020-11-23,-0.019890324232127853,-0.004593050423300222,0.06826651430528663,0.0185899640601456,0.016593472363752075,-0.0002496612581721762,0.00030052817505342395,0.00015745872721975595,-0.0025765976928797114,0.010936263785049085
2020-11-24,-0.015447030279527764,-0.01000174107474593,0.050106064660856285,0.03443102722616497,0.01732718361124285,0.013811635782144116,0.006742166904018233,0.010643543717693146,0.0029441198557314976,0.01475725881389567
2020-11-25,-0.0004718480371509017,-0.003082810829397341,-0.023595738302160118,-0.0034950955626262157,-0.007614234901438731,0.0021332399732965144,-0.000597567465596692,0.0026431387686577756,-0.003681621419540053,0.001204316400463285
2020-11-27,-0.010198732236165305,0.009658304078214105,-0.011752504376575249,-0.003156389388236902,-0.0016875569032917172,0.005313307559429113,-0.00014949711847110194,-0.009987815366551508,0.009179372319296003,0.0021510389381075735
2020-11-30,-0.006697358920117144,-0.0012489073969500469,-0.05684106257711811,-0.020941255511265223,-0.008933620433867024,0.006662739775378442,-0.0001491238875496672,-0.01453419042485941,0.0027374305114622986,-0.0060859981040529325
2020-12-01,0.02084085881536413,-0.01485418007139164,0.004613965879453795,0.015305343526351389,-0.002502480675363984,0.012714571059157711,0.008779106263898202,0.006977563481712095,0.008348563335360316,0.0074126136461859435
2020-12-02,0.007493385024315116,-0.007968457163107099,0.03197719126917072,0.010890868306865946,0.0013655856747745733,-0.0015205021898091935,-0.00833101048545412,0.006615324821721264,0.007472421762419563,-0.006268613420883856
2020-12-03,0.007842668530553789,0.008031666619216477,0.010435596230845924,0.0003492232900692713,0.002612524301708897,-0.0006410414237172831,0.0025364096991040215,-0.010415160211642915,-0.0012566100988711383,0.0027909589406432526
2020-12-04,-0.00283945502654119,-0.014774236068041536,0.053069403323676975,0.012150889763847037,0.011839599367852949,0.009967165519346245,0.007718544481844556,-0.010043768256674029,0.010630447463149116,0.0009493118404518958
2020-12-07,0.014803945459514797,0.0089802987717985,-0.02365922294580065,-0.0069252241960340195,-0.004831569228334067,0.0028523208810974756,-0.0038517270476471546,0.005592216730246969,-0.006150180224454503,-0.002280349720269298
2020-12-08,0.003481841534737405,0.004714321362578311,0.014759575545125978,-0.00034754889467747743,0.004831569228334051,0.003238123826287336,0.005476948522068348,-0.0030319308691020277,0.007570813452222212,-0.0020954052538736867
2020-12-09,-0.017241806434506103,-0.0033106190333107182,0.0022322317469893353,-0.002435937395417541,0.0022394654033577035,-0.019348364651086625,-0.003993673305457987,-0.0017595011751230139,-0.003466493432643306,-0.000953578333107637
2020-12-10,-0.0019148863181888906,0.008825130120479288,0.030261126763113256,0.0017404770253221084,-0.00955225501947519,0.0014460192781779453,-0.00445650800305358,-0.00513655898140838,-0.001693062791345783,-0.0008913285251211115
2020-12-11,0.001856945469586849,0.003533121342160744,-0.011605700875035936,-0.010138095992207306,0.0023683715160310436,-0.0020893307169073685,0.0022307365574201175,0.0016078068945477645,-0.003932292523067303,-0.0047867715419076555
2020-12-14,-0.005522859199322822,-0.0027753993178881173,-0.03564723318019258,-0.011663141512692411,-0.013039265973517363,0.0036136781740151017,-0.0038698267283606355,-0.00515447210479849,-0.007550014680147906,0.0014702557305288503
2020-12-15,0.013893989774039692,-0.0033534356149957983,0.019466544462905095,0.016919939171224516,0.01382744718168421,0.016535822007806504,0.0023831783188549478,0.019511293079426176,0.010768419735394096,0.013389976158506853
2020-12-16,0.005503920929853093,-0.0026646857454745514,-0.0049556138624859405,0.001745947369476911,-0.006209907448619941,0.006757867148089476,0.001932081299965522,-0.011628853573788761,-0.002949783794947524,0.006534377353790995
2020-12-17,0.01046541004295572,-0.0026496575818614303,-0.004730408125503117,0.0027875855581019236,0.006097508206393568,0.007878646383704765,0.0063643058037180554,0.006707089417527185,0.010685000124893523,0.006802967370302295
2020-12-18,-0.0016988680965652808,-0.003001827050967947,-0.01686200362015212,-0.0087369202890406,0.00011239924222634352,-0.003502574550685599,0.0022106826984089525,-0.008631868248596887,0.0007967268309125448,-0.004863420542265192
2020-12-21,-0.0031789169989821435,0.003958231894953693,-0.019478352813889686,0.013390102991734777,-0.0060538061413725015,0.0009997643354759972,-0.01083538772443272,-0.012183831431626074,-0.010056131872118127,-0.011360870379948134
2020-12-22,-0.007934507183398202,0.0051474792314261395,-0.016927456252080874,-0.009797132693822442,-0.004673196246549129,0.008629157496264578,-0.0070778274148586015,-0.0019684605870380805,-0.0030564105425153016,-0.004316136620792629
2020-12-23,0.006625879072275585,-0.006933539764868641,0.021897926903990367,0.016390984065922303,0.005241510939362862,-0.007614531554906929,0.0033191802474845508,-0.001972490265617993,0.0007199260370398397,0.0021603464226842184
2020-12-24,0.003977347328631379,0.003949891395044364,-0.005232830434566365,0.0013828120477924024,0.00011384943682392972,0.006607729141291905,0.0049583684741884146,0.0070499293897211286,0.0028748301399404846,0.002092477581152813
2020-12-28,-0.003635744312567208,0.0004449377484157794,-0.006316271474919545,0.00482401281832799,0.0012491457011070484,0.01124916510600505,0.007912151522882466,0.004401227218832447,0.0025088259737611977,0.011336465823329952
2020-12-29,0.003635744312567162,-0.0012721233715374607,-0.006621395211152282,-0.0034433266038308625,-0.006033718687923386,-0.0047616094768185395,-0.002978312460826854,-0.00016226993996604121,0.00473150290859852,0.0003132545312348797
2020-12-30,0.007626026694655132,0.0021612899597851097,0.015557565392544239,0.004474253678755401,0.006374107118265888,-0.0005390351841333633,-0.0010444921943551315,0.005030111544444474,-0.00017804797164923657,0.005991910407585756
2020-12-31,0.0037072651943418997,0.0014589030524261326,-0.008408073601630263,0.012286803963603918,0.004640835492522197,0.0014622978615171887,0.006992337964364044,0.014781907665835635,0.01045637640851167,0.0005600073229534077
2021-01-04,0.02201425891234798,-0.001204505987100969,0.0015815798774538104,-0.013661322199046576,-0.024463869708741575,-0.016439383490644936,-0.01088168483206452,-0.025522464988021402,-0.004328844802673317,-0.008494920712890772
2021-01-05,0.0029572490918935946,-0.007454728517127513,0.0438104531891868,0.004460150752354494,0.009788768828413624,0.006468397647586473,0.0,-0.0001634453911397564,0.00723354020948167,0.007437129972313358
2021-01-06,-0.016374384156319522,-0.020741816070863173,0.030053050236296713,0.04321574798672914,0.02355713725294934,-0.017395843257792178,0.0007489809029008369,0.02456887848371531,0.013618704386785594,0.01015908760849471
2021-01-07,-0.0023373497260989994,-0.008853545145565064,0.014574306913504594,0.014323228645809628,0.0054695751405883074,0.026597461985424405,-0.002999886793854801,-0.013179283791444488,0.012922489453823363,0.01910765350129249
2021-01-08,-0.03480879472366203,-0.003233111848943092,-0.001206436112893932,-0.0006467319818797794,-0.002452022069941208,0.006444506712200872,0.004944995126724518,0.008377595316850868,0.004781865266814069,0.020409455920136297
2021-01-11,-0.001963368081678198,-0.001653550806761829,0.015570939262244064,0.003228946320254633,-0.0003348958302939284,-0.008293308443114758,-0.008556488719145843,-0.00934887030339646,0.004674121034865263,-0.018838587157100944
2021-01-12,0.006453094143516468,-0.0007942261569552922,0.0343450215415167,0.010263158000852222,0.00988649102431841,-0.004792649460230261,-0.0033222534126213137,-0.005358212737046439,-0.01091227175810209,0.015158539680861711
2021-01-13,-0.004316677807613859,0.01119903485883939,-0.007839571406549955,-0.0006384082243173877,-0.008659179657584285,0.006333697536311159,0.0015112733564982997,0.019349052802492703,0.0027391630937200644,-5.9252982709314186e-05
2021-01-14,-0.0005192346256867747,-0.009412145748687595,0.02919917014086542,0.004459923664592827,0.003450228889681744,-0.008816122423142501,-0.005300110363768467,-0.0038400616110887157,-0.0031678737058298285,-0.006383590253427829
2021-01-15,-0.012485246085867416,0.0039601087101782655,-0.03967019424249976,-0.01666688777950259,-0.013085107709417008,-0.01030622881404092,-0.0034983716305303095,0.009731522731476707,0.003082607802782905,-0.007750011511433267
2021-01-19,0.008437377567923208,0.0032215248275174854,0.019917258383350993,0.0025822143383750344,0.0032596086331123475,0.012943673908118913,-0.004428643158401352,-0.003817461439319105,0.007495069452461085,0.00565337796271779
2021-01-20,0.016151154600027997,0.000985241591385814,0.003661905481224995,-0.004199626211863058,0.006152217928293295,0.0196385140539192,0.00183507112718795,0.0058787237428116,0.005500412714162309,0.018715273500862512
2021-01-21,-0.0006273739671711188,-0.007043499416588266,-0.03439786826501251,-0.010740337174582617,-0.007837225496392318,0.01283124461104043,-0.003366482489941001,-0.0058787237428116835,-0.004737107599194503,0.004639262622660661
2021-01-22,-0.007904302060517928,0.003231559476877815,-0.005215721632896115,-0.00722512649620854,-0.005183626670312189,-0.003832002115359492,-0.002609297957744172,0.001432936019282764,-0.002972110653969108,-0.0034041310818274553
2021-01-25,0.0008622455288576803,0.011716802526307362,-0.010273807556675224,-0.00727763969896754,-0.006801703060990138,0.008321917825502182,0.009939642895279741,0.019852565242868662,0.006527008406268889,0.0036971066998106993
2021-01-26,-0.002473656951145883,-0.0018888207157106008,-0.02160516337504974,-0.008000086980482164,-0.00925670840489948,0.0006713193704727731,0.008937448332598016,-0.010034587404935617,-0.003724400398941706,-0.0006447156738651176
2021-01-27,-0.006355778295441206,0.0025394708772487093,-0.01358904650831075,-0.02989345878046676,-0.020062212019476198,-0.019056458772769257,-0.01703447997055071,-0.02731575360373102,-0.03083005938764762,-0.03131381414730933
2021-01-28,0.000926931727635592,-0.005543413589417807,0.011623669540283772,0.018449529782811554,0.014766810925154335,0.004098100198357682,0.0038275689023252167,0.011912816307817577,0.014499951165647618,0.0031400371461548435
2021-01-29,-0.0004054103376829626,-0.006034195602949968,-0.03375723373049326,-0.0201750178213188,-0.021820155555613216,-0.02383547246478612,-0.02084546586845471,-0.005455806069471997,-0.00848355204889524,-0.023606813682052228
2021-02-01,0.00934152297824149,0.0011585364598165001,0.007095576689911652,0.013040469185957668,0.01032797633098313,0.024743958622590278,0.0009356812331007789,0.0048152028006671925,0.003817866003668424,0.025654073715803038
2021-02-02,-0.012242430084677477,-0.006468470090831828,0.0108004487908464,0.023918881110239612,0.021026616072783604,0.013452915975572527,0.006680849120404954,0.008133452991560548,0.002853846353094383,0.021014537491595632
2021-02-03,-0.0015117720158050482,-0.008912342959022173,0.0418305536454617,0.005643231865143366,0.0006855451572249055,-0.0034398786083978824,0.0015471854446652696,-0.0031817948429361024,-0.0071062827675248815,-0.005612260492477625
2021-02-04,-0.021765636924135134,-0.0026753907852947395,0.010960261882634128,0.021935785548931053,0.01068191351171781,0.01583016612531599,0.007240287434993871,0.007777351063957612,0.0041659117100281565,0.01060705908639918
2021-02-05,0.009823748692690917,-0.008409284663270776,0.008494859413902845,0.0003237694589429987,0.005860443561776938,-0.0022142185459897777,0.009319429838284458,0.005360895507298103,0.0018171701685295864,0.009509270080092015
2021-02-08,0.01001975221091292,0.0043813250226102055,0.04097211292452645,0.012866165820290586,0.008504144300367519,0.010439001987307185,0.003794521619838875,-0.0077352533435931575,0.0012095432135516638,0.005673945068161967
2021-02-09,0.0032595928083516256,0.000739567065259272,-0.010656649271226613,0.00031932733811197706,0.0025590867907891728,-0.0011710515203625644,-0.0009095692704953729,0.0014250645695480853,0.0014668946868753808,-0.00555778073662655
2021-02-10,0.003654430629279855,0.006632029467622748,0.018966759121673477,0.0,-0.0015568210087992423,-0.0014654543074157675,-0.0010619230856862938,0.003948611079195131,0.0018091730339886661,-0.0099181667160928
2021-02-11,-0.008723013798522866,-0.005490175730459188,-0.01555313594698229,-0.0031998811563832383,-0.0021170943309918562,0.010938570231657408,-0.004411600978984544,-0.005690758714115763,0.0018915892445172452,-0.002759923383247967
2021-02-12,-0.003041852351548402,-0.012497369800263825,0.014658171615500919,0.01020424805083545,0.0072242683294441255,0.005136267926668235,0.001523512376926567,-0.007318941284480751,0.0074455956009869,0.0014102126348510425
2021-02-16,-0.014457496034195686,-0.01534336921291325,0.024763546768839892,0.016986826716215254,-0.000997065985583549,-0.0032520671232517547,-0.0018283734863685996,-0.01124150929826107,-0.00993990273774243,-0.0043540344242204215
2021-02-17,-0.011417786234196115,0.006330032137296427,0.014741033587209554,0.004978106364975224,-0.0027751613252485286,-0.008870846454452228,0.003653543075352546,0.0008070713635367781,0.0036102295198529952,0.005762074511185355
2021-02-18,-6.0090224343136566e-05,-0.004054729126596776,-0.022854241933181852,-0.005914384779778958,-0.005014873462158525,-0.0049055645055536175,-0.0006080419720323949,0.005952929958499373,-0.006283579348478768,0.0002930884201366652
2021-02-19,0.004139970385631239,-0.01338103612773876,0.016594109181943067,0.011793995180521787,0.016289405162121177,-0.0014687727468962778,-0.0127000146117008,-0.015030483147189945,-0.012162283295814534,-0.005819405578979018
2021-02-22,0.014858231751961605,-0.0076374647765428925,0.03406045081315219,0.009213923906685463,0.0031822485973745586,-0.022297568116479455,0.000923506993469353,-0.019734307966606884,-0.002363037239780484,-0.021332067090139215
2021-02-23,-0.0023033964742125187,-0.002887617580428702,0.016398678555664823,0.006095744394776821,0.0030630922703844925,-0.0027849149644856653,0.0013834953059040484,0.008269657635557709,-0.0016657489523006811,-0.006586266335069128
2021-02-24,-0.0007097783269727351,-0.0065816707115552205,0.034800156493332665,0.019260384648274686,0.018720528029363782,0.015184200539028827,-0.0006144338079046107,-0.011763636044546028,0.006908962356544338,0.010433289912686506
2021-02-25,-0.018995808065307287,-0.01646554029933536,-0.019476305106499694,-0.018349130592053054,-0.018611466293502382,-0.035589764117869904,-0.010975055452240498,-0.009040880071095544,-0.010073397669575329,-0.037906447160162164
2021-02-26,-0.024480114534154506,0.03252414706359268,-0.024008612123701204,-0.019310912920247596,-0.010429563196944795,0.0052936093079097996,-0.016295872150301264,-0.01867291761601071,-0.008664856474224887,0.004166149957369381
2021-03-01,-0.0017319159550744983,-0.013295509241948772,0.025629382084710307,0.030780884195658484,0.025281912862539654,0.03170581124731016,0.010059626536680298,0.02186355899283449,0.012969436959398062,0.023185508680363075
2021-03-02,0.005433148366520264,7.13005991449157e-05,-0.005480848357911283,-0.0036081187634330316,-0.002909591312470683,-0.01599088912951136,-0.0017218401725472461,-0.0030222846479268854,-0.0028968635503618563,-0.011586482025072007
2021-03-03,-0.011082728374520621,-0.010904775413243502,0.014548868398936467,0.007800775493789163,0.0010784554599844692,-0.02548016725750309,-0.004710877200681085,-0.011840563924959857,-0.01274025841000737,-0.023772902444645503
2021-03-04,-0.00988559566723337,-0.006471157623883738,0.02359112622186795,-0.01142151762685192,-0.016083971523472698,-0.02234644327127468,-0.003626909163451967,-0.0008508824210754198,-0.013536018063264888,-0.02139597731097745
2021-03-05,0.0006286134207733884,0.0019457088703977632,0.03673853262214895,0.018865629080936776,0.023388040190849616,0.018708213614323305,0.021875643550041634,0.01621643332001937,0.019837933667528892,0.006333167385807952
2021-03-08,-0.010422315048141234,-0.0078052590197033025,0.0018864711887246351,0.01267489227513508,0.010433023275389398,-0.024492762052397088,0.004318593851703735,0.013977065100721789,-0.0024805996589352293,0.0012105791107307417
2021-03-09,0.02104806019448947,0.013762633726069548,-0.01768602672973889,-0.009121511988283955,-0.004138847979955554,0.033448506345089786,-0.0009237912657144486,0.013131919278565031,0.00583725814060017,0.0370726615445571
2021-03-10,0.005085327698430273,0.0020014651495944475,0.025010714490488483,0.020190789956013526,0.014674408746586286,-0.004004790002429625,0.013007927586743044,0.006826139258875471,0.002290032646233853,0.0050811383526049815
2021-03-11,-0.0008663865026826478,-0.007239405809276628,0.0003744474178352212,-0.0029011474879214187,0.0007333653968600001,0.02114986125852168,-0.0024357384389722472,-0.0025946970534563214,0.00605272078320077,0.015209793500200042
2021-03-12,-0.00018574519969141986,-0.021449857996070937,0.0020551833119541256,0.010117495792824041,0.01331539569047913,-0.00720303940106648,0.008196867358322417,0.013388248088155884,0.002183637337476282,0.0029426981228315038
2021-03-15,0.004386867610048303,0.005862990690693633,-0.011451859721658325,-0.005769015410070321,0.008335807389504112,0.010596999568084572,0.004374400962804816,0.012736900880832734,0.006869910108499976,0.01334248433760276
2021-03-16,0.0009244132771239594,-0.004027389423607288,-0.02892670087372738,-0.01046810103703736,-0.014347236078410363,0.007501481629917166,0.0012031990855184804,0.0012649824036959716,-0.0006069698565926786,-0.010408705782185798
2021-03-17,0.0071195808075622735,-0.007510916731223814,0.0077444983889794206,0.006700730226847178,0.011473532051405335,-0.0008225985836185906,-0.0015042251943152504,-0.016408452327499806,-0.0036486373780901045,0.013952255422122301
2021-03-18,-0.0058269675795917875,-0.010177842469660688,-0.04597807256137156,0.005212732711875739,-0.000925471427608093,-0.02814072128316578,-0.004073374854008001,-0.0037009011521603862,-0.0020907215614177532,-0.02477208298651711
2021-03-19,0.004174394816826358,0.00617886996402969,0.00020145296260895484,-0.01162108240625104,-0.007641414561190788,-0.0030047564427564694,0.003470852934075986,0.00273693722364385,0.003569081214019121,0.005965281923225682
2021-03-22,-0.0014713433816878438,0.01114327805464779,-0.009636008565524698,-0.01296957216750335,-0.0005616026804465185,0.019472429779324018,0.010501565020403102,-0.001442648850840316,0.008665574699312542,0.006561498816910237
2021-03-23,-0.007327408483150656,0.008986484695466658,-0.014735063453129443,-0.014074124797959248,-0.01763267862363757,-0.006237461681567563,0.004187981806528505,0.014812727047188202,-0.010166394326488897,-0.0094294928024229
2021-03-24,0.003454859203276189,0.005367737058512251,0.024779379112077827,0.0036123712215142415,0.007279644325407132,-0.012207072151112646,-0.003888355691378934,0.0003197102456263182,-0.0011359335628048357,-0.01489560338579968
2021-03-25,-0.0036402714825327686,-0.00791674799032148,0.0036642965340841806,0.016687125444395882,0.01585184319410414,-0.0006182036231528398,0.009692428387694846,0.010647509361617083,0.004188172603615101,0.008720740106566762
2021-03-26,0.002839374216722469,-0.0035060179476025027,0.024489582666320366,0.015540160582631501,0.01713120036340041,0.0251108703061257,0.01750405973606897,0.003313972004630883,0.018717705764201363,0.008284330511308302
2021-03-29,-0.011967328788777756,-0.008524586719550866,-0.01196906275228262,-0.008766519258793102,0.0002033087926751395,-0.005214618597582132,0.010011111542854912,0.010657029971385493,0.004689003820117075,-0.005495014169222338
2021-03-30,-0.01723957501602924,0.005226518436823008,-0.008666765502015986,0.007019668172496769,0.004363171672506984,-0.00951583796510115,-0.010740204215331187,-0.009082483813432195,-0.009056740383908241,0.009761730957290639
2021-03-31,0.015053975494509144,-0.005595723202412805,-0.0069064172540593115,-0.007607064392279542,-0.0032450425017305573,0.015785224639880316,-0.0032157520759129375,0.007366263598006101,0.001972110325729376,0.007764989644864829
2021-04-01,0.012549018493591777,0.016460966314614477,0.02515979322490345,0.0122595157494537,0.0033464056274627157,0.019904439728105728,-0.004842429050463674,-0.0009375649485360156,-0.0030026081653712145,0.008000213321027284
2021-04-05,-0.00037046965366193687,-0.004372756956051832,-0.024141172024797306,0.0078027127953483755,0.01227469431035306,0.02045664383206951,0.01271661787487649,0.010881630274166856,0.00693519936989156,0.02247011679612082
2021-04-06,0.007996616729269289,0.00676959854231341,-0.0026505389069272395,-0.0020174380710682636,-0.0024025876891352184,-0.004275725292167939,0.00420337746293645,0.005242852589208827,-0.00384674451206946,0.004319331430852775
2021-04-07,-0.0028223021365765604,-0.006988722580296857,0.0034645774065557855,0.004891477670282717,-0.004621882723259484,0.005287379568257358,-0.0024619250254292934,-0.0012310612986101105,-0.0022295146207342944,-0.002992672564633403
2021-04-08,0.010694635856861524,0.008221350028149024,-0.013106702543827469,0.00028696211858026885,0.0024139525990133997,0.014345787954938426,0.0010145272981999449,-0.0007702520450992256,0.0015437395375000724,0.004715103618658243
2021-04-09,-0.007566026934120144,-0.003629469034113879,-0.006618719856107701,0.008571563697002137,0.00969773954934172,0.009567903830319337,-0.0017396850454689976,-0.0010793231607519192,0.010911526219349616,0.009477461603409646
2021-04-12,-0.006082067490100263,-0.0004362515194208686,-0.00791641934743645,0.004258180147983692,0.003674349945637015,-0.0048080133139604166,0.0053541960798975325,0.0009251467820538788,0.0010168054038629186,0.006400982809609493
2021-04-13,0.007061488473290135,0.007465667787551266,0.0010451433667397834,-0.009392308648944468,-0.004868867537008577,0.009382557821663924,-0.005354196079897554,0.011798377884259546,0.004141589684018243,0.010502764787545938
2021-04-14,-0.0043537794872208335,-0.0031827483351419376,0.02741044797399809,0.0059872399950000816,0.001293962216974915,-0.010659083363559852,-0.000871136754579091,0.004407460434611986,-8.425705717133226e-05,-0.009882113681400281
2021-04-15,0.0160335365383925,0.01659609153592775,-0.008165003102145416,-0.0008531114940391734,0.003971410870206385,0.01702842528749742,0.007955548121830556,0.011009798889365232,0.016978503281987297,0.0071407002157060475
2021-04-16,0.0060295628147861114,-0.007796282116590373,-0.008025666592800866,0.0070869267714035785,0.0021773641626679123,-0.00020928064610926998,0.005746357292186012,0.008066865137314765,0.007436365283439388,0.00770166473749923
2021-04-19,-0.0027691247303623773,-0.002876754823032007,-0.0010337613730907593,-0.0028287466234199602,-0.004160975463849507,-0.008338961426901714,-0.0038750166247359793,-0.0050714510434519185,0.0002468586534401639,-0.011293788200344252
2021-04-20,0.003550241996940974,0.004598752838531785,-0.02683028583986995,-0.018873850054349876,-0.011081886502740817,-0.008905979067564643,0.005449418411607475,0.012631218759935671,0.0038605342532825396,-0.012674939426540174
2021-04-21,0.009862362310853667,0.0020046307070636536,0.012666456696366754,0.013761829991637631,0.013561173781466452,0.010031233805396516,0.004993393160849032,-0.008452827803194132,0.011735948813914553,0.01323692602056276
2021-04-22,-0.00650425423162094,0.004354392401487862,-0.01181686062734079,-0.011167255384803005,-0.005064230832742413,-0.01180805137757112,-0.007427696204980209,-0.007173805050604391,-0.004466319163764772,-0.01113219726263879
2021-04-23,-0.0038387727937765547,-0.0023532548756325117,0.009086048968203713,0.01854305369307754,0.010889976771735668,0.014825921280033086,-0.0025838990941381835,-0.0013508158347311588,0.006570779030437907,0.01040157989690776
2021-04-26,0.002640755671589698,-0.001428447887088493,0.006708623896679484,0.003949146596036019,-0.0029577418939086934,0.005102661324917173,-0.011275222666575959,-0.005723833697257009,-0.0034016806918442553,0.004377053280496993
2021-04-27,-0.0025205449092440876,-0.008761760918829737,0.012045848082807425,0.007852160403422011,0.008261086033648382,-0.0024433691371088767,-0.0007268028506928946,-0.007733681900700176,-0.005776793709415885,-0.0011769411904664177
2021-04-28,0.002940064461277065,0.0006491486878318916,0.03389469505622098,0.0039027899174385824,-0.002059165135344124,-0.009339074808758627,0.0007268028506927936,-0.0013708464540165067,-0.003023892332899422,-0.001177614481610054
2021-04-29,-0.004142547462168167,-0.0029600478215693455,0.011113412964531558,0.017650834610055347,0.007041610063983059,-0.0008468353574751862,0.010556133451856747,0.00910452835471666,-0.004018294920825117,0.00028064608354506476
2021-04-30,-0.003374702192485256,0.0023108991337374594,-0.0255859644071557,-0.008786531206272357,-0.00664895338508762,-0.013720435396614227,0.0008628700422032861,0.007824344647717814,-0.0029628933471950334,0.003863863868491135
2021-05-03,0.01289485518814097,0.0005994651753866438,0.02716358620413719,0.004952041254015398,0.010248560017919137,-0.0027959760957658535,0.00815866872120408,-0.00014994731406605546,0.011309744601735217,-0.004761816034242262
2021-05-04,-0.007356686965198023,0.0067628026400219044,0.0005909106080643935,0.007926548281660926,0.004360050918356028,-0.01810854709263042,-0.005145096885438854,-0.0037546726979829693,0.0010587707610986788,-0.010500438810086625
2021-05-05,0.00413361336698124,0.0016481977410761931,0.031785692069014465,0.008134783844561622,0.00096658909971324,-0.0024149234815954304,-0.0007169463495804225,-0.01699594086403812,0.0017894125198286623,-0.003126308655322548
2021-05-06,0.016542002735280385,0.0016456149256661337,0.005137420489944206,0.014743583328053284,0.006930370247560101,0.0099881304792866,0.012822791893427797,0.0076232904616088705,0.0012995291103635599,0.0021609151685435986
2021-05-07,0.00895658735382193,-0.0049440818906191526,0.017682910761318088,0.005307441854716684,0.010496219408502712,0.008523383296092854,0.0,0.003033185429455423,0.006874407155730353,0.008935171497717359
2021-05-10,0.0030259218728549953,-0.010178826066372841,0.0003727974607727237,-0.0007940471023171877,0.0009487470708850949,-0.025570247993543828,0.007615388724405712,0.010094137670956734,0.0012889569520474755,-0.017950718435596924
2021-05-11,0.0001742848474817966,-0.005675900169542834,-0.026058765306172415,-0.01790768477761962,-0.014904266741815537,-0.003030166362722979,-0.008748565866392227,-0.012368315409686224,-0.010845193003882387,-0.01135624999149429
2021-05-12,-0.009983483413452903,-0.01056287370207326,0.004771538112060732,-0.010300832777754796,-0.02425949554713995,-0.02852834732599163,-0.013411511068311758,-0.02364951623569739,-0.009484171290609227,-0.03444388924519566
2021-05-13,0.004098917859921596,0.0015468528773123801,-0.01226078316825745,0.015948223692488796,0.01856406353563079,0.013164130342431881,0.01397807525277773,0.01908619531231935,0.008995804617688978,0.007055988946312129
2021-05-14,0.009074563611959028,0.009308133086496652,0.030561388813788122,0.015697865400488814,0.013748386359675522,0.021782923636168572,0.0043812804361379135,0.004867126551024008,0.0050348795730707305,0.017190512081817943
2021-05-17,0.011572105937362132,-0.0021179150120491878,0.02291741006379902,0.0018464714254160135,-0.003060011374151844,-0.007381165154927955,-0.0014109980093418796,-0.008226832910599157,-0.0018646840040458898,-0.0018173220893681616
2021-05-18,0.0019442812059788442,-0.0025617106952587213,-0.023478288688192978,-0.01406410025923001,-0.014665173083780826,-0.008033393492505871,-0.0031119242031467124,-0.00015311214387188785,0.00032441731730932836,-0.007834567177703713
2021-05-19,0.0006853819629941132,-0.0024215690850111957,-0.02519301270729082,-0.0061656423249638005,-0.00565308063483879,0.003503795005487798,-0.0032635577659666203,-0.0016842855862962162,-0.0017051222950997995,-0.008432724079972491
2021-05-20,0.004556871795741219,0.008194851423153378,-0.0015360024504382352,0.0005375912629084291,0.0022456207892264392,0.018945587565466167,0.009196041368118095,0.008697625882862997,0.01042896495647618,0.010205319519680124
2021-05-21,0.00045446916842239933,0.003201487535974438,0.002110834715544329,0.009894713605866669,0.004864275770341522,-0.005491794588243296,0.00014062023103457916,0.005152414711265635,0.00016079397412350007,-0.005030285601866851
2021-05-24,0.001759487487714246,0.003697322693775965,0.009920412705853096,0.004778183923562368,0.006192160644844505,0.017613304357071657,0.0029525591025743305,-0.0018154378422778647,0.000964420561950714,0.009859141496065447
2021-05-25,0.009031903514378268,0.009220416337472087,-0.020520671681359147,-0.010114279115702816,-0.002994345799908921,0.0002882805184932344,0.00028065764224559565,-0.012187860385377842,-0.002976938839760362,0.003167430084633321
2021-05-26,-0.0017435678186662285,-0.0017219180614569784,0.008873624078212452,0.0029383587190479486,0.003187224418593763,-7.19194095874983e-05,-0.0021071914179784977,0.0001532576335270456,-0.005818002479736079,0.009500246606700066
2021-05-27,0.0003940189892895408,-0.004030920618647697,0.0007678690162851584,0.011404356496922985,0.013600393471791584,-0.0052793100917696316,-0.0062078730365752455,-0.006766202767453186,-0.0021907424536746025,0.003994590384748612
2021-05-28,0.0037630876338542248,-0.001587609851236953,0.001917140848862869,0.0018444154600882547,0.0,0.0035464218111748973,0.0021206680796944043,0.0053861059089502705,0.003891237289769981,-0.0013875296855595353
2021-06-01,-0.0026945732480542135,-0.00022422563360088027,0.03777576339538447,0.00603554116041865,0.0038925982935363603,-0.004925261394727738,-0.0033953296160525934,-0.006157697981890288,-0.016560270372189777,-0.0019111980952596322
2021-06-02,0.004878526963101577,0.002312230451266616,0.018456596861320847,0.0015690457753655782,-0.0028466266077203464,0.006874578300882377,0.003677651676616473,0.005236255831197234,-0.0019762146521951607,-0.004647886535550385
2021-06-03,-0.019772420864664846,-0.003760519506638438,0.0027122632251954685,0.002348311406675096,-0.00218838779062805,-0.009346220402059069,0.006192958475972937,0.005972829031056149,0.0030449763864662882,-0.01195177988040827
2021-06-04,0.010725633264657355,0.01360194254440942,0.006658711968077262,0.0026028195261489483,0.003232953911513007,0.019034739725055573,0.0035012476739313915,-0.0015280778314836843,0.003199381006887005,0.007983425024634346
2021-06-07,0.003999619209610979,-0.0030788208826123082,-0.004314124389819528,-0.006520176708189588,-0.006954117473113007,-0.00021456813546243662,-0.0016790056857918679,0.0018338065113911446,0.0035973517438519023,0.0
2021-06-08,-0.003096867753862795,0.007002383260048531,0.008609880973338117,-0.0026195405947008394,0.0025778333776249993,7.156557164590247e-05,-0.00843868272099247,-0.008585474387007337,-0.003105890317439078,0.00803634343176695
2021-06-09,-0.0019193434836643904,0.008789834369795859,-0.006270942604806146,-0.00948885212607412,-0.010254598228485807,0.000713676891784177,-0.004813935107806947,0.008890364287283856,0.009613784102173574,-0.0055250799457016095
2021-06-10,0.004285131517665339,0.0059813219200869315,-0.0012589708898348524,-0.01172091012790778,-0.004925106044519967,0.007325145614071787,0.006225439026557053,0.006540456463750264,0.01696405031244463,0.004713044889332259
2021-06-11,-0.011316177890912231,-0.0016150502753495804,-0.0034245550569546395,0.006410207813535077,0.0020310871176700386,0.0059342875449991265,0.0005637252299318113,0.002271699556266691,-0.007120356521199876,0.005441646558172303
2021-06-14,-0.005878166410042197,-0.007688751028090989,-0.004343342374267731,-0.010437554928775671,-0.004551069291198059,0.010091670934090281,-0.0005637252299317996,0.00211542825317154,0.0008826234263117607,0.00028851417921657455
2021-06-15,-0.0037848631237422004,-0.0012046826988501914,0.01886360608344126,0.0018815962780723069,0.004261325572341544,-0.006154657097254542,-0.00240079881374853,0.003014107679480667,0.0003208694355555474,-0.0053243374256264075
2021-06-16,-0.01703600368035545,-0.0008511974107795231,-0.005353390066261065,-0.0010750520110803644,-0.009515520081090115,-0.005417622991799106,-0.013379059921808437,-0.015163166514189079,-0.00385644634375935,0.00046428119531765304
2021-06-17,-0.03122282591641038,0.01486119879895029,-0.034586701131177414,-0.030015757405391415,-0.015534918927163393,0.011502747873362732,0.003575550767457975,0.005485261507097479,0.007618474750794717,0.003762983754338807
2021-06-18,-0.005562705142465907,0.018631126580954713,-0.030083124845586715,-0.024394837838861285,-0.013065497803922506,-0.009176995806359731,-0.017862335583066616,-0.026327358661853664,-0.01149031865327452,-0.0052718556485299994
2021-06-21,0.012173251058176099,-0.016884891890455285,0.041731863349908326,0.023071115927086678,0.02175652009261398,0.010659780484906747,0.01140396741404158,0.012871475462666319,0.011943805093935538,0.007678167236527084
2021-06-22,-0.00420166857422807,0.0024401073808995727,0.006635804215681622,0.0016695343912588262,0.0010832875815023728,0.009027952376692426,0.0014452884455547802,-0.00607131248784204,0.002162359249873511,0.009365132768534873
2021-06-23,-0.0006618767987564016,-0.002579716687476352,0.0027520719056538232,0.001944005354104135,-0.002266535644875653,-0.0011068941980930571,-0.006229910545736314,-0.010675193004309733,-0.00416874102655222,0.007691290346186929
2021-06-24,-0.0006021199876096117,0.001603985346280849,0.00857458100187486,0.012409105764450243,0.007763953972288062,0.006278463010228356,0.0049292387277255646,-0.0009474250792016011,0.005127976240973882,0.0033991054131616142
2021-06-25,0.003306999189259349,-0.010437563365807636,0.005253847813604904,0.01198583419821583,0.0019559651333578114,-0.001170038760000431,0.00763515502133428,0.01068505127962552,0.004544974114755015,0.006314355453212984
2021-06-28,-5.999643961855651e-05,0.010228794775904415,-0.03437509125415226,-0.007337795564417738,-0.005290080636248451,0.010411843749225609,0.0008604812583701508,0.006388035686541282,0.0015103471057208086,0.00022471962308862314
2021-06-29,-0.010561034647227364,0.001671191888996207,-0.004874411546039066,-0.003552771031394064,-0.0019664307471524956,0.007264785594553468,-0.0044547762539306965,-0.016283526928816978,0.0011114294742984934,0.0024693002135308647
2021-06-30,0.004841763592293601,0.004443802316088416,0.012327195717705942,0.004370356453314966,0.007744765201059121,-0.0010829298039238355,0.007747464978339463,-0.0018959785224055353,-0.0006349512905225446,0.0007844498497754626
2021-07-01,0.0034354496150826534,5.549078677625111e-05,0.01729914367552687,0.007873313360109815,0.007103559623687961,0.0016916230275375646,-0.0030055303215416112,0.010853367751155587,0.008853162650125796,0.005640675033679678
2021-07-02,0.0065369291506959725,0.006016056944064818,-0.0021920039499491134,-0.0010823809532062628,0.0015502494485670215,0.0130975496711824,0.0024338444538365,0.0015631983283117966,0.009555042448307759,0.008760822217207495
2021-07-06,0.004949187883217545,0.011653044999488802,-0.033088300557614955,-0.015825566878700004,-0.00963079591124655,0.00379620524932246,-0.004155984464686667,0.0042087307365011135,-0.0009356609527929195,0.0011587677035177434
2021-07-07,0.0037995736126820853,0.00881991589788376,-0.0163875188809019,0.001374072788419991,0.009921349270451086,0.00543650409232935,0.005299400067558546,0.006511423934905738,0.006299713960123324,-0.0005515933326866181
2021-07-08,-0.0006520293887520076,0.003909998576582719,-0.00578033533863887,-0.020252994378490666,-0.014035503662946102,-0.00949956824969364,-0.0037209219222913265,-0.00294040325194469,-0.005519700257809187,-0.002485854323569766
2021-07-09,0.0033150614410246745,-0.014161975379334169,0.02103318058620731,0.028459032380750076,0.015679190338477905,0.00916881424002678,0.005718604614182767,0.0012391436201738815,0.003424415433858383,0.009303957058048182
2021-07-12,-0.0012418718351821449,-0.0012975933278596508,-0.001515047202184549,0.009758639615480753,0.001352101808579683,0.0007932703725509914,-0.0015695935956555592,0.003245456799262531,0.0019404703028060154,0.006826428243846857
2021-07-13,0.0013009357869861221,-0.007682302249218712,-0.0076088179835125174,-0.01084909860379615,-0.009696449014227584,0.004089002717991789,-0.0002854546903897676,-0.007589159625554445,-0.0009310530088963052,-0.012045992548380317
2021-07-14,0.010697757313475486,0.011297303385968925,-0.030240527072933086,-0.0046468823677101295,-9.765281743920672e-05,0.007344137329200571,0.008815707685584434,0.008668687379971394,-0.0009317926936685794,-0.0018191033563665123
2021-07-15,0.00017546425482688882,0.010970014349595332,-0.014072372192600664,0.0032822192329279645,0.0019470958451894595,-0.008266023681359638,0.004097087445275896,0.011188614060888488,-0.003502040034099485,-0.005423011544639975
2021-07-16,-0.009751038308664077,-0.0018874625683757648,-0.028752586400966944,-0.013747522231134074,-0.008889712179723796,-0.009930426511743667,0.0015495485351041118,0.010009254974035002,0.002724690212295165,-0.012394086934037847
2021-07-19,0.001179853512608669,0.02169155949305741,-0.035972188470387176,-0.028360938231083824,-0.021122642452723044,-0.013868325130692284,-0.002960559803078455,-0.01597111622770749,-0.010551500840580706,-0.011526039069806026
2021-07-20,-0.0012979424872485647,-0.009686879465137974,0.013326484451462055,0.024477317626807615,0.02757797189712465,0.014732614821389788,0.0002822517409488725,0.004284159846881754,0.012105340913826352,0.01830030208580726
2021-07-21,-0.003726190289074976,-0.012747119820366165,0.034286591395217114,0.01708511816331596,0.009509107546618463,0.009592928899333658,-0.002543933506054822,-0.011053510445965477,0.0016288036643730065,0.009164619162897547
2021-07-22,0.0019535411866020086,0.00940841602857113,-0.011230332604665426,-0.010989071512806791,-0.003676641722369028,0.007347235737843291,-0.0016992108879296357,0.0015425977918678536,0.007335619892312904,0.0043033313718975575
2021-07-23,-0.003139340880551927,-0.006711460791063919,-0.003702760511913839,0.0016558273910287425,0.004255809489002066,0.009885690029880035,0.01197604003957992,0.01271164500174721,0.011474240609336052,0.008878590408795168
2021-07-26,-0.0023758261058627853,-0.002967136520070722,0.024431067764190958,0.005774979216672841,-0.00048255046203416114,-0.0005178918109082563,0.0016790598598212523,0.00030430121858424764,-0.006485709752844832,0.007393443343270213
2021-07-27,0.0016636888817755746,0.010614691132138445,-0.009295051951330863,-0.0002745527010920554,-0.005519350006214477,-0.009498532140152708,0.0020953204202956086,0.017045605001318544,0.004658788751369368,-0.010180105886572277
2021-07-28,0.0050335632022407,6.708000528660553e-05,0.009094006881832593,-0.001372073600870277,-0.0023329805881808856,-0.0012425147340427776,-0.008828967863582922,-0.007657174581127651,0.003574778922082122,-0.0032333812243446804
2021-07-29,0.011044023020098688,-0.005562040650374115,0.009609475262159106,0.010926037198198122,0.007852330594395373,0.004635951222656455,0.004914649609488069,0.0027089673582888054,0.002426557844437644,0.011190291489036025
2021-07-30,-0.007918108309762988,0.004692846368123465,-0.016067755657893312,-0.00790936615293229,-0.0019331690459249635,-0.0006521226906426343,0.0016794155545493978,-0.008452787269614164,0.0009085056207324424,-0.02078784383059413
2021-08-02,-0.0012374082182159806,0.008880024297922942,-0.007519682151797561,0.00027353418479575804,-0.00689289877408066,-0.0035915011418413438,-0.004204324758511498,0.007701378259619336,0.00136105709685079,0.0028779353684976723
2021-08-03,-0.0007077270423842932,0.0005308244229398459,0.01699076958891765,0.011161288860218584,0.012969595784727405,0.006391361499809437,0.004484013785067301,0.005699616232833829,0.013809037774712048,0.007377854926370365
2021-08-04,0.00023593466942563418,0.0020539965959356725,-0.027449128517095665,-0.008426998592168842,-0.013651712429921532,0.0020127687627922155,-0.013086958348701697,-0.0014967487950747853,-0.004257504794874596,-0.00975706935599585
2021-08-05,-0.003959922253451811,-0.00511070653876586,0.011274164137731937,0.013018434056758307,0.0046683958756617485,0.005499690690540885,0.004804318225761378,0.01087524201729217,-0.004125382607842026,0.009537675819790085
2021-08-06,-0.025308704477345147,-0.016842183598673174,0.00913054224074266,0.020008694343134244,0.004646306831604784,-0.0008394633422864476,0.0,-0.0005928821083736146,-0.0008270111859598805,-0.006827113089348465
2021-08-09,-0.017894816057729707,-0.003592603153509275,-0.014239207649087591,0.0026379256890792656,-0.003967445663367902,-0.0032336957778916257,0.00365837564590683,-0.0002964095689800719,0.003829043538351874,-0.0013819719759806343
2021-08-10,0.00030914743149373187,-0.004628388419193346,0.01746559776486924,0.01048233788152207,0.01012996973175857,-0.007217213511179193,0.007137529762388285,0.0010374736158002883,-0.002325720835909145,0.003920125404711866
2021-08-11,0.01369082807188368,-0.0006143492890857761,0.00782122158360844,0.011404859910694927,0.012874991697361117,0.0001306068610930764,0.003341304905456053,0.009290048028038648,-0.00996378887807716,0.0029164840762363003
2021-08-12,0.00024383177142714218,-0.0016399891610426836,-0.0009990688870525261,0.0018023410326932744,-0.0018968913292518785,0.00572505490905252,-0.0005562497050020131,0.0010268842962282327,0.007858404533335911,0.000439428540767126
2021-08-13,0.014224167163591615,0.01567291896826614,-0.011867920549705816,-0.007488404768478392,-0.0031380791952127763,0.005434710861211799,0.008308986282507716,0.007013456994911681,0.006227860368343802,-0.002860136516850363
2021-08-16,0.004975891262677384,0.0024198157145505048,-0.018585328641106545,-0.0025952621068204497,0.003422694368088546,0.004506166961231157,0.005775791436573938,0.00609654699959048,0.011305575954562306,-0.004637240022573065
2021-08-17,-0.001496155150116038,-0.0004024221498904951,-0.010360497389650032,-0.0070416133854248825,-0.01087887488882351,-0.008320212465814464,0.0005480573791100908,0.0005787291915197687,0.011763851898492952,-0.02402455612637921
2021-08-18,0.0007783092556947036,0.0033529830268250525,-0.021049070344758558,-0.012376732298859697,-0.01099868693796884,-0.013891438482964518,-0.012549347115862638,-0.005074744428647124,-0.01532027357159947,0.0035642758846816474
2021-08-19,-0.0029367165231408677,0.007338148387459809,-0.026294673621449025,-0.007446964851384078,-0.007009427420141569,0.009737439301494604,0.008016960890324939,0.004061700598878336,0.004517153642279114,-0.006402484386707652
2021-08-20,0.0005400158455303154,0.0006651001067574992,0.0021814917706000983,0.006121128056689634,0.002634446251845749,0.012795123617219822,0.0016508963526300012,0.012374454363003972,0.0056736209425186515,0.00956027823197584
2021-08-23,0.012104007439095057,-0.000665100106757497,0.0367956016825621,0.008191404548523368,0.008151131135466455,0.012823576004865158,-0.003166586185648162,-0.012953451165472626,0.00036708948522378007,0.012810447835127204
2021-08-24,-0.0004742535717267673,-0.0078063635632346536,0.016457206897186664,0.006034513541426549,0.005013181972901045,-0.0011416531723766083,-0.007611720212359321,-0.006540292168640284,-0.003531564690419132,0.007034434698955359
2021-08-25,-0.006961609676564189,-0.008341621870052166,0.007615547626988252,0.011702177824537193,0.006422298785673415,-0.00057126548306061,-0.0016685607497759272,0.0018939009993855442,-0.002730766522668607,0.0038560031560871625
2021-08-26,0.001133835388463418,0.002766009593287245,-0.015289726351623132,-0.004924094693165908,-0.004404963850445992,-0.006306261642448745,-0.004602798563309641,-0.0024773571772140463,-0.00392431733088635,-0.009280002898956472
2021-08-27,0.014917723322635659,0.006780606626313641,0.02630116767810993,0.0131630967294701,0.006885999613307244,0.00960278967384981,0.003488896076725894,-0.00029201655122258876,-0.0011136931430211028,0.009059853005046822
2021-08-30,-0.004947859047149437,0.0026059607391180216,-0.011832099440412316,-0.014202992613768575,-0.0011443526862862628,0.010702148242667874,0.004448124606404272,0.0014585244760913982,0.005629113199519783,0.007506025357593122
2021-08-31,0.00200564206756742,-0.006830323332597293,-0.006794889513062792,-0.001301122504052473,-0.0027710421775450377,-0.005273704011038239,0.0022168141292212657,-0.0011665079248688326,-0.001330213909439451,0.0023985870172377444
2021-09-01,5.88968847449306e-05,0.001673107262548853,-0.014778381672632812,-0.005745679694848557,-0.0038344420783784946,0.0002514759034353744,0.005244934546111404,0.0130454563145238,0.00029566130951748343,-5.443771501543902e-05
2021-09-02,-0.002655242464544409,0.004357081535005771,0.025055915481839927,0.003399168077137323,0.01070024241269,-0.0010702812676798724,0.0038473861297076426,0.009031863014077959,0.010663797178513562,-5.444067864157894e-05
2021-09-03,0.010637446088029513,-0.009136594454238487,-0.005742418993870475,-0.0062845986863543195,-0.006100610340158578,0.003960944971584443,-0.0012352285969027884,-0.008312028550623391,0.0010968382465425244,-0.000599043156713357
2021-09-07,-0.019778020504279115,-0.00847158792979453,-0.005982651953985293,-0.006059843160586351,-0.017456987980638158,0.0002511834177347617,-0.01160047628969088,-0.013327811306972998,-0.00586296820022898,0.002938096087592159
2021-09-08,-0.002507544166051433,0.006782734447871576,-0.012911483017405467,-0.002381279952052838,0.0013611960419005265,-0.003834280553644005,0.008575198233874154,0.017779079920638992,-0.0004411583952182961,0.0011400504016688964
2021-09-09,0.004413734414974538,0.01202808377851696,0.00209398362031216,0.002909635424022681,-0.004870037815097942,-0.003785818636176503,-0.0058009607749139325,-0.005459016993039661,-0.011612130409025543,-0.001303094805763687
2021-09-10,-0.005071495164425335,-0.008855688354971037,-0.00041819892031742914,-0.007422942824076388,-0.004501520796108254,-0.009910188081492237,-0.004303682819874383,-0.014071323417745108,-0.009192629350110323,-0.006159419330410112
2021-09-13,0.0033441618437189445,0.006046581874857986,0.0282633921411281,0.011377280976693807,0.002644687603301163,0.0003188853323155471,0.0025008032274753695,-0.0017547196685878312,-0.006175580238091809,0.002457607613618386
2021-09-14,0.006417907636002404,0.01205048292887211,-0.014547683896296171,-0.01350837646223583,-0.012104822575930548,-0.0012772642515548494,-0.004589513575895571,-0.0033719566750917643,-0.00015116057778343032,-0.0033325415936935735
2021-09-15,-0.005881528710091136,-0.003513841514199886,0.036677194991376186,0.00955403830961854,0.010930179968954701,0.008717234766822271,0.0036181557093342767,-0.001322275290488882,0.006476886295872413,0.006436440089106602
2021-09-16,-0.022902242747818987,-0.004592545185660466,-0.011405891026198468,-0.0029096354240226337,-0.006878747681259197,0.0005698265670711229,-0.003339444951774803,-0.00841630372982746,-0.002555668157032429,0.004556568739106642
2021-09-17,-0.0015862999324902439,-0.004815394326208214,-0.0074740199028303055,-0.004513307400053688,-0.010707073634531461,-0.015698070634433608,-0.0054504051831155,-0.01554141093730132,0.0009778293285769085,-0.003524073151992379
2021-09-20,0.007118755657039398,0.01232563913617678,-0.031012884900070602,-0.023470864336588328,-0.011535566176084687,-0.018382217105358367,-0.010033651274982142,-0.0018376609600173942,-0.01048977537902544,-0.023083845502422182
2021-09-21,0.00664689654260444,-0.0008605955088847319,0.002325603852773308,-0.0013690080639680942,-0.005273792827954219,0.00039352119736574525,-0.0011401360268976132,-0.0027402744206443228,0.0015237277455265872,0.001501948756639412
2021-09-22,-0.0037409995549623856,0.005946678530081148,0.03036882599051115,0.016574337689109896,0.007900419754196902,0.0136171929767993,0.002847875890086217,-0.0006099190954420736,0.0016736416030120045,0.013526291990980937
2021-09-23,-0.011613566243419594,-0.022856395260533777,0.03443411374085614,0.0242260206395978,0.015218658969347288,0.01330636212234639,0.0036899357845142948,-0.005352904611563369,0.007194362615880061,0.010093405281952322
2021-09-24,-0.0012850982867509395,-0.009821375684297882,0.007493416084393816,0.00524637569915462,0.00208444545217969,0.0007024939529022747,0.00042522862307617197,-0.0010741085183051593,-0.004083054793549036,0.0037387990464299342
2021-09-27,0.0020798706668898187,-0.0036828881513237106,0.03494233950174746,0.013513824265972528,0.0009907554231375934,-0.009747069728315457,-0.0045417802045642644,-0.011890952408559368,-0.014347114981886686,0.005340072049172245
2021-09-28,-0.009763940911599527,-0.015700029139111418,0.0034089810866350253,-0.016658172256737207,-0.011657322920065894,-0.030089048521806976,-0.011876865995071926,-0.012663499222766324,-0.01728923943183473,-0.019446966905991084
2021-09-29,-0.0045149330127863515,0.0017343214345716088,0.0,0.0007868790656947237,0.0011017927637527038,-0.0012627598155979683,0.009028079612339384,0.01297397319117613,0.007867751633866,0.0009870048360266907
2021-09-30,0.01781698430701417,-0.00013875476781401587,-0.01524119626679705,-0.01586073207994418,-0.020736116731231817,-0.007206473032176695,-0.018138034094785125,-0.007951906214391428,-0.012335305277808932,-0.016798852213521134
2021-10-01,0.0022505110921036547,0.008380787322775383,0.033043688233719226,0.01638497434598462,0.013602864372076497,0.014955582929975801,0.002611501496063349,0.0,0.00023551051945687817,0.007495184748808541
2021-10-04,0.004667408258473528,-0.0025493342396564777,0.016212509483465632,-0.00868741270812192,-0.005459419243761373,-0.02342994298333993,-0.0031924710698116635,0.013681900638885903,-0.015353248093443506,-0.007940830581857735
2021-10-05,-0.004667408258473519,-0.009703334294983363,0.005830981355661335,0.019377358734647174,0.011089769159895934,0.014150601898023215,0.005074157390840954,-0.0024740305127202494,0.005963673157695041,0.004005792492642592
2021-10-06,0.002669757352534067,0.005625655938330966,-0.010593755736032563,0.0010368475502239717,0.004401830694423155,0.006504746361552623,0.009642295640837184,0.015361446753686007,-0.0018250182293315508,0.0031603718447270434
2021-10-07,-0.005285683868044846,-0.010512546603056692,0.007682596885013925,0.005940648582734555,0.007755874689301609,0.009088460765224737,0.004430076926475284,-0.005349565005579723,0.013176142000965844,0.015433985886727139
2021-10-08,0.00042627404378714777,-0.007023549985069182,0.03032967009277838,0.0048813576877774325,-9.927278439100567e-05,-0.003744012414732322,-0.001141192087423531,-0.0073836383504047864,-0.0050290075836634624,-0.004588404051347462
2021-10-11,-0.0018893655741350408,-0.0025410346026187307,-0.003719211385222961,-0.010045315919893237,-0.008055782947878844,-0.005542921114206159,-0.00028567034039641686,-0.013679502605712457,-0.007829645097473128,-0.004060420971012342
2021-10-12,0.004504271350483098,0.01695572330223214,0.0008868198776672422,-0.0031113521296881907,-0.003300997690323834,-0.005174902392489377,0.00042819895276607716,0.006707568554644511,-0.004854941837187579,0.00788560918755717
2021-10-13,0.01763773443447277,0.009679244035980963,-0.0008868198776671686,-0.005728817448671022,0.00210192502124473,0.006100876221196718,0.0018541474855872427,0.011593008915981902,0.00159449853383862,0.0048971141237802145
2021-10-14,0.0024434808580754102,0.0037088028132480685,0.012168567044944118,0.016576194321102924,0.01871991467409942,0.022293453364625217,0.011192190145768433,0.012219629763486927,0.014236317648147413,0.010421642691508692
2021-10-15,-0.0160204917648545,-0.005843754462658968,0.0048959042299162965,0.014788543910419134,0.009570425839050012,0.007985408478295267,-0.0023980360332179016,-0.0028887779522666682,0.004935065414861847,0.01519326125691369
2021-10-18,-0.002482990902389477,0.004677424009611041,0.0006974399089100912,0.00025300014748818326,0.0006799394754971138,0.008430417027875723,-0.005948893142861562,-0.009638080736789954,-0.006821718190709649,0.01214747000514794
2021-10-19,0.003208519186409284,-0.01389055978086955,0.01126646533475469,0.009820511594842665,0.005907279763168109,0.009872917716539508,0.0004260094026319467,0.012526858689056532,0.013053835596510886,-0.0028264553965922454
2021-10-20,0.008725778175468667,-0.00677323900913602,0.008067940832205129,0.007985865886303125,0.00625613575238729,-0.0027748473116490638,0.005805286441257334,0.01566546217021632,0.014187721534707261,-0.0007338782761975539
2021-10-21,-0.0008991093021597419,-0.0011917087241625675,-0.01863737415598285,-0.0042348487890992315,0.002012994681895539,0.003844933796665463,-0.0012714103017912167,0.0,0.004049751202733935,0.014580461131091974
2021-10-22,0.006098334452755203,0.010953111160639718,0.009362299056341228,0.013882162397259203,0.0035368494142905232,-0.0034656476429594484,0.007744697706992269,0.0050684916645632625,0.004033292169638902,-0.003573361164275991
2021-10-25,0.006890365329616705,-0.0015273986045785527,0.014561023306506505,-0.0012315497891836073,0.0022874409248071067,0.003276927117372654,-0.0007012666554106318,-0.004321640854970636,0.0012146674012598231,0.02449641564922014
2021-10-26,-0.007427027125168416,0.008234629647944833,0.005765814956496702,0.0007391931984200298,-0.0062073011203460406,0.0028274715018555786,0.0035029883977352617,0.005361741288133837,0.004918258097994603,0.0001519158809239929
2021-10-27,0.0026206236403640355,0.018031050619311803,-0.029166681967464858,-0.016640059676532152,-0.011755954006949476,-0.00087877715339875,-0.005892261828556025,-0.006706696948905653,-0.007957291558724367,0.0022246786250683776
2021-10-28,-0.00023791366260843256,-0.003390063705425712,0.007112457630705326,0.012196579984621383,0.01242620495463506,0.009997496370690445,0.003511353306747482,0.006558001053531706,0.00833466195192939,0.01319537643788717
2021-10-29,-0.008544299301700552,0.003051373265065024,-0.00659035319975823,-0.0039662443816088685,0.00028715768321612914,0.004280845361533295,-0.0009819922186955906,-0.005959896202352471,0.009686657228118479,0.0025885496259050425
2021-11-01,0.005207004497418708,-0.007226201330064992,0.01707966367617582,0.0004968210270909462,0.002771640640273,-0.0014870014906610376,0.0015427409832297154,0.0035805501174557245,-0.001196409515284342,0.018178314501868697
2021-11-02,-0.0021513131388870075,0.004429022782571969,-0.009452613822434765,0.0024797960707935007,0.003334724201817679,0.008765640868243812,0.0067041542926446875,0.0008927963531438014,0.006265027599133672,-0.006759891252150411
2021-11-03,-0.0083501482773226,-0.010387423431034297,-0.00832327574156477,0.00370743816379025,-0.0021900924405776597,0.005821470270708818,0.009282857226484044,-0.0037264956610069755,0.0058563662277599324,0.01782904158001298
2021-11-04,0.011277125295739413,0.010455689881422378,0.0013921234814723547,-0.013162814564071737,0.003995769507489707,0.015521049936026283,0.0009649955652752907,-0.005541210751136477,-0.006897713736884009,0.013380530769025416
2021-11-05,0.012978359326946427,0.014844724598469727,0.012956837321375559,0.0004997400300431097,0.010108468563615696,0.00516053530755896,0.005769792980762853,0.009416753604982868,-0.011227169698348576,0.006410661810949573
2021-11-08,0.003585184846901929,-0.0018768767616349786,0.009056010189127085,0.005482259022893291,0.004127026052690793,0.005372444634804367,-0.00797713822747279,-0.014988510367349763,0.0059286280814023476,-0.014254107330086222
2021-11-09,0.004916006634195484,0.012933868799638325,0.004073983364885328,-0.005482259022893403,0.002524029128465124,-0.0041162271576133435,0.003446484378196597,0.005121301895837701,-0.0036731245319597166,-0.018658723586978163
2021-11-10,0.010800248284572371,-0.018451475824338544,-0.026782728469036593,-0.0017507004200266747,-0.00561791204168074,-0.016635695504804572,0.003022715508327512,0.008080302412032786,0.0028498922942681044,-0.003724842468100329
2021-11-11,0.005586453042738802,-0.0014861358105990833,0.0038205629773434137,0.002749637959404354,-0.004139995144586474,0.004669060327098231,-0.0006859858969126411,-0.006129139398262853,-0.0029249732930164453,-0.0027041930901038906
2021-11-12,0.0018934614978916627,-0.0044019006106459195,-0.002429251726756452,0.002244327471703093,0.007888825439102413,0.012086165700477533,0.0,-0.0005998818125476648,0.004944765901928873,0.0033421886593086093
2021-11-15,-0.00154894492430588,-0.012636700964551321,0.008305681201052599,0.0,0.0018690817471647546,-0.0010163706433516562,0.004793457297015062,0.013116728911908052,-0.006222067845765221,-0.0008343838157039375
2021-11-16,-0.007260156004477963,-0.002546034859548144,0.0015498237484445345,-0.000996799903562408,0.00018690711515518025,0.010474927522759752,-0.006304828222681211,-0.004749848834457898,0.004202275236852856,0.015641613280905374
2021-11-17,0.009095692432078762,0.007893402345955031,-0.01543177482477286,-0.011534929007235751,-0.005992583989157574,-0.0030240959113387996,-0.002202432648870197,0.0008924550104366109,0.0014216607039806294,0.006361879601805838
2021-11-18,-0.0032143154449525086,0.0037536371526901203,-0.005958425355906198,-0.0050567878452355604,-0.0020681283478990765,0.009927535116818214,-0.003588959746823031,-0.005216543516336819,0.00037365962166884117,0.01127403936538012
2021-11-19,-0.007675708262916443,0.010502606882561095,-0.03980478574257826,-0.010959592288473891,-0.005000404451823852,0.007264479011977454,-0.0036023042034068983,0.005662310081835359,-0.006073210272321681,0.00431353642977915
2021-11-22,-0.02267561664312034,-0.011797707749189503,0.017587451204020593,0.013996607313885698,0.002738870537035589,-0.011212055763868608,0.007879919647716813,0.0060737539031232276,-0.00452226406638313,-0.0025100608786903333
2021-11-23,-0.008690053468478977,-0.01456482531071482,0.030270584974634248,0.015547309013498715,0.0016965527064093453,-0.0023048843390554045,0.006588157781678374,0.001033167035828082,0.0010573043791405744,-0.0072812543801660835
2021-11-24,-0.0009569597921073518,0.01592789496380424,0.00971718339825946,-0.002241988225128926,-0.001130535311701917,0.007251422990814807,-0.003014136384728483,0.0005900127932017288,-0.0003774892425854247,0.0020516900292095472
2021-11-26,-0.0016168462526691021,0.02495464245361786,-0.04106662152904863,-0.0337296858570044,-0.02742759180782633,-0.025281826950430405,-0.012703988643613608,-0.015752996277531114,-0.003706183947263683,-0.02764390803433526
2021-11-29,-0.0013795005365548109,-0.008070548341856611,0.005740935302792532,0.003090518610510578,0.00174222736277645,0.024694137486736465,0.0024983558601959625,0.014720309870482059,0.0027240320991444417,0.015414508025742613
2021-11-30,-0.006744546424564762,0.015087957164684956,-0.02371369950764774,-0.02420440711294365,-0.025667731080758628,-0.008381237977535988,-0.025978972030305737,-0.029660748178103092,-0.019843433318224468,-0.013603153076424738
2021-12-01,0.003980006790395922,0.0061501575410670625,-0.01068155154959192,-0.01112567192532407,-0.013990098973965302,-0.013785668622501074,-0.004849026786233723,0.0018228755338020584,-0.0017743434182875982,-0.018214052800927995
2021-12-02,-0.005552205835401061,0.001246048784165167,0.02865431575444724,0.02939819660287257,0.029254836548621356,0.009152213097249546,0.01052353712598813,0.012668124240107966,0.004853076740838538,0.014146059349201804
2021-12-03,0.008376819081740972,0.011861939656953193,-0.007947979905969639,-0.016430130559133258,-0.0011735906909644328,-0.016873763248275508,0.012371843288886741,0.009990323799904824,0.0018425745945779774,-0.019640736306355464
2021-12-06,-0.0024635953850727986,-0.013830739947422914,0.014761756217335234,0.015136316592750134,0.016785915042431432,0.009462495734185472,0.017451935223411714,0.015166362719134074,0.005660081463871028,0.011355429947977483
2021-12-07,0.0035432060613326127,-0.008112425572678944,0.02313973009512839,0.017713084880013073,0.010147365224825499,0.0343173070948987,0.002194343192131461,0.007425448437685025,0.012807797835279574,0.023056990641201272
2021-12-08,0.0005393685677794685,-0.017436078047514323,-0.000174716747091751,-0.005358077344014925,0.002473690297274467,0.0045690592286359785,-0.003155552404200111,-0.0010159640615051248,0.007501874528058375,0.002513357765125974
2021-12-09,-0.006130129283900702,0.005577897168672922,-0.007713807245031347,-0.002048526031839699,-0.003140556723781714,-0.010848540523062701,0.002744840349962727,-0.0013079487537005882,0.0023140401976109322,-0.017481712022008676
2021-12-10,0.004211020685246302,-0.00241512020391726,0.007364595817172568,0.001024893276246113,0.0040901459785533025,0.019866697624545925,0.01671802405436638,0.0053651838839386115,0.003498408115941056,0.006951520041036698
2021-12-13,0.002518126917516811,0.014670438187633557,-0.028171002435014803,-0.01081375515428119,-0.01040029826824194,-0.014979242699667982,0.012989674853530326,0.012217116139260771,0.009392332142726268,-0.026094923854189114
2021-12-14,-0.009385206339641532,-0.002385667647858148,-0.004141409818664422,0.005936262431679397,-0.009541036195041496,-0.016562997372796734,0.0006649325483627424,-0.006018064909685948,-0.004056476490847816,-0.005825298822198913
2021-12-15,0.004282351988516796,-0.009668273023674036,-0.004883793720634947,0.002826760606177401,0.008677256905816782,0.026152589566095806,0.010054543703988157,0.016251352348385865,0.020266299808684936,0.012612004647354286
2021-12-16,0.012024970840539904,0.0003887662981445116,0.006326209134743874,0.012495374640625289,0.0004798299369392367,-0.028752645428892325,0.007082783157401554,0.005077639691912983,0.005921219867752406,-0.022329355397577758
2021-12-17,-0.002143116686188639,0.011267681127408476,-0.020570634612423953,-0.02229433285167226,-0.01722658638182605,-0.006708342840041296,-0.017270209445311668,-0.015168007495866732,-0.00700829106173455,-0.00683808835977338
2021-12-20,-0.004240244730917084,-0.007520049790395023,-0.012466648776228146,-0.019615078761286195,-0.016150726683288392,-0.011965175811960622,0.00029430602600649235,0.0009496342786492632,-0.006074110852000608,-0.016275523013044017
2021-12-21,-0.00041897618344674124,-0.0038145664224022865,0.028087074038971767,0.02049980650008289,0.019720746406930566,0.02499154951831472,-0.0013391290713534185,-0.0014392563713424807,0.004165310489797066,0.02557583094967851
2021-12-22,0.00935611880010715,0.004616408124622341,0.006399026940396388,0.004671619291309656,0.002827600460326456,0.012992352006131929,0.0062795659321797865,0.004311445160241306,0.011600062269380157,0.018075603857393263
2021-12-23,0.002251481491211197,-0.008715478893499704,0.0005467511958123027,0.005165490190440963,0.011711860793409303,0.0055666401439298475,0.002261622515659912,-0.00014330789046453107,0.004100584624130355,0.013776342504603776
2021-12-27,0.002364450476828884,0.002420928494493805,0.021622397110383322,0.010251301901463079,0.010529255385985498,0.02122563787014557,0.010575188746082678,0.004864761356415609,0.010497083847575464,0.009697513618508038
2021-12-28,-0.004319380340024978,-0.003971025477035442,-0.0007133620966625708,0.0005098639515124161,0.005034249728568115,-0.005221862675193097,0.005638372690017268,0.008952096631489942,-0.00263169219751492,0.00043852041696083074
2021-12-29,-0.0002965516280151311,-0.010984343735710176,-0.006442308036685595,-0.001275304872617815,0.0017980655701317952,0.0008534715811058607,0.004565923375272389,0.005361441949260181,0.0056819605024002896,0.001995505059894913
2021-12-30,0.007151581744182501,0.008351248758805475,-0.0061227754971982405,-0.001787785560484907,-0.003599834158448883,-0.006617587025094193,-0.0031290245630922224,0.003651379148134474,0.002051664157322887,-0.003604585869543124
2021-12-31,0.006808358432551388,0.0019590987979994905,0.0025256470228512858,-0.0017905666666527915,0.004261894985581108,-0.004876559750206985,0.006766612879769496,0.0034989956324231798,-0.004249723335260686,-0.0023939153096375464
2022-01-03,-0.015503300973700684,-0.02660143112066089,0.03052045509275476,0.012216943859346236,-0.008256403194985171,0.009445200726036737,-0.0001295004736878735,-0.009968577043457019,-0.010344770780505982,0.028308007656452104
2022-01-04,0.007339514803169255,-0.00416628929796671,0.03401818081822868,0.02596877943807208,0.01990745463800147,-0.010653562284003668,0.0067216710775332865,-0.003109174340865129,-0.013283736929072813,-0.006104615205614475
2022-01-05,-0.003012197052209778,-0.005442281758257716,-0.00016903060018121308,-0.011652414149528539,-0.009574016361528475,-0.03123265573832721,-0.000902325157085127,-0.0005663780112691906,-0.007147590688153246,-0.027352634894389726
2022-01-06,-0.012319703780209438,0.0025845847959921724,0.02205608942574008,0.014605784921023894,0.004610711858559494,-0.005062637732621927,-0.0027115398813201894,-0.010392217230267401,-0.011632402814352525,-0.0026092042574076815
2022-01-07,0.004540812572282988,-0.007213183652478144,0.013623301735317818,0.01172762301201724,-0.00028185019263527356,-0.009238232147876857,0.0010341969123953056,0.007555813503276041,-0.005122645809543374,-0.01680215071629684
2022-01-10,0.0030355936239956378,0.0024569511076621524,-0.0031020598416607154,-0.0034062640304862437,-0.011332448924099365,0.00018089348700706673,-0.00791049698965231,-0.006554763810072863,0.010219485012725921,-0.006134541978894702
2022-01-11,0.01199245713664559,0.006639550387816597,0.033448985766967726,0.008735958404179,0.005965608976675345,0.011919484387302315,-0.001172556533534713,-0.00904710579557079,0.00792543859815792,0.00958753738790011
2022-01-12,0.0026391371424113854,-0.0038387993333993636,0.0018960777411432803,0.0007241748862910269,0.003204904900609962,0.004692660603197979,0.00039093083241033977,0.0031685465786404064,-0.002854625298643711,0.0065727184605933135
2022-01-13,-0.003402771341298051,0.008841102393769675,-0.005064218391736577,-0.003870232029753992,0.002161935046814112,-0.026239123814848362,0.0018226218731295237,0.004877509523726916,-0.015662226198311285,-0.020304879595819246
2022-01-14,-0.002883829150556528,-0.015224798766653185,0.023209557864035262,-0.010476280191117576,-0.006027981982909391,0.008421006076778174,0.001819084381527537,-0.006892558992608097,-0.0017141159324395657,-0.00467070780450869
2022-01-18,-0.0016516182679313014,-0.014174268271693128,0.004022134260451295,-0.02253967873899125,-0.011592737988262384,-0.024303499661439,-0.01451487479594812,-0.01203178767330264,-0.014122043463680043,-0.019110616023428218
2022-01-19,0.015755750605134237,0.006899381997767138,-0.007282707047765606,-0.016925956089381952,-0.01124519846315514,-0.014068289807991815,0.00630247395289097,0.004510792369738506,-0.00409321794877246,-0.01821475444797353
2022-01-20,-0.0025020112544038944,0.0061485688886117,-0.009218287376984113,-0.006389953080530421,-0.01284077287106842,-0.012997618339008124,-0.006566001910190239,0.001305874097076713,-0.0065539776186643705,-0.018391381915368432
2022-01-21,-0.003267771913809988,0.01183661998660467,-0.019975157064072022,-0.020725822787668907,-0.009245446262738977,-0.02007848436263147,0.0007903756224062118,-0.0018868734442407523,-0.01014368351768288,-0.029759820728393248
2022-01-24,0.005479160681096094,-0.008250021186113312,0.006702770702681025,0.0028751346282109413,0.005714792298613942,0.005170282388722813,-0.0032966846405527964,-0.009633797777600622,-0.0033268932972837944,0.01195567011472943
2022-01-25,0.003192034576976311,-0.0016160131439240744,0.03807589497691565,0.0041679532250452865,-0.009873762874917435,-0.023413665351507008,-0.011157053335271925,-0.015818023406705118,-0.006452711053175002,-0.017067943090295443
2022-01-26,-0.01629856790431354,-0.012167551779584243,-0.0016855128184794796,0.0025957772110969464,-0.008770217520960744,0.005855881911646874,-0.007642291933264886,-0.00822929213455673,-0.005239641613935712,-0.004858623365847413
2022-01-27,-0.01298211532059733,0.0181963496488875,0.010831001818109365,-0.00911571304977936,-0.008948817335633663,-0.006912323563123953,0.0067071508509843215,0.008825328914912216,0.0025841510098503773,-0.024538635020034966
2022-01-28,-0.002987752337666492,0.0003495283701751583,-0.004257700046724086,0.012997531234999193,0.006944991626435312,0.04280188147187427,0.011696005269373292,0.011990070393895467,0.020205560533562504,0.021567140883827118
2022-01-31,0.005907056331230696,-0.005183802259763455,0.00440889302447805,0.008742359475179045,0.010377112686295396,0.024816247672144392,0.003824654684141977,0.018803996913499457,0.005731625438152338,0.03774046616787104
2022-02-01,0.0008325368758188378,-0.0033248900845351823,0.03502873679089669,0.013730081425044501,0.013703670130336475,0.0025893581176094026,-0.0009221565178161456,-0.013374131534522044,0.0026635283847145953,0.006037334907325159
2022-02-02,0.00361943388995412,0.003381350391728226,0.003217358663260876,0.006795040088599094,0.006927652289068103,0.008095940271565053,0.011918322199714537,0.014672720068822295,0.013362308331488328,-0.005983358665327063
2022-02-03,-0.0014224174555621005,-0.007836387349289662,-0.009535796150885519,-0.011096853519876736,-0.01607542129923729,-0.02944415103580817,0.0002604061951395069,-0.004480550253065014,-0.004283636023364042,-0.031079216818735395
2022-02-04,0.0015408910869810946,-0.014852222874569115,0.01550411920697971,0.01684933500589989,-0.010829060297355307,0.004018106161087398,-0.012310405964467653,-0.007999357846132702,-0.0036213741318529727,0.02804698951266043
2022-02-07,0.007375317353577323,0.0006472434916134529,0.012691292062071608,0.0029879342916434262,0.0007985335793763322,-0.006663510116694253,0.001843144735944927,-0.0014615940492202649,-0.0017401750281563577,-0.0020629145795696066
2022-02-08,0.0030522079460774463,-0.006708362483672912,-0.021730422823553426,0.0138275212614521,0.009931700522610113,0.012286960438641031,0.003806858334633699,0.000731064056731931,0.00814430518508883,0.013976395351327359
2022-02-09,0.003393414275398407,0.001880123150960341,0.00831308086131656,0.006355356629440007,0.013642982682479701,0.021938264208864623,0.0002619661260246675,0.00437456494794503,0.007706006834905433,0.013149358072243943
2022-02-10,-0.0038037857675304026,-0.016020308373596484,-0.006264979439328919,-0.008810690803960011,-0.016513118323445545,-0.026496993117872042,-0.010799320041817632,-0.02564267574462433,-0.015774535402492747,-0.017391601786189495
2022-02-11,0.018875607865561438,0.01471900154521825,0.028670183903407972,-0.014110802650435928,-0.015380273776918934,-0.03102011401963051,-0.003581728001690389,0.0005970395086177907,-0.013952084035000886,-0.029158680615107638
2022-02-14,0.005336451777182292,-0.012518855637721552,-0.02385856535309929,-0.011282582953559881,-0.003730886862565393,-0.0003228220066811622,-0.002794646962129131,-0.00854006687120108,-0.010263707186888373,0.005690996193083043
2022-02-15,-0.009545260370239185,-0.011418250272854504,-0.010527868160956334,0.013523658723539675,0.014940122526598225,0.025945751643412493,0.001730837535923793,-0.004675493961808451,0.011184590019373246,0.022121184772085477
2022-02-16,0.01023173130733765,0.005909704409599486,0.008052264353026046,0.0007463190047905164,0.0052607914882559625,-0.0010075200554645154,0.0018606695065210858,0.0022651922701235,0.0015329853459807787,0.002851964037292867
2022-02-17,0.013575508168976262,0.007410577260511218,-0.0016051446698867526,-0.025171107957121575,-0.018484836352136765,-0.03037801875325096,0.007672218766589212,0.0006031856891088463,-0.016214161731946366,-0.027124148239679135
2022-02-18,-0.000733724019731723,0.01047208688838514,-0.006153070580291573,-0.0002551215454348588,-0.008304028431378634,-0.010181484366794691,0.001843144735944927,-0.001810584144534071,-0.007500571877272687,-0.006202846989173262
2022-02-22,0.002086858856896338,0.002600975899971186,-0.01629686354693234,-0.005112462219452278,-0.00970727374927076,-0.00929255873384851,-0.007790386403317165,-0.0010577938146984107,-0.002512766272091314,-0.029600529756503215
2022-02-23,0.004497100140272996,-0.013877618743210179,0.010253504841229062,-0.017580623499284766,-0.018550696288931145,-0.02534675642224566,-0.008118620900418604,-0.017076067314476195,-0.005044425002050907,-0.033990252961057885
2022-02-24,-0.006471023453826176,0.000658339020364888,-0.007866524357293797,-0.012070793569800887,0.012680743003519497,0.033589217500278566,-0.017389777866250674,0.007964562569176324,0.004021678698777406,0.022594970670691775
2022-02-25,-0.0033362372759372606,0.0007309362922350325,0.02603269187204094,0.03169943443073288,0.02357872887347511,0.013501859398072464,0.03171931551635698,0.030498826669043064,0.030156278729178136,0.01960175714232047
2022-02-28,0.010311993951243732,0.021682007509077728,0.024381228785341973,-0.014944759504490418,0.007637352605604835,-0.001815625186784219,-0.013394543389510826,0.005165656909312503,-0.007588811981687575,0.0070133082705521365
2022-03-01,0.01800043176575384,0.011495397380131799,0.010009022274793552,-0.0375607186163296,-0.015028951384829299,-0.02019356659572839,-0.0058919767565500545,-0.008723423139023998,-0.00555577016099227,-0.015277184703256756
2022-03-02,-0.010460864384517259,-0.03478020379524439,0.022607078000168816,0.025546995011480594,0.021117209268762604,0.021425676337357303,0.010553766216840817,0.012103755322371556,0.01497554416975249,0.02078509535455569
2022-03-03,0.005935763844875876,0.010133545479575262,0.002738857692943087,-0.003158099405820282,0.0010938450770681398,-0.011999293059417866,0.008073829571519222,0.01745236272795987,0.0050942960728344675,-0.022904649949587526
2022-03-04,0.015803608419049087,0.017116781465242207,0.028448609793049043,-0.01889102057887081,-0.0021889691503133683,-0.01767280745577073,0.00013161713606604845,0.021818977190078023,0.004992894712633506,-0.01601333095293271
2022-03-07,0.014753495270292835,-0.007659114500932788,0.014646400207711126,-0.03721354247692883,-0.02716126136306185,-0.03728074892984427,-0.018356189891023646,0.012894323850463076,-0.017585203026264432,-0.050251086628806646
2022-03-08,0.02699142936842652,-0.01011090693751206,0.015597125914285371,-0.005871623837727225,-0.006160207893786919,-0.004863880362373093,-0.027354324805151795,-0.01557841225797954,-0.020640127749721515,0.0020814721693319617
2022-03-09,-0.03016149526620599,-0.009847209393024633,-0.031041740605931224,0.03607713817158888,0.01796329264097612,0.03880024103360295,0.006737460272438796,-0.00709716728288629,0.018718365981757863,0.03165893635532621
2022-03-10,0.003116366878477797,-0.014471255619461349,0.030138623980534837,-0.00842040820441858,-0.0013157032560433411,-0.017642079629329444,-0.009500793252804552,0.006672836989314368,-0.00038499734193051855,0.007084029121515985
2022-03-11,-0.007052696024243029,0.003340781126256777,-0.008035333362891306,-0.007117490980743509,-0.00803396791138135,-0.017750962742933838,-0.011689312413520038,-0.0034016944335718766,-0.0074945485078225845,-0.01942369022801236
2022-03-14,-0.015188475058141502,-0.023625733693160806,-0.030385505113840375,0.012557841230136587,0.0033639875535151765,-0.018707929690981034,0.0053049691125724345,-0.0011365566949445302,0.0070328345284662854,-0.016815382415115068
2022-03-15,-0.018882610033681094,-0.0017473847261866957,-0.03730719336556699,0.014009119792529081,0.015749760472543235,0.03304313070158756,0.022169645308537052,0.012711974823457203,0.019749810282024143,0.03293946757061501
2022-03-16,0.006241285995487705,0.009760013237692353,-0.004605406352352726,0.02770245121306509,0.013135794917079259,0.031985907217371455,0.0010886550958877925,-0.0018262558646193674,0.01193359801520269,0.033545421859989016
2022-03-17,0.004876733952655098,-0.0074813682503856735,0.03383168267785434,0.012413039178904562,0.012770586667109618,0.007066362235950785,0.006913779645188742,0.004209331126423953,0.015693656932895726,0.016528407847866328
2022-03-18,-0.008828710707897394,0.012138519110091136,-0.0009470404765907411,0.0023102169283266095,0.0037992244616825935,0.02025955069383853,0.002294318315733041,-0.008577496431698082,0.0061510223031042074,0.02083326373127429
2022-03-21,0.00761175501954624,-0.023428524830100904,0.03952001457172816,-0.0009786095673865675,0.0022512277078581603,-0.001901508371442706,0.001285358081201973,0.006659609707029239,-0.0007617867880202074,-0.008410641756210006
2022-03-22,-0.007277189924242526,-0.012894845479851027,-0.007382798717632988,0.016102534762911038,0.005436406657355037,0.01426780083697257,0.0074098080814871126,0.0014111657643971955,0.00021943594538416966,0.024519111787798625
2022-03-23,0.013567209576051467,0.021678232414568198,0.017056474487065154,-0.01868253102517208,-0.009630863124104385,-0.015498150350341031,-0.008086136637442705,0.0014091771814731288,-0.018113084993591266,-0.012486200857569515
2022-03-24,0.00723413751310883,-0.007863354447543167,0.0024684611520695986,0.007976544150928624,0.007595751282988022,0.025656218370117383,0.007011671742647551,0.010227914270356976,0.011866174397792924,0.007760797951097988
2022-03-25,-0.004103860537691329,-0.013970313481341246,0.021694266432879337,0.01273219728302104,0.006189527686660287,-0.0005685618283662133,0.008296637551030779,0.014392659639287365,0.004633942480141784,-0.0017434987445313283
2022-03-28,-0.018371517706821095,0.008513414349077906,-0.02507377101540922,-0.002787423495719542,0.0002891216134394836,0.011812183770487993,0.004122535165387096,0.006437294302657468,0.0072387578016345055,0.026319445345412744
2022-03-29,0.00044668806848975184,0.007524326469440139,-0.002607580418352545,0.002281488746158923,0.009210667729472917,0.021014166592479486,0.008852673946699243,0.009240310229208498,0.0058836391070572515,0.017273562236295815
2022-03-30,0.008006283379257595,0.007771285634539059,0.011551627833280276,-0.007113851561498296,-0.0011469182403110567,-0.013423103575382555,0.0006575854718194783,0.008217372503683346,0.0019536239485778806,-0.015310042881308614
2022-03-31,0.0003875207880489933,0.00242576722270852,-0.013642782628293465,-0.023214899575880094,-0.015512994853182627,-0.014925959004959903,-0.002369155054741371,-0.0010741903907086413,-0.009806035358747014,-0.01937854349335208
2022-04-01,-0.0063862158789015815,0.0037991568785291675,0.008078239795895698,-0.0026129227602915673,-0.0077987907404431095,-0.0029616420561154734,0.009964758798095328,0.013870702870643658,0.007852411410169199,0.001242403410932581
2022-04-04,0.004835061682683925,-0.006973787867540934,0.0012970281912261165,-0.004458031182261869,-0.0012732402338447135,0.01881702207883649,-0.0031359874048877264,-0.007711877854782642,-0.00836390378092594,0.02221005750760606
2022-04-05,-0.006284549046099261,-0.022851648702707273,-0.01580593011496448,-0.0063271583101720584,-0.014310463916832914,-0.021281188917019873,0.0009157580020570436,0.006253766249384548,0.002115811104283684,-0.02372275299062185
2022-04-06,0.0023404756196963713,-0.008126873357454703,0.005907419248448798,-0.006900410029198131,-0.007783895508963355,-0.023944865653606297,0.01260313170047512,0.0197012047911478,0.015117408351150068,-0.025851768203583668
2022-04-07,0.0037777415804509116,-0.0075607841052171346,0.013004169041146572,-0.0010657985733899798,0.0034003609906898178,0.0015540227672081607,0.01206398253714188,-0.0024740072776944662,0.01905621707629664,0.0050916767197437705
2022-04-08,0.006246419748615932,-0.010889838619916983,0.027147596655023497,0.010079568602171463,-0.005606608823295927,-0.01407309165693232,0.004200573988599124,0.0033840136957465614,0.005968847901168458,-0.009261657198504343
2022-04-11,0.004947206140849894,-0.015951645116453153,-0.03051268524026737,-0.004496620558626944,-0.0032180399933413955,-0.025517832783117426,-0.004073237727010027,-0.013737479872490424,-0.02008407548738418,-0.01872792253401985
2022-04-12,0.007647435301758722,-0.001381476405509419,0.016457131473002488,-0.010929046689581166,-0.0016129117645000651,-0.004452383223384689,0.00025505723702824533,0.003813253680578583,-0.009762212308931768,0.002211544031392573
2022-04-13,0.004777109287769837,0.0020309487013588623,0.01480938657699021,0.0,0.009338789746713308,0.015962764652848353,0.005595401863885315,-0.0019703772742780583,0.004892843172028496,0.02456281345288106
2022-04-14,-0.003309019437270788,-0.020249131460280335,0.00326145069061959,-0.011321318698973857,-0.001100142027804787,-0.02458623021318083,-0.000253633894088293,0.0005254436008701121,-0.004820994287957171,-0.014082285927430717
2022-04-18,0.0030924062818564585,-0.004981306662213168,0.0145461999675191,0.005946265061978028,-0.0035081031158339286,0.00326812574706711,-0.008278643893619457,-0.005402546518736541,-0.011097102476511729,0.003022523559100352
2022-04-19,-0.015228268112134,-0.007518833813985679,-0.008179344821586996,0.013649342205455672,0.018011263259945388,0.018586365539006812,0.01510438684730003,0.006453624672513082,0.009508991262111889,0.028591401416610412
2022-04-20,0.0048830061930919995,0.019926138569316364,0.0038501732044637347,0.00688718273684864,0.005409433523984474,-0.000934380166136971,0.01487984576827329,0.008106563777129688,0.013347817414649112,-0.01295496843280214
2022-04-21,-0.0035639435023603356,-0.0074259980931176235,-0.032248613767172266,-0.01596604900386888,-0.01025343859908019,-0.017108316820199535,-0.0008691455530352744,-0.016676854386314315,-0.011110478153999103,-0.009730105412930543
2022-04-22,-0.009769661352400705,-0.006314044729987166,-0.024756829653564048,-0.030226923460352453,-0.024883357556959886,-0.028388345582168777,-0.015775840648030726,-0.016959927609661318,-0.03715568366483216,-0.023495980880813724
2022-04-25,-0.018134432520229594,0.009951551967227624,-0.033630084817681594,0.0016572654962310077,0.0,0.014914583065823567,0.004407236307565172,-0.006892106877069049,0.006710424847595557,0.007197209992710355
2022-04-26,0.0015238553873300224,0.01001627724620906,0.001356368788249522,-0.0254378472233952,-0.022085219521520896,-0.037962303766290666,-0.015574648495870261,-0.010086090107198702,-0.017768729166228524,-0.051920507107455216
2022-04-27,-0.007585723242633687,-0.012908757228925972,0.01453208246655754,-0.0008498126044231808,0.003732224818242855,0.014695869056106446,0.003693749711997806,-0.004805849833867849,-0.002195958902470244,0.00011875412282894776
2022-04-28,0.0053838047894630165,0.0014889070277463883,0.029872453258666137,0.012670946794442781,0.01121598047570473,0.0392506666589333,0.014641225305086197,0.011087583039161675,0.01370285379279953,0.020309945955958673
2022-04-29,-0.00011298334784093811,-0.013058512877450246,-0.02600593831114825,-0.03502165270181418,-0.026859133731813898,-0.042568572223059056,-0.027566345188167703,-0.030405666130732544,-0.026060137246797684,-0.052152445643526085
2022-05-02,-0.01871452290294498,-0.017485484365684464,0.01584167197037166,0.00028987313303708987,0.002099798928877925,0.015088447589258274,-0.01322409186823285,-0.010297224122112291,-0.006236129124865024,0.014506237652351742
2022-05-03,0.0026457593569150124,0.006718921767838666,0.027643144207573366,0.01295187906009286,0.006586311618893184,0.001739987573075476,-0.002875859574552221,0.003820684410116628,0.0031613636945137,-0.002484077896411152
2022-05-04,0.009774616775434711,0.005494673298917145,0.04069464677419192,0.03013875877320812,0.0285557396022132,0.034510565442545715,0.022263765930179803,0.022070995820995087,0.02193036889307041,0.02893721049024761
2022-05-05,-0.0038184194446891804,-0.027780505644949997,-0.015159934987942252,-0.029567187268278988,-0.02647399741565885,-0.04929047720262611,-0.019127146316246752,-0.010276283200574129,-0.019623158504755576,-0.05767518540251049
2022-05-06,0.0016545049194706565,-0.014844968437450251,0.029370343002725903,-0.007170353077027748,-0.006781759098240375,-0.008076870260296144,0.0010432466299738106,0.007925079419026817,-0.0031543179009845958,-0.012753936454933008
2022-05-09,-0.014585347642546313,0.008758912887727163,-0.08635359788547352,-0.02418177758136655,-0.024480764030475437,-0.03946842293076962,-0.00039120073537813086,-0.007506324485229146,-0.026231137138598832,-0.04355253263460157
2022-05-10,-0.00848106565352078,0.009028878786381247,0.009030674218522435,-0.008886426761514096,-0.006565729413992829,0.01512969015219922,-0.0069348198148144,-0.012213467554218618,0.0035533353797787192,-0.0029765345901415557
2022-05-11,0.008133958004822058,0.01908874231121147,0.013331206942061559,-0.009266508395713774,-0.00911280393975208,-0.032071236834660274,-0.004342188053931578,0.007177643737666219,-0.006642949357781869,-0.03649537508279597
2022-05-12,-0.015452706170676834,-0.001866954082413288,0.004233794026889395,-0.007535629539399847,0.0018511314462979322,-0.010365118347653196,-0.00026410607558828103,-0.010148004399676345,0.00963373635184372,0.006846733724459497
2022-05-13,-0.008142627698810948,-0.014891014330647219,0.03361131188718692,0.014419152482059406,0.012646567939003334,0.0326941138580754,0.014925600409300738,0.011829411525062325,0.01055311082096682,0.03861734310776099
2022-05-16,0.009493279652076629,-0.0010353825172054495,0.026026338079545346,-0.008385977464462374,-0.0013973311358486823,-0.008871507680684232,0.0045380976651566264,0.0030751659654155187,0.007360082361416915,-0.021836222789301883
2022-05-17,-0.006299094085683991,-0.012157115454532404,0.011512121168117118,0.026414722314567284,0.022441898368738163,0.02855028747637487,-0.006879795838334392,0.010274797517118945,0.013646229971881434,0.024916913506071402
2022-05-18,0.000531343704844183,0.021093518076767712,-0.02596935781568485,-0.027919622483143943,-0.03794262802418041,-0.04683630008244288,-0.06651183443512679,-0.009716554382661318,-0.026151743270804814,-0.0676193363049251
2022-05-19,0.014590277160260899,0.0023922933383547125,-0.0036777978223320345,-0.006648586259528129,-0.00899824176952294,-0.011027171661196574,-0.017980386937752682,-0.002094463300889187,0.0021862137412698344,0.0006999969432884058
2022-05-20,0.000697767757192036,0.011285979903308608,0.004289487010951649,-0.0018208528264000133,-0.010861205625238544,0.002214871479528336,0.002123912317819383,0.002791724131482234,0.012093121140028109,-0.017578306344829882
2022-05-23,0.004639589893868967,-0.016591019609482928,0.026072716309064544,0.031985921341606535,0.016248022802958135,0.02270711381163171,0.02044026734812393,0.011916140468719165,0.008745451184117499,0.007450431653723676
2022-05-24,0.007493711725538028,0.01954022127901678,0.0038052889898372113,-0.0020615530682579347,-0.0005485168245635993,-0.014954179662324301,0.016220089432829123,0.01977581690245798,0.0029745721288134963,-0.0260686681205708
2022-05-25,-0.006048248796558386,0.003946382808819823,0.020442773784659495,0.007928487854082773,0.005797236673038343,0.011592109511426299,0.00027265219871668175,-0.0006751529539560218,-0.0003045914546345848,0.027834184540164637
2022-05-26,-0.001850609639927292,-0.004535677569338934,0.010987160148501686,0.022843375530250152,0.02008265915510518,0.023739265811676756,0.01057643709808293,0.0028336761734123928,0.004257159281246356,0.04787932306325669
2022-05-27,0.0005208853826908474,0.002438658027222136,0.018123186674952718,0.016726074175019146,0.020316199161411877,0.033277659540288225,0.01153315688234823,0.015510030036043133,0.016475646261995287,0.033730958100347014
2022-05-31,-0.009942270255165302,-0.02138958454571963,-0.015137353668041276,-0.0028153335861088027,-0.008098188419232856,-0.007165609089081906,-0.007091751821105454,-0.013894218738781319,-0.013446122642432437,0.005059946894858055
2022-06-01,0.0063488366174163004,-0.0011435826871232168,0.016153612004427664,-0.01620034731786589,-0.0061434680498294435,-0.002994766450496457,-0.013111355433222617,-0.0016158112972617814,-0.014473172037178716,-0.01047281271011458
2022-06-02,0.012234040087981134,0.0005159162489917938,-0.003164659603019154,0.013659659887383543,0.01894395934952581,0.023920635698187805,0.014453212399507738,0.006714890500681401,0.00787184462049811,0.030143420422898363
2022-06-03,-0.010203900438868029,-0.0021526215235943,0.013157376632111235,-0.014519703761341634,-0.0038646900008413028,-0.024206127148365567,-0.010108898781828747,-0.004830301489897304,-0.011792385519223304,-0.02968572095367571
2022-06-06,-0.004413447852864014,-0.018615327618180334,-0.0011176781720814838,0.002863707032232661,0.004177403350546727,7.115569154956064e-05,0.00040652196172501556,0.004428820215959879,0.00015363163201929207,0.009950406500149396
2022-06-07,0.006497267812168451,0.010742025040830463,0.029425221707363735,0.007691108671604504,0.01335482842550362,0.011857967469692256,0.005267055156646578,0.006007425050167431,0.012932082283562463,-0.002461963849640547
2022-06-08,-0.0009256257836888652,-0.008900091087704468,0.0021694925183937653,-0.01775028687320847,-0.018265189750022826,-0.011358109392903656,-0.012333267785860856,-0.01975973865601106,-0.007938148282506273,-0.005920923094316613
2022-06-09,-0.0031883338247287547,0.0033250370261752537,-0.022354736004556213,-0.025451153232360347,-0.01988660731014286,-0.0270634938246534,-0.015114301780541961,-0.024322825922560385,-0.02286682487520061,-0.018241743892591457
2022-06-10,0.013323135228160962,-0.006221286506147501,-0.017099988389673474,-0.0368177006498901,-0.0299303799661954,-0.03919430723487632,-0.004301110290674118,-0.007680195342221362,-0.016203800970219222,-0.04069178793863415
2022-06-13,-0.02676735882447253,-0.03188212190323449,-0.053604102317804804,-0.030272222246873513,-0.030513930720739126,-0.04533317072386796,-0.02178725843356481,-0.04706742642362486,-0.030749192606083144,-0.04726817725700518
2022-06-14,-0.008035407203286724,-0.012693522040261796,0.0019012165132930884,-0.00859184624330201,-0.002500014456668078,0.006286067870224392,-0.01186494386077136,-0.02559661012427174,-0.009578259364951613,-0.0007988776229272618
2022-06-15,0.012966509676610984,0.01848439777060781,-0.022327339115384322,0.011123391946452038,0.009624672294982763,0.020879971164626338,0.0010060600729703507,0.0064606442229597025,0.010071269209351997,0.02771883802860712
2022-06-16,0.011180446816136464,0.007908221444730633,-0.05797253636969494,-0.025609420841257533,-0.03392476597057924,-0.04155707940601543,-0.007642857998918447,-0.019508912023161594,-0.01481151044401816,-0.05019316448898611
2022-06-17,-0.008256810144045654,0.0032169465728718125,-0.05622051435278232,0.0029140949496747914,-0.0025678183768041065,0.009108942097153757,-0.0036257516099882005,-0.009359491142695141,-0.0005837873075734392,0.010859625700127704
2022-06-21,-0.0037437854344901486,-0.01709704360860154,0.05050857473546871,0.01976052675323102,0.018077915743665962,0.025128701686179238,0.02633470154217835,0.018856372312517123,0.026565139987207005,0.028202247218153995
2022-06-22,0.003977268335422712,0.02712878078149975,-0.040854740653587976,-0.002233252772969636,-0.005549136529180534,-0.004245501966482709,-0.0007131169528024841,0.01046628973818033,0.013771001166986496,-0.0019351737165220044
2022-06-23,-0.006148118298448717,0.00818152510189417,-0.03777153581650496,-0.0038399073120239514,-0.005113956757027048,0.014859200133076728,0.0192176821460371,0.02326729802165577,0.022197452996869007,0.015588158343621688
2022-06-24,-0.0009989609969459391,-0.013939298560304713,0.013075597386982564,0.03620720640552805,0.03435982059510163,0.035310671517141505,0.01940481999534064,0.017246788424865406,0.016466015499887552,0.037428885700524675
2022-06-27,-0.0011176944418580068,-0.008565476580209052,0.028911573453248123,-0.0034071035531473928,-0.002366916150977654,-0.006767045160303591,-0.002749036911703752,0.00808204135145366,0.0037083111932556968,-0.010531985683185353
2022-06-28,-0.0016493806069405818,0.004648612733610547,0.02664687732701806,-0.009978320185934888,-0.011692329650350707,-0.030408619347552283,-0.013441753174588589,-0.0037443516018515616,-0.0175809621264739,-0.040764643862432524
2022-06-29,-0.0007666517068580592,0.015487612725828858,-0.03536976150093069,-0.005656819519368967,-0.0058399614667711975,0.002020150663232902,0.006258243028203243,0.00072108142516434,0.008673427489766105,-0.0007881088562635631
2022-06-30,-0.006095587698335223,0.008743757129063733,-0.021306747607144957,-0.008863526595774813,0.0030959922058647837,-0.013439744407356104,0.0006931305850435051,0.011040393532866422,-0.0022587838066405437,-0.0148011621840576
2022-07-01,-0.0008313996785857856,0.010214227307908186,0.01485202404855914,0.013579879300838515,0.008663868021137885,0.002278778975764653,0.014305245652241304,0.024229952335199,0.011166318443348287,0.01823538800999792
2022-07-05,-0.021437799680384485,0.007826145500460497,-0.040489189623939895,-0.003456349699400136,-0.01509630035380979,0.012479351647296341,-0.006439576849722738,-0.034693694678130584,-0.005800295328002881,0.02210932647237582
2022-07-06,-0.01596901758740465,-0.01693341680201197,-0.01722058106250132,-0.0025214029595696705,0.005745354604954303,0.008567330650014726,0.0028825780247434683,0.01032130929354062,0.006725416022687339,-0.0032890755912084115
2022-07-07,0.0005548992912700342,-0.008839097562067398,0.0354185468392472,0.014411230997497502,0.011731822732340011,0.020462633618022027,0.0009589388155965949,-0.0009988205573211561,0.004228177003559734,0.02546702822431228
2022-07-08,0.00043143823725389326,-0.011137879213948227,-0.0004227739945158882,-0.0021795807832666026,-0.004539794035246037,0.00045171727473598014,-0.0017817180519429272,-0.00328902092445124,0.0029875599510391006,0.00013632667683269618
2022-07-11,-0.0053749265251639535,0.01709762457384003,-0.009630516322034701,-0.00813780857586848,-0.0067338935547808796,-0.013868873117910702,-0.0013728048856342496,0.006282555497923322,-0.0025271768425344596,-0.02777840545698967
2022-07-12,-0.0037236489059839332,0.005924360101018876,-0.01968889510748223,-0.006305095291794874,-0.003096980926825113,-0.013754025626655023,-0.002888690750169044,-0.004851129269343056,-0.012811067519421971,-0.006059471088811431
2022-07-13,0.004776265963686179,0.011400946075540144,-0.0015977815286300431,-0.008894627466218035,-0.012251729405879767,-0.0026339718235729535,0.0006883915147734931,-0.00415637026202951,-0.00975611437350593,0.008164592884137975
2022-07-14,-0.014146649261641277,-0.008192123920936774,-0.019078855560444433,-0.019330599076319784,-0.005714586131207547,0.009111792447775232,0.0008256071654748012,0.0,-0.0029061992764540974,-0.0008415170083156605
2022-07-15,-0.0020104758163567997,0.005612271835025398,0.016167327833597103,0.033272491911854746,0.01555084194366213,0.01745032553356113,0.0032960916579829053,0.0018654469875362212,0.0238615173658402,0.01600695614957045
2022-07-18,0.000942949789432323,-0.010472960908919249,0.02263165999818532,-0.003783139099942913,-0.006005864717546441,-0.009716183324210724,-0.0097818787830127,-0.014002482779942897,-0.021347554513133075,0.002895563146044824
2022-07-19,0.002384623832616704,-0.005408936750783417,0.030322234431030985,0.02956504004014774,0.03505939091109297,0.03005477975543622,0.01046696815456531,0.006375954159925446,0.016882949952955452,0.03017487727256727
2022-07-20,-0.009446509339211243,0.0026210206862213817,0.00963275614802305,0.0036730676503716722,0.007688355234342726,0.015497419403017711,-0.006735433359376916,-0.013378397113705465,-0.009924104883163582,0.01629847801088389
2022-07-21,0.01401179660226555,0.01712835364180115,-0.017684674849426946,0.006395628761191757,0.007189114247957025,0.013967952970042573,0.003029573883146236,0.0026316422366692484,0.01569373698681363,0.022611229349436025
2022-07-22,0.0024926409954947677,0.016671120063446083,-0.00825843707975342,-0.005784770704839962,-0.003201102906336658,-0.01389531503414503,0.00657874260425596,0.013631413653534666,-0.0041506242325871755,-0.005798695982912706
2022-07-25,-0.0027423043036363935,-0.009833035613939906,0.036026330391244886,0.0063917973344443865,0.004742910517915119,-0.006360272938664839,0.004906181914620921,0.012452763074984292,0.005223859622884496,-0.008631828755988023
2022-07-26,-0.001186514317386386,0.000766552383234353,-0.009125086084871408,-0.014054631360635589,-0.00540653524537083,-0.01634137907713077,-0.0023136875783255468,0.0059569393576337235,0.005120422046222942,-0.03272897221054247
2022-07-27,0.010133467249785824,-0.00563376186107339,0.022323944593978996,0.01526733360724636,0.015369917668876203,0.04211561335853361,0.00678961173561814,0.0008478344455046099,0.006231784970735022,0.037151570065865065
2022-07-28,0.01211168004371747,0.007929297304167507,0.005603690248514422,0.007246409633970064,0.02070159332998203,0.01510950202692807,0.015843551282562145,0.03525683873830084,0.0063432707265673426,0.01705032959496146
2022-07-29,0.0028071459585694595,-0.0027215098962769845,0.04245982476388918,0.014040659498169156,0.02038616079591674,0.015231078596000173,-0.007755792022997347,0.008555704722745843,-0.003317897954787981,0.03805463175253958
2022-08-01,0.005651232868696488,0.02379786279219073,-0.02087417898342013,-0.008340859695505824,0.0010449583616263273,-0.0021516822200492464,0.012407011153052957,0.0010814450948155685,-0.007429146181823614,0.004962145825390865
2022-08-02,-0.005955990148902209,-0.02138640327122789,-0.0023468961095054817,-0.01112941660250333,-0.01060525501828884,-0.007113180597105119,-0.007986845989329548,-0.0020285107258870725,-0.0035826924722409284,-0.006867936838027668
2022-08-03,0.002435276067987767,0.01562200900840431,-0.02913333356243406,0.015010590513461186,0.00935122463879474,0.02624645997854887,0.006527600811870086,0.00620702025029682,0.009122007478348147,0.024074080885224013
2022-08-04,0.016404693683584038,-0.0003352319458188331,-0.037791759019138615,-0.0032829204037996816,0.0036536443055448066,0.004557290240623263,-0.0066611629104137305,0.0021498194826442612,-0.004930884251471791,0.004076360946328201
2022-08-05,-0.011309781450742627,-0.024091183078613233,0.019621990026650295,0.007149089023213213,0.001561770316708609,-0.0023099986075752026,-0.002275209848862133,-0.0036303403055324745,-0.00038011777687931556,-0.01719683570457322
2022-08-08,0.008434348290836127,0.016012464302157504,0.005186089768479824,-0.0005939905254601128,-0.0003123105022936428,-0.008538842263850085,-0.0005358705685556264,0.0014805208228882293,0.0023552422187884023,0.004493774930392413
2022-08-09,0.003054867797077557,-0.003894288843290013,0.017408254562684092,0.005036566008596212,-0.003649073740465577,-0.010066076407818259,-0.0014755226477618892,0.01110324243287713,-0.00304033759203537,-0.016062783959059822
2022-08-10,-0.0025151110588634198,-0.006552861153370678,0.007198282116607638,0.022210117915867293,0.02169733932726783,0.026936483510825567,0.0073561622117217385,0.00438057085945937,0.010827238242725374,0.027808122666836844
2022-08-11,-0.002641706914863643,-0.023585606207932017,0.03382168179205799,0.011779900654093216,0.005300832335145107,-0.003920525504557127,-0.002401814327796388,-0.00013264152096633953,-0.006497314160018627,-0.00510268933205745
2022-08-12,0.009155976822720392,0.010089871546424883,0.007547415162950938,0.01558771425859469,0.014934610052002783,0.019714097015128888,0.00864559814401797,0.016162467158607214,0.012728434927250698,0.022377948022968667
2022-08-15,-0.012950528089989187,-0.0008658706459828086,-0.019690562621654,-0.000281275904608954,0.0024010780982581365,0.006287700315580736,0.009883550231582817,0.008307316368322791,0.005001663293861342,0.006862093273840085
2022-08-16,-0.0017516299628300418,0.004149053104025833,-0.0023421685346696522,0.0072872420764549875,0.004486088758003412,-0.002708951811395455,0.011213985211880445,0.0028397478876290203,-0.002684443996521009,0.010987053577347203
2022-08-17,-0.006489345947105167,-0.010492339002832883,0.008302805998928546,-0.005039246980778162,-0.007989506196574113,-0.007170664237458851,-0.0028569165750120967,-0.0016770880898119376,-0.0058410032577368995,-0.010811573730480833
2022-08-18,-0.0026198444873023344,0.0014807373519932574,0.02651888607513186,0.0011218771071546975,0.004002732103223762,0.0051841213656153694,0.0033755000535940524,0.0037373259230996537,-0.004440786104860036,-0.0002920228498691689
2022-08-19,-0.007347552958114958,-0.016233400723637673,-0.00025190389114974904,-0.02010537129135,-0.01296693068865781,-0.01833052913953658,-0.003245238723744228,-0.0005146066368425484,0.0027120886105952403,-0.02085193782576999
2022-08-22,-0.00665930336783302,-0.003367341505869264,-0.001889224831730999,-0.022271400531489568,-0.019203786624875586,-0.02828127353901453,-0.010193518802500951,-0.013736202376859815,-0.013177106720496174,-0.028148825895737747
2022-08-23,0.006966551217581505,-0.005518298025958369,0.035425800210083264,-0.004103186457001069,0.0018546172178956458,-0.0026424322594367474,-0.004344162776525144,-0.006019957508472795,-0.014048550776412358,0.0028202884142865883
2022-08-24,0.002944580504679446,-0.007345606500912697,0.012216597963606645,0.005272524661370168,0.00328873891886153,0.0006262262002269535,0.002503680607567148,0.0031453294951454625,0.0012363234021342967,0.004276201144886107
2022-08-25,0.0030581063588208724,0.013839739116342571,0.007664740978700045,0.015364840876446106,0.015172772060314603,0.016769930129767855,0.004595256245812405,0.006131352635695927,0.010981301994909055,0.011877424653323008
2022-08-26,-0.012227153201929956,0.00750972772511099,-0.011760305988597513,-0.030376168166424904,-0.035278970693147074,-0.043643032964202355,-0.025069484342810953,-0.015465581100794787,-0.02827144177188026,-0.0388155912661008
2022-08-29,0.0006180465249853886,-0.008307881352300128,0.014976342314311795,-0.007143009303228847,-0.0045118271314267995,-0.013313882829466593,-0.0016128090523253467,0.003033307329013583,-0.007016449097712273,-0.005337724693257529
2022-08-30,-0.008375556136480044,0.0024818737910041193,-0.034479880458404374,-0.005390956409061156,-0.01451223456803156,-0.010487357754164458,-0.010413471522318798,-0.014724539405576505,-0.0066677944183131605,-0.011206530479169577
2022-08-31,-0.0077553096129762645,-0.009607050063574768,-0.009150459473471076,-0.007535671010839002,-0.008465051441787256,-0.009784711169379649,-0.006136093988601466,-0.0065700434505253,-0.006391818284809424,-0.009917836044752248
2022-09-01,-0.00882902347465035,-0.018477897729954642,-0.02490385987207503,0.0030211966803171003,0.001397822401173027,-0.0048914688354359855,0.005592353730308476,0.014291106747799178,0.0162978638039918,0.009089832119239867
2022-09-02,0.00876617372318804,0.005641199844268233,0.018173133587013612,-0.007874288896947215,-0.009718351148902677,-0.013086888433730598,-0.013143906437785126,-0.010799663715724562,-0.014456138991624793,-0.009218449828210793
2022-09-06,-0.005856578259356107,-0.025080612853518612,-0.009297841904987341,-0.0024351278400109636,0.0016263711537569316,-0.00664605581374701,-0.005666437457753983,0.0025438620754178903,0.0009598174026696772,-0.002060136313635867
2022-09-07,0.010117286090114818,0.01569153770899205,-0.011680927708848645,0.01961719088180337,0.015905940417034428,0.015862197133293995,0.017857340212497224,0.030807993792597906,0.016174056199353554,0.030214910970869466
2022-09-08,-0.006020378897494643,-0.010310131131764285,0.004332741895112466,0.01747946852657537,0.002980760057586397,0.003424836979205554,-0.0025899141229123825,-0.0007781727818607289,0.017231775167521408,0.009273322953729677
2022-09-09,0.005269846503477033,0.002217982971705057,0.024618092920846626,0.009063102685456275,0.01288563796717476,0.019578159599136353,0.009780203248449634,0.0040142411943730584,0.008773820801045084,0.018779371047275825
2022-09-12,0.005055386193321507,-0.00825090053373017,0.01819586775081041,0.00811613417547232,0.005963946128705089,0.01590740552127459,0.003912091178800985,0.009517666594434142,0.006644588029025158,0.012806877426935892
2022-09-13,-0.013096728906648173,0.0023245737976087654,-0.025542553738077126,-0.037951637065201854,-0.038386445516557954,-0.05454545580667754,-0.03396213959166808,-0.026986813826866372,-0.0335944670601412,-0.05293740195351963
2022-09-14,-0.003855034555311845,0.0034306985844250893,0.02785464855249599,-0.00300280713753263,-0.00195311079414098,0.0036299020394598867,-0.0004177747960934915,0.008121085972777446,0.0005509028903432409,0.012765249156886652
2022-09-15,-0.018855801737618274,-0.0006479478335966709,-0.026106487708422322,0.003302635223700414,-0.010481657461793789,-0.023291500420857647,-0.00839615104604363,-0.02523113978752335,0.005570709061098219,-0.005136806051068479
2022-09-16,0.005533767627080334,-0.00837093178412137,-0.021566115132114906,-0.009033133344842266,-0.021074367144474086,-0.0055781621151957134,0.0023861068950632477,-0.003752748731725783,-0.0028207378443238233,-0.008071702052966584
2022-09-19,0.0007697907679810017,0.0023321638325706226,0.0005926989555544827,0.01127782658883186,0.013481000392848488,0.00812137063514103,0.00662384037052923,0.013308390912862237,-0.005402635317860387,0.014049750735680528
2022-09-20,-0.005722932055293624,-0.010019984608357664,-0.006979508890938755,-0.014841940340349259,-0.012524061566894217,-0.005888718865596447,-0.005481567371421012,-0.014647873479100976,-0.011791242914675855,-0.017099921474352242
2022-09-21,0.004632228320962459,0.016613916863422295,-0.01476454956121678,-0.020968998579075745,-0.013366908935714369,-0.015743412635453792,-0.0038127013234160244,-0.013766850381901707,-0.016728286358136883,-0.023959152571694654
2022-09-22,-0.0005778441890031698,-0.025880401142192914,-0.00356038031776554,-0.016970960617213954,-0.01516730793584568,-0.01023615156460982,-0.0014158175827822784,-0.003574980001860159,0.005283149683511631,-0.02334585445565057
2022-09-23,-0.017427816406674814,0.004076599665598619,-0.0714493949956708,-0.01597487102191641,-0.018934901782771348,-0.013166519787352617,-0.01714833651961524,-0.011637819902773969,-0.005120164210927211,-0.02328923399197215
2022-09-26,-0.01170141432179742,-0.019295907032192354,-0.024852259002452706,-0.01590657119908681,-0.010556892697216852,-0.006974382869099064,0.0007204637570346871,-0.02440318457597112,-0.009578879905348699,-0.0022563037005267623
2022-09-27,0.0020477436877313054,-0.02668361207525887,0.011137785322382687,-0.004263056861554758,-0.003344497746222218,0.001301199159146846,-0.017434741507406714,-0.016993548162132575,-0.0030483800445216466,0.0031439010548219917
2022-09-28,0.020573557832177892,0.032933643300292,0.04335047755719464,0.01952535970783615,0.021776361653030825,0.010510282813875792,0.011946469624730524,0.010690478379291676,0.02163083781988776,0.026662711682114384
2022-09-29,-0.0001939471718055397,-0.0051894896330822605,0.0,-0.012648172384823301,-0.017478398836469813,-0.02640309246945422,-0.016647520322853118,-0.040917808710923584,-0.008433337818676768,-0.0351601471218248
2022-09-30,6.462035224685361e-05,-0.01299510958347051,-0.008021108217674964,-0.009180244701317022,-0.013191044635643545,-0.019343609310201355,-0.017528491871954086,-0.019500153943707046,-0.013857757024928722,-0.01987817133830724
2022-10-03,0.024019005945363412,0.015764559157530573,0.05497301042779782,0.026650991729641034,0.029732223424612552,0.03051150255755919,0.017086550282059267,0.028887157490411524,0.020351207715292124,0.0009823651798139639
2022-10-04,0.014226444596111972,-0.002796423805969276,0.04207774881516595,0.03652781054724898,0.03420997621552385,0.03301109899909803,0.015060134694089601,0.02098558296357438,0.02295464501144438,0.03432939133391103
2022-10-05,-0.005553659432976476,-0.009607778128099705,0.0204545713021034,-0.007760285198813948,-0.00545011381439702,0.0033127872782606808,-0.005821659444016923,-0.02246969078631492,0.003315385838009717,-0.005913282077627291
2022-10-06,-0.0011269264553861384,-0.005573507305180959,0.017621644405631548,-0.01412255069818541,-0.011566118838732653,-0.00822332096072699,-0.014704049927071012,-0.033527653625798674,-0.012849149000077876,-0.007114440651690676
2022-10-07,-0.011023386142689101,-0.009755555781073589,-0.007793356391860146,-0.02398961194065897,-0.01930492597515067,-0.041997294861003565,-0.015073840502767638,-0.02095213388189877,-0.02138118973564761,-0.03500080278325834
2022-10-10,-0.015318203217156916,-0.015668373100574357,-0.02075161954764344,-0.004542341274140619,0.0035161652517231175,-0.016951494705082174,0.0036023209229346788,0.0017236786949608764,-0.006299462058436416,-0.006204785934601746
2022-10-11,-0.002060212330939929,0.004416256541856647,-0.008020254509726855,-0.012764013165090973,-0.00023380693946032212,-0.015446318847249526,0.00820734865722139,-0.003607480484917504,0.00532040452191893,-0.008188858667955642
2022-10-12,0.005335071671709423,0.0048949553833746865,0.008020254509726822,-0.0023082400227556394,-0.007872646975148593,-0.003083807331341202,0.0053357860738191785,-0.0338798494610367,-0.00491004942500773,0.0025932011159276857
2022-10-13,-0.006947611087114204,-0.009612652972590051,0.04000259197119462,0.04043875515680737,0.02181996553632933,0.03058436772301977,0.016420214067127598,0.0247242969970618,0.02303044891362763,0.010876043359296279
2022-10-14,-0.012537160793022467,-0.008284544877889696,-0.038007859803758884,-0.01694684703568038,-0.02217412163397325,-0.028527350510296857,-0.018195647901587637,-0.014535671501464528,-0.006756860457593531,-0.03807715092270079
2022-10-17,0.0028720806307473926,-0.004881528476742195,0.012379604300986743,0.024842116686557326,0.021596443952752287,0.030024030095531944,0.010752183404863036,0.02070113286073139,0.015933813249396474,0.039783541611210956
2022-10-18,0.002148660090392182,0.0023420394208416282,0.00869711294111533,0.015915449272698372,0.0238504001452686,0.008438958833125957,0.012954080855451279,0.018117010951550883,0.005544933032110285,0.01368827830194113
2022-10-19,-0.013488925988338462,-0.0183737969727619,0.029088868228286657,-0.016544715698026572,-0.00712946178846148,-0.002887657407303496,-0.004638481633286395,-0.013086200294392631,-0.014080642091070406,-0.011275632817557153
2022-10-20,-0.0015834633753089122,-0.01724062068166645,0.0009471219145581641,-0.016183180835282154,-0.019843622409867246,0.0005781084466095432,-0.014045581955324831,-0.025571166117474994,-0.008528514573215637,-0.019537973527758826
2022-10-21,0.01767059741452654,-0.01818752011464014,0.028470186928758683,0.029316461106746572,0.0270859048392705,0.026403092469454256,0.01520732738263744,0.018331501190583122,0.022214263215228673,0.028708838431262648
2022-10-24,-0.0032488658845126403,-0.008298705098097254,0.0047051995285535666,0.013269857114200553,0.013216912912978655,0.01373823304614082,0.017834188057202095,0.008336602053263985,0.01909862504804234,0.004134943557734431
2022-10-25,0.002275353560635257,0.028696914769066155,0.0010298968743451444,0.011884799276388348,0.013374206966298473,0.01893760554100358,0.013029550728825112,0.01985181301184898,0.0075696422100844695,0.024728431318894056
2022-10-26,0.006343446354353355,0.014304596509677216,0.013519122681340659,0.00242058978383224,0.0035070485183652314,-0.02251355222359936,0.006591585278983207,-0.0004608032879459318,0.011019212371512148,-0.008083389917308195
2022-10-27,-0.0015497241473593686,0.010416038190683237,0.0036044921791787326,0.008126349644171513,0.01163879860584952,-0.011449809364128968,0.0008380290782816466,0.007957181054224861,-0.00526489914688746,-0.0038593305874043103
2022-10-28,-0.01026317410117862,-0.006897278116546884,0.0034791689030584183,0.024575795724843214,0.022984593974733646,0.04256617089711964,0.021690922812499874,0.02706527985517612,0.016314933438456504,0.0008974459214979244
2022-10-31,-0.008194886192774814,-0.007153712544927246,0.008368372349825374,-0.0061611517789596755,-0.00285763660981186,-0.013284225679942651,-0.005894380626781274,-0.00938973737804288,-0.0008284691659390851,-0.006436351534176953
2022-11-01,0.010151726172797497,0.00930243680054227,0.009620390708245679,0.0026451600917759195,-0.000954192315034419,-0.008402997211528212,-0.0031669538562422717,0.0038857510419849357,0.0006027460194395949,-0.010188425860578249
2022-11-02,-0.006996970202892216,-0.00434996420932613,-0.024395591460737963,-0.012701197529154298,-0.017767814297166593,-0.035153481334053285,-0.01752968705124197,-0.00974299578993165,-0.017160880308059782,-0.03853921441809558
2022-11-03,-0.003813297433937162,-0.005411394777668216,0.018324522270259932,-0.0101587366044281,0.010420528455381398,-0.029847905327759883,-0.003374032737453988,0.004358553340049091,-0.004221219430928128,-0.005995277498295959
2022-11-04,0.0302345832528433,-0.016943600854712287,0.012105408869980109,0.018152811209937874,0.015903770154406395,0.01809817050536652,0.01175975934297807,0.006129981637680176,0.0060577714418779665,0.008325095821539959
2022-11-07,-0.003970260739379374,-0.010026593768061552,0.017027612996007763,0.009976308141328851,0.010671595943598547,0.016557785736399256,0.008868008128249494,-0.01926317905117114,0.01064553420350899,-0.007006378567744134
2022-11-08,0.022836328940686813,0.010875463500195724,0.0009675359337026636,0.005822818809067851,0.008703933094330157,0.00954698542651237,0.002892671180920558,0.006965599473632236,0.004979726685663531,-0.0024930905716956334
2022-11-09,-0.005029894759161607,0.003281837743386305,-0.05011797298614319,-0.016979721574165284,-0.014025579980854557,-0.02635275321991103,-0.010925681721124056,-0.007877684507775009,-0.010820790526805436,-0.031019496525243405
2022-11-10,0.029990153003992607,0.037752418212943104,0.022008196550742497,0.04925415037580981,0.04109808768817778,0.07897375875411004,0.023229454753575605,0.04607060782677004,0.025093260412445178,0.07053680056629967
2022-11-11,0.00658459794711783,-0.0036709763234341938,0.02864658480715368,0.008117457308340435,-0.0006024981053024685,0.01696740370668715,-0.0010873338985010227,-0.01124675761724328,-0.012317671068811127,0.023712654626654183
2022-11-14,0.0021852662272774694,-0.0024550057025652223,-0.00032214268229640685,-0.014320108586817046,-0.0061477191020006695,-0.008599296575777885,-0.007920250578347691,-0.01196928845900087,0.0009009789703147018,-0.015979312238252347
2022-11-15,0.0035106980811025834,0.016051129714143204,0.010471419971550293,0.0022600154000102426,0.00685059827558238,0.012048348460104854,0.008328466839055672,0.010940578551518088,-0.0012763481484825015,0.013564095400875767
2022-11-16,-0.0022987420952167376,0.021632490519995374,-0.020619427924889067,-0.004808093321401806,-0.007254944119845423,-0.013792112732135521,0.004882353973731564,0.008929110053902628,-0.00045105453064751887,-0.015386556332709118
2022-11-17,-0.007293959961673216,-0.010608600225563081,0.002167738547113093,-0.005401577267583937,-0.0017207854545707917,0.001289239707154871,-0.00027072451282169805,-0.01764224322403202,-0.00045131887824249054,-0.01221183319008509
2022-11-18,-0.006917507382313755,-0.00690063929468093,-0.007935183433361425,0.00823256538301995,0.007368179218964819,0.0011362206258707598,0.010635024873269117,0.02098860069485536,0.012036221016383492,0.001348442792202622
2022-11-21,-0.0056056352070885974,0.004205931314682334,-0.0136251755054732,0.0031051433507059876,0.0032129240819817524,-0.010808712882210575,0.009461955279668349,0.004492299508435482,0.0004456202121630603,-0.014575072184477508
2022-11-22,0.0011730356909015207,0.014092094178066842,0.03082876112911743,0.010095600955385465,0.00768861756384943,0.019177094917975795,0.007269188727301482,0.008494786976293862,0.00865308468118922,0.01123591834396997
2022-11-23,0.006212503317279542,0.017291611926895677,-0.010893602423622847,0.004176303922504672,0.003773236983267194,0.008819895327322256,0.003417814215519203,0.011120590094418717,0.003968507214102765,0.014342893954362463
2022-11-25,0.000858102340972588,-0.0033957754606676735,-0.0036941248875224687,0.003328844489342886,0.0038573521937015605,-0.005821624963977705,0.0006560574066249917,0.005796633875020771,0.005923622490551067,0.0005613122345400063
2022-11-28,-0.007934893665371402,0.002814387867644788,-0.027813286777556102,-0.0173185677534805,-0.01833099506475328,-0.021639415355969638,-0.003810674972686806,-0.010343561161827901,-0.007538428682262024,-0.006189169029333492
2022-11-29,0.004928261563008794,-0.011795220338073313,0.014995895900635176,0.005899555020518251,0.006114442568275098,-0.009838683022896854,-0.0038249196308746845,-0.007434204312276888,-0.002501237054822379,-0.0031795186433517145
2022-11-30,0.012700921015012894,0.00732750582935525,0.004949292075470631,0.016942282393143084,0.01635389907744579,0.0489887721197472,0.01988806018588299,0.024661182950005436,0.023582325947518634,0.03388496321978694
2022-12-01,0.01821784239630758,0.0314460998918944,-0.0032967733259277906,-0.005800157050704915,0.00029472950671291835,0.0013965152688459506,-0.00454464921204543,-0.0008403528786797642,0.0028727980832498052,-0.0001369812235103204
2022-12-02,-0.0034616677176241193,0.012496901648164187,-0.0059617203801325186,-0.004720431346866773,0.005684426177144294,-0.005819289108105541,0.004544649212045449,-0.004775524622598328,0.002578885723889431,-0.0013009114189709327
2022-12-05,-0.01730780530272015,-0.01410589362997181,-0.030124535918746396,-0.025082162546191382,-0.016851904625526402,-0.016762065887638882,-0.012646334161470563,-0.0056471127411755395,-0.009632685320097657,-0.02926755193395412
2022-12-06,0.0027336344458788004,0.012797730336034482,-0.02671470708126457,-0.008886536260282312,-0.011897271035891473,-0.021643608942899527,-0.006185270050670042,0.006210307080459558,-0.007613612435650565,-0.015713675146686597
2022-12-07,0.008998493556537802,0.023289120460914924,-0.002346613354992345,-0.004039208281852517,-0.00130813631857001,-0.005079485948685343,0.004215579229111695,-0.0046540958183050075,0.008191358734464372,-0.006037920141694726
2022-12-08,0.0008413425277820795,-0.0027442312307278433,-0.004474472217042805,0.0008669024542910561,0.005923872647214857,0.01622567142539936,0.005375191024845736,0.006481603964728408,0.0089833319817145,0.009614679599775374
2022-12-09,0.0035378943750204003,-0.026358430777414562,-0.02460989470428803,-0.0026029651851740376,-0.008242911722760062,-0.006168435938653552,-0.007744239680354049,-0.005210002806101884,-0.012889378388373762,-0.0043653640837711125
2022-12-12,-0.008294841833501867,0.0031922342613156444,0.02590721819734021,0.013233695009422083,0.017013953667239866,0.02161173408824435,0.010486423998603391,0.022613942524631576,0.01059709678317131,0.0025068568055396823
2022-12-13,0.016936889733695327,0.009609640324024045,0.01879691779541085,0.002569135446219231,0.0037638686837945484,0.011742273769280864,-0.0014356267414238838,0.0030317631157239337,0.0030792147858103407,0.0
2022-12-14,-0.0024359858905979824,0.004262177798871481,-0.006149042855403524,-0.012622152716605219,-0.0018801635045090528,-0.008458406183295712,-0.0006529011927136331,-0.001239033618850099,0.0015716647625915838,-0.007467969878535556
2022-12-15,-0.016494600382901816,0.0038939348136194994,-0.006069543613336595,-0.019826070713580606,-0.024464803884475934,-0.03812153401145292,-0.017132594775348738,-0.012198739445417025,-0.018514494880156156,-0.01657008968223953
2022-12-16,0.008671019495160068,-0.011233326382772897,-0.012370034364859834,-0.007685328860647312,-0.004272181994920671,-0.013324533870677847,-0.004930658166402456,-0.017161849363699733,-0.014649443176968912,-0.01886373695045022
2022-12-19,-0.0028218082489996433,-0.016948029755245213,-0.00011961802263881124,-0.0026908659371922285,-0.005278395577108721,-0.013424369721813751,-0.0006319593047184111,-0.00398464236630269,-0.003740762060392961,-0.016184505565670446
2022-12-20,0.016458298941440037,-0.017916730678052547,0.014978761253711094,0.004182721967306388,0.001234825801361751,0.0015138059604727647,-0.0008083031033212406,0.00028738657735903123,-0.00022324317208440912,-0.011712320582772287
2022-12-21,-0.0016573862871153066,0.0025101436120357565,0.018818896073411674,0.01538514641560558,0.01864443480982405,0.01642361367227404,0.009920591376529534,0.013830754206843952,0.013079894395616604,0.01581333924283001
2022-12-22,-0.012158980168932585,-0.00019266974356735712,-0.02331276927736939,-0.008847280345866532,-0.012799848053839546,-0.025540639258399122,-0.0022703550897974307,-0.006107653882934348,-0.001395999741661407,-0.02602945779415687
2022-12-23,0.002993835039254722,-0.014768865231656093,0.03138561340386857,0.00561215742016798,0.005912328849001474,0.0010438068829509044,0.00520120838009305,0.010205630047698524,0.0005880954110172108,0.00682230887111228
2022-12-27,0.008394677302769623,-0.019970921682366468,0.010625666457928678,-0.00029444927766841627,0.003044663589327079,-0.00951537092123997,0.0047769595390879434,0.006185937187237061,-0.002574837101143805,-0.016357982651481546
2022-12-28,-0.004515989032750605,-0.005908959213737691,-0.022643390412975275,-0.003541955246631128,-0.013157513121622525,-0.016255312622058968,-0.012521712149468732,-0.009576472824211582,-0.006503618895163457,-0.00843900174339112
2022-12-29,0.005582639597805041,0.011286821750336904,0.010408692867909316,0.013801720532278197,0.012245005747119907,0.025850936088893505,0.004280213913403953,0.007190775842661924,0.010840315605940821,0.025414699848677863
2022-12-30,0.004667758029330661,-0.011186573532679064,0.006307541800196045,-0.0026283564800355782,-0.003963332342647434,-0.0013651072217499471,-0.00495058560773259,-0.009599038537846908,-0.0036004368784829295,-0.002706040122649886
2023-01-03,0.008335816871946341,0.018903997025609,-0.035728551187490847,0.003502786052599635,0.0021358971775195315,-0.00952778977641177,-0.0037630810816958182,0.0,-0.0028749475459820956,-0.005979275757719548
2023-01-04,0.009367889939565922,0.0136073727660352,-0.00011864455957100215,0.01589843886666126,0.008801035322152847,0.0025928663241814908,0.0038970798120882143,0.009037016251603478,0.0026540909403544696,0.01438300360658629
2023-01-05,-0.01252963086748756,0.004171936642106596,0.018084365330897762,-0.007484110785233578,-0.010834972003158893,-0.019611799908120932,-0.01010998329503673,-0.021885297291854688,-0.010286821940333708,-0.009333260343125194
2023-01-06,0.01853466381119925,0.018229435230720722,0.018790912191279055,0.02200412486847146,0.02701930876944637,0.02887442169377422,0.02634037032391268,0.019915431431847118,0.009181925347618759,0.023209769542702683
2023-01-09,0.0022426010679794787,0.005310108332185443,-0.0035461704256948695,-0.0036813988719539567,-0.0044696241682158884,0.01155796791950494,-0.009813043374921698,0.006737665304152791,-0.01687342366819441,0.006039174478469151
2023-01-10,0.003669304474491391,-0.016688770062621944,0.007080680555518729,0.005657785705350272,0.005459920064313763,0.006162659669742685,-0.0013338784707596614,0.0002797729261459286,0.008360589407034467,0.012490218386199582
2023-01-11,-0.0006870298860052756,0.01612097867883921,0.0030678471903591523,0.009265785289719244,0.00955720300183697,0.017179826865736922,0.0005338758553090773,0.008079435457816664,0.005633948186292034,0.026623295578696304
2023-01-12,0.011501603213231942,0.019490992076454883,0.01888140595238852,0.0019544261950337027,0.0058662840243645,0.007405238932471658,-0.007899889609954365,-0.0068214250148004646,-0.003183601370308324,0.0016633346160742069
2023-01-13,0.011930333702592914,-0.009417249764521358,0.0014460934221265476,0.007503160384489546,-0.0011705851604948258,0.0028394564451718683,0.004693908890659989,-0.003638342766470583,0.004439467701459761,0.009349107804615986
2023-01-17,-0.006566591290624395,-0.0064848398957194665,0.0021101582924699888,-0.006666765128393112,-0.008527419571336133,0.004511050010259456,0.000668556875014601,-0.0014029859539553058,-0.0046618428323811,0.000715822295197025
2023-01-18,-0.0028758838411488395,0.023943104323410687,-0.018474608042722544,-0.0188498010191165,-0.01897996948112149,-0.012976494600339804,-0.027655228691700753,-0.02429951156505158,-0.014193197269582267,-0.013104463022007396
2023-01-19,0.015743931377470842,-0.006279388405883622,0.01235418736680654,-0.011712731444804754,-0.020780275415008157,-0.011738863298213071,-0.009529609512986854,-0.010120080887162855,0.002404755490127705,-0.01673583261240575
2023-01-20,-0.0033409804213138158,-0.016344386339106825,0.009885331603484763,0.01568109109594008,0.013833973322320555,0.02669700800188717,0.007741321006909275,0.0059399362209742205,0.00501580709232077,0.02395713144519195
2023-01-23,0.0018946378029897782,-0.0047189599610400115,0.0013253212665636231,0.011531317226268682,0.010851220072440229,0.022510310276761994,0.003161836383335865,0.00028886427808214065,0.0034292623490921937,0.015493279487421487
2023-01-24,0.0036119840879409123,0.014277999512698007,-0.0038705738902563604,0.0005593026905823425,0.0065737884196228795,-0.0004469875987993242,0.004109587410378783,0.005041240568421724,-0.006645848191728078,-0.0011341765508895267
2023-01-25,0.0045933937952083075,0.0024219187063317517,0.00011084710508515896,0.0077952248341283505,-0.005574943893097455,-0.002087616968764974,0.002457783656473186,-0.013597581605794417,0.00029974668915367893,0.005093750297070219
2023-01-26,-0.00909651500360829,-0.0046627919361312675,0.031087109410310183,0.005255026298059436,0.005475603725678077,0.015845281052039063,-0.0035518715613781105,0.003344218722893819,0.0018704509918107085,0.02025762559030029
2023-01-27,-0.0013939615756237058,-0.002527101731535414,-0.020397768202482323,0.0,0.0041612788624905105,0.004178548765327595,-0.002878031505958049,0.0,-0.0068256158890248175,0.022428530407405892
2023-01-30,-0.002570014931290955,-0.003661523897397411,-0.02317569803230358,-0.004977885585118424,-0.009836603691150407,-0.01927790994912913,0.001234423886302899,-0.004510422951587976,-0.009073421985806136,-0.01718659079378844
2023-01-31,0.0036296165072691286,0.007962839742293849,0.008823505962194875,0.013493481859202603,0.016832012977805115,0.013849848323150435,0.010771303676776402,0.0074091083556916335,0.01282978515487062,0.022648465659807358
2023-02-01,0.012518134528387544,0.011949372678452466,-0.019878227550175716,0.0,0.00723930265109203,0.023263770555754584,0.007969247570248654,0.001735868349583487,0.00471275953447641,0.01878692583496222
2023-02-02,-0.0209702840085377,0.0012936375213376185,-0.023063337227781866,0.002731470367168363,0.007767807517339008,0.026940493319983466,-0.008647665839084375,0.0021647108076798547,-0.006814671386582071,0.030163371151634092
2023-02-03,-0.025274496401227434,-0.015068899234734496,-0.0022078981323604492,-0.0019113115558396225,-0.005236528832345814,-0.008358898074614611,-0.003943066764653257,-0.02112694513890626,-0.002934875936680797,-0.031285894620797026
2023-02-06,0.002073259184240806,-0.007431147686005335,-0.004547483286103874,-0.00027353153633344785,-0.002433827265971146,-0.012277933338054495,0.0012252345453275463,0.008504057621665747,-0.005592527808044456,-0.0014545870427538129
2023-02-07,0.0009200023760844002,-0.008058119179653078,0.03197157884974884,0.011416449545662868,0.003114064387844299,0.024685648727093796,-0.004227042104718073,-0.00043770661996612683,0.0064211858098784215,0.002312802236861416
2023-02-08,0.002468544755507998,0.004747633686515673,-0.008982302187175452,-0.005963703816831199,-0.005651205980864367,-0.012125501693261565,-0.007681739353051338,-0.0169409517153454,-0.002941255471017783,-0.008552189707239503
2023-02-09,-0.007943887464013586,-0.009518332162298755,-0.008602037735125165,-0.011210165865185076,-0.009030556610967543,-0.005515647194981089,-0.004416304059540498,-0.01376240456767265,-0.008799162924710424,-0.0018660511006712613
2023-02-10,0.0019053779351280687,-0.01125292587229658,0.038418293918801756,0.0032941381943191773,0.007074290271570597,-0.004619596755476556,0.009224116602203531,0.019687568081939867,0.009403408748586813,-0.011809817151356601
2023-02-13,-0.005089097798950408,0.008379560571665577,-0.002552786188857709,0.011444118589774732,0.009064033370639428,0.017162092275202632,0.011310218318983467,0.006036956551420973,0.00826801055094368,0.014541126498522948
2023-02-14,0.000753454984742333,-0.002304768989599529,0.0003334076054051563,-0.0054331607456117054,-0.002720305016534564,0.004262202064578686,-0.009119789349768098,-0.00426617601122578,-0.005931000903802459,0.0119032762643986
2023-02-15,-0.010014646847400324,-0.00936865287097448,-0.017144342975450966,0.0010890400506197691,0.00620692411457527,0.004660708818980755,0.001912300038759682,0.006465610540314161,-0.004982279525323507,0.011633321446251276
2023-02-16,-0.0008195726363130796,-0.014269143688567892,-0.00988130623531953,-0.010119025391816108,-0.01039909503907471,-0.017502535132873028,-0.007259700218522166,-0.00764596895633192,-0.010039529419658454,-0.022074490781038267
2023-02-17,0.002982339072148569,0.007746355522243959,-0.03626220233866217,0.00027481388444212604,0.006524235953783017,-0.012579676899148481,0.012840191500233722,0.010717355814914701,0.008903905884895329,0.00019970985360518383
2023-02-21,-0.0037440046605545256,-0.01962891172003257,-0.0049831235091944495,-0.020825441225641714,-0.023172437850602655,-0.024031517874490853,-0.003807485919907873,-0.01886871220043552,-0.013040265152902887,-0.033977618706203735
2023-02-22,-0.0056423768979153,0.009122461714358062,-0.006683469391993416,-0.0011229770495413338,-0.0024864378674317577,-0.0014660278657363305,-0.0014998909224323625,-0.0038763621332279542,-0.0033832490996653013,0.005071831930155514
2023-02-23,-0.0005305918526508475,0.009724369047460298,0.01497530086298086,0.0008423792241570317,0.004669299162124026,0.016445116610570305,-0.0012290346233209445,-0.005242343242255587,0.0026921275601161647,-0.0008202700142487049
2023-02-24,-0.0072206822499255125,-0.013086056866656705,-0.0012983542126292504,0.0008414445436608454,-0.005765402072451669,-0.017987175497866725,-0.0067161205394179295,0.0003004412777555242,-0.012988285689485634,-0.015861525280900454
2023-02-27,0.003912670406128105,0.002769461982520981,0.002948561844870272,-0.0002803276059455047,0.00883353241141631,0.005349863453044497,-0.001100941107838168,-0.006778738366408352,-0.0030394661433909126,0.012297180015506646
2023-02-28,0.004545621851780495,0.004532632522305837,-0.014472444123294964,0.0019615461725820387,-0.0022752611823874205,-0.002194811734993835,-0.008295344021503096,-0.017688733683337916,-0.007442438635165619,-0.000687216650513246
2023-03-01,0.005755555600934512,-0.01080110205652292,0.019523630140592867,-0.0033650423344543383,0.003953679010688348,-0.007352024812195322,-0.007385253610690625,-0.016598682117944578,-0.0016528911054100757,-0.0126531286034977
2023-03-02,-0.000585735153896139,-0.008906524008737125,0.008749960812297808,-0.004786629624007775,0.01167078026795079,0.012247604864705441,0.013613261280149476,0.018750186222913107,0.00612501036842624,-0.0033457231105222685
2023-03-03,0.010666001055863707,0.02393694952348983,0.013499301916118402,0.01568203700821007,0.010764681546944885,0.02127487322157995,0.0008272410675922737,0.016896645622589485,0.011132314378402763,0.021275887261239423
2023-03-06,-0.0050565936951402655,-0.007783658574794031,0.00045801470275064475,0.0008333664893567297,-0.0018342903171682543,0.004769645281205616,0.002615796456534002,0.0048185393125073726,-0.00046461298425248284,-0.007340011780398022
2023-03-07,-0.017635068390636166,0.006113924814177699,-0.017564543779998044,-0.02615829548038099,-0.012935977333048325,-0.012505747775366794,-0.009948706767492611,-0.016509046452295163,-0.016241381061022773,-0.013726740599906816
2023-03-08,-0.0004745630282821619,0.0009825842240462057,-0.010311551198297192,-0.0037115359783559828,0.0023465807778425456,0.008235750156061518,0.001664814180218887,0.007606893913852305,-0.005367391710613647,-0.001816443140738609
2023-03-09,0.00980112770009771,0.002452244903789666,-0.014235378855485184,-0.04146589740974527,-0.014857426336837603,-0.014439702237445088,-0.009331924589631462,-0.008065497869571135,-0.010182272186316565,-0.024135173317058698
2023-03-10,0.021333667247723984,0.033904510371011255,-0.012866242317398103,-0.01835446733754785,-0.01881174000105222,-0.017739228708126352,-0.0049098878832388605,-0.015862140419822385,-0.0073831472945582125,-0.010007515609343905
2023-03-13,0.022688861946558777,0.002270473926622895,-0.020541035358454134,-0.040278250355545546,-0.005672560722786299,0.005435407411719525,0.005049447662569729,0.015250834879782578,0.009300237486542141,0.0020962649844543206
2023-03-14,-0.005807897981361377,-0.01657772492164648,0.009833964988200664,0.020032000579423403,0.010509344360657456,0.022813006936478007,0.009053736106301963,0.01306227241511523,0.008898208337091023,0.01682628451114333
2023-03-15,0.007773838437142398,0.01912584080035326,-0.055195611921531794,-0.02701167353770795,-0.024936466526270636,0.0005725364285028257,0.006495780111772171,0.013489431632297086,-0.0008705544077328775,-0.001492059862900022
2023-03-16,0.0020180543660701534,-0.007853461182766358,0.010799635442149002,0.0189219949280574,0.012800357879157334,0.027665812864958436,0.0006888098347954101,0.006677211636976616,0.009298012348116233,0.01790044922159886
2023-03-17,0.028704276731304438,0.014897799361395297,-0.015854045851750022,-0.0327064636070163,-0.016517379174848183,-0.0013930189383578452,-0.007323007159799609,-0.009659316832508593,-0.012946083240991169,-0.012864489005278236
2023-03-20,0.00038079522406509364,-0.008836417453223134,0.0198219268522784,0.011065008152144326,0.013156521382124376,0.00269282524736914,0.013769362632517526,0.007791663368526251,0.012594532044575397,0.004319726196179006
2023-03-21,-0.019055524569337897,-0.008629862579834453,0.03403451425990093,0.025029277837306817,0.011517018329560426,0.008049451388412574,-0.0008251182897631223,-0.020355166237621198,0.00604665882437802,0.027253675403031797
2023-03-22,0.016877382247649345,0.01324540560893656,-0.021500488570471585,-0.023426236548645854,-0.019338653992638125,-0.010002296173094654,-0.009258740163379891,-0.01984506159502228,-0.015225349117098323,-0.022530699207649166
2023-03-23,0.012460224063676011,0.0,-0.013950488747521852,-0.006749348871428114,-0.0028969468442516027,0.016134741907584634,-0.0038947812455523445,-0.010307741288265726,-0.0019095352961863796,-0.0010554037271370735
2023-03-24,-0.011316136891165252,0.004220874424121169,0.003858865974813953,-0.0006450819635661152,0.004136272096286449,0.0026067354890730284,0.016860580042890795,0.030761938962398063,0.013762930725400729,-0.0032437039007010746
2023-03-27,-0.009299831745516749,-0.023771849469014193,0.021088268221474343,0.013780065756658513,0.008323387587432389,-0.007772053740955465,0.005330545307094308,0.0012170329859941466,0.004076280626120419,0.0020460037864922843
2023-03-28,0.008155744573006158,0.001819603926840302,0.015343758009507415,-0.00031837571049540304,0.00510358343159786,-0.004706139140428264,0.0017705902491347966,0.002733142670604959,-0.0060423254841428685,-0.001198805264618705
2023-03-29,-0.0049731154716589265,-0.0020104645402789457,0.013769601373202704,0.01453886151595857,0.014454221393161257,0.020734004036491702,0.0055634982329892295,0.014451820743715852,0.002751067016406089,0.018805551886973984
2023-03-30,0.008998964139577773,0.0045899800620521165,0.004385773933781942,-0.0021987881727705185,0.0021051009424039053,0.011552154684181365,0.002837433833706606,0.004324434348371752,0.005401392935031767,0.008688955558375329
2023-03-31,-0.0052258772770236855,0.014870113143338231,0.006905388809500331,0.010946035282029839,0.013131863424353987,0.0142053998647956,0.008063488090618914,0.007265598191254219,0.010638914027315528,0.02635708057501229
2023-04-03,0.00717858251921089,0.004692053281523469,0.04427847743306282,0.0018645943963185893,0.0017774575053046198,-0.001590238997395174,0.00520671924337789,-0.006819153975709315,0.01113810523961168,-0.009203384947235993
2023-04-04,0.018469345695108275,0.004959468228490214,-0.018299803614567567,-0.009357558385450422,-0.02264997388725351,-0.005520431279911168,-0.0019995302730223346,0.005044706292035553,0.00015266188882564333,-0.0016210362209736497
2023-04-05,-0.0007982432900846041,0.010400447180708969,0.014944648034660788,-0.0012542831201275229,-0.013103917316309067,-0.011470330431882936,0.004659219908805248,0.02556918469448984,0.01711389496417136,-0.020695657128394766
2023-04-06,-0.007159660374899593,0.0025833977812521752,-0.015297585779849424,0.0037582646868356976,-0.0003068687422621868,0.005651136963595813,0.0007960900138380379,0.007043936145219195,0.002474612084164696,0.00020706705134919035
2023-04-10,-0.007427401530065852,-0.016256095366165554,0.007970049680802253,0.002185805517494189,0.009061837977073734,-0.0005368695492075189,0.0,-0.002007555342129617,-0.0006743690889438008,0.004406315955857104
2023-04-11,0.00630066529229023,0.0020581344356783186,0.009411502080376992,0.00869569372184796,0.0059623491671078055,-0.009441226990749707,0.00291519299987908,0.0008608144418825688,0.0033670672624334682,0.0015788730150378331
2023-04-12,0.0048732452945133,-0.0010287813713014205,0.0006935941338506873,-0.002166922342319381,0.003319331159817612,-0.005707544234673176,-0.004508447403328308,-0.0010042155152114537,0.00029870833575538434,-0.015622252454999201
2023-04-13,0.013425150587981827,-0.007889503970143931,0.006221276628169009,0.008946761576594343,0.0037087520295022197,0.018432061378714726,0.005566523503863825,0.0001434010733289389,0.012909058904349745,0.02184418963778675
2023-04-14,-0.017869017219899003,-0.009188860277750585,0.0018360149214407052,0.009779804056946936,-0.001201288846088644,-0.0055678923746773894,-0.006364323871551677,-0.011258788689728917,-0.008067140071045595,0.0012942569919590279
2023-04-17,-0.004463702764476622,-0.011966886645372519,-0.011878319129948462,0.011490762398627683,0.007882302982499576,0.003626236051741228,0.006364323871551603,0.005501151653003352,-0.0008176773780624729,0.007054855445815321
2023-04-18,0.0038732698004284223,0.0035571989632119496,0.0039366122481078744,0.0030022755663279698,0.004758951458472026,0.0030785275500840917,0.003035106614169432,-0.0052108009620757375,-0.006866030082930518,0.0016206100746456423
2023-04-19,-0.004789973842757965,-0.0009602030766929564,-0.0034727795317809323,0.002395215750772283,-0.0007914558554021327,-0.002877855224034916,-0.0006590938048295407,0.0076617475575247885,0.003065746370314009,-0.0009453271415296768
2023-04-20,0.003930524556986942,0.008513154646035819,-0.008851495497541375,-0.0029949021669740546,-0.0017833659885114208,-0.00658899986458968,0.002370816347657345,-0.0002883752280370881,-0.004114443770090845,-0.01552081944913495
2023-04-21,-0.009936876904451981,-0.0056354732698757825,-0.00586645553347673,-0.0036056902796008303,-0.0022834892288426905,-0.0032432172965147347,0.007208874625353021,0.002877013674591396,0.006723982895759592,0.010985007482619118
2023-04-24,0.0030347260178608367,0.009627749509425108,0.015181568706295527,-0.002411157432872298,0.002382543113999919,-0.004408734466377503,0.004040474494248323,0.005014793033770104,0.0055688487148665144,-0.0001357188658468999
2023-04-25,0.005073426510561733,0.014597360004157003,-0.018954174735129576,-0.017349421236257552,-0.01861556240709779,-0.021575594150266882,-0.0013017385880594889,-0.0010010085962240797,-0.01072007758032623,-0.02001570805594675
2023-04-26,-0.005452222698836941,-0.01071529512019031,-0.01343753170210443,-0.009563574504307136,-0.01907128688584727,0.014754562612371572,-0.007845023155508243,-0.02374166201079853,-0.014322211012543724,-0.005136856805735314
2023-04-27,5.4098929279614626e-05,-0.009971836705985988,0.00358514573253858,0.0159906259440535,0.01957643517461068,0.020995270871931416,0.011095714278424304,0.011941408732835952,0.005224797717768476,0.026034355404317488
2023-04-28,0.0002706158931134578,0.016001773599868745,0.015388337575102329,0.011827189995426679,0.009646354495448274,0.010798619864853646,0.005308607300297283,-0.0014483531220803134,0.008498820806839483,0.00257335256985605
2023-05-01,-0.004501468248394752,-0.029258241440444924,-0.011340856734423982,-0.002717041442862543,0.005385484576600515,0.0005965923787729228,0.0007746333982692176,0.0017377237762199172,0.005153887057943244,-0.00992315233210837
2023-05-02,0.01911282169964554,0.02461423684461602,-0.04445708228428341,-0.022933181191505708,-0.010498554613391296,-0.009386816066475007,-0.00271347133349207,-0.012230779386975478,-0.00433093723758121,0.0010240949283930995
2023-05-03,0.00844333039400111,0.00556631268078957,-0.019060062300482107,-0.011510392796709153,-0.0038267145778578876,-0.00846321968864421,-0.008184441302242912,-0.0027872167120706736,-0.0013475006080606597,-0.00794690760221014
2023-05-04,0.0070083375794598906,-0.009927666933619456,-0.011203297348455626,-0.01291167652751296,-0.010956814747915036,-0.004800766521768009,-0.0024815508909719476,0.007610047743323444,-0.0079742700191408,-0.007733277322674615
2023-05-05,-0.015771672012865213,-0.0033313007126841423,0.02677967324399382,0.024422069324222098,0.014984555602877448,0.024768729719429915,0.009241920645656718,0.006394754222951856,0.008947753733977002,0.02003768467293521
2023-05-08,0.0012261535425393925,-0.014113928324400771,0.0,0.0015453828646091199,-0.003624187682160856,-0.0005292675980227084,-0.0029847310069882377,-0.003046971623376133,-0.0021732161317964084,0.003391239805266168
2023-05-09,0.007061173494320532,-0.0035840286429044688,0.00037361976551877527,-0.00371297616972097,0.0022163952322758196,-0.007703482289155602,-0.003123808693993737,-0.0013084664192259206,-0.006698941602190734,-0.0002708678950006421
2023-05-10,-0.0014294640409970906,0.009657513134903591,-0.011403016007905135,-0.0055951612130822476,-0.0036294638211651037,0.012126304255232562,-0.0015654091690580315,0.00912435778601758,0.002790384390317176,0.00506655130434076
2023-05-11,-0.008619799546280105,0.01051624254238768,-0.01204451366628967,-0.0015599709380900687,-0.006078425981897111,-0.0044888841687664134,0.0029985233842114616,-0.010289311256014861,-0.0030926209156268147,0.004639079021296344
2023-05-12,-0.0017115440993108683,-0.008404493514049425,0.0015294446756036093,-0.004066923362731577,0.0007111725914372833,-0.0013241221865705152,0.0038977938108656616,0.005520391512599307,-0.0013606802079764264,-0.008487407941182714
2023-05-15,0.0021389727993926496,-0.010411273785639602,0.0050813204342144876,0.008117436081092297,0.004862193878055901,0.008246964655606514,-0.0024668380840753715,-0.012683411539363572,-0.0017412308000833835,0.001284669018219581
2023-05-16,-0.01257816833072297,-0.003009000438807619,-0.024888912362037992,-0.009372175467213001,-0.01363331625115736,0.0010507208777220565,-0.008485283723034543,-0.022402908458912747,-0.008371003069745326,-0.004061966338270692
2023-05-17,-0.0034678951337034376,-0.002920241687484509,0.01904300116525152,0.019888888832928255,0.017063119109262684,0.013235802580595951,-0.0005244352928686292,-0.003607450107532458,0.001221905074793295,0.020611180384940458
2023-05-18,-0.0130577944134065,-0.0074361407503025735,0.007238839465507147,0.007357436474161902,0.007224478057407,0.020261048965956614,-0.004864900406959795,-0.0030161603754149794,-0.0024453050283845547,0.015429297712605657
2023-05-19,0.009850156652287684,-0.007096672985936218,0.0076889908194084575,-0.004285430736029963,-0.0024023381308895518,-0.0004447525577229967,0.0006587240789240784,-0.0015113720136544857,0.004656419555838686,-0.008410392439281473
2023-05-22,-0.002344243508491738,-0.0035671404101640177,-0.004152076075302653,0.0018390025023224744,-0.0002004822536536958,0.001903323077558826,-0.015263414083462852,0.00030230543539486605,0.0009894760924992931,-0.0031060843857895954
2023-05-23,0.0012000108481294142,0.0028745113214070847,0.01066024449403211,-0.011703345656406794,-0.012101793666770585,-0.014877530187631424,-0.007382839203616132,-0.003483946001421453,-0.011015946446535373,-0.009176303198865837
2023-05-24,-0.008101176111367243,-0.004961191580004034,0.004356743696943242,-0.01309655141697589,-0.012969235732393907,-0.007360656393266876,-0.006488427912919472,-0.006546453375602934,-0.0068697618146949645,-0.003680851443518486
2023-05-25,-0.00966457904681634,-0.0024898996305358734,-0.017921404229217508,-0.0003138524267030627,0.003283757657509846,0.03764681404730954,-0.0076231080316842,-0.013532507620350277,-0.010276516329444945,-0.004502189319400511
2023-05-26,0.003987606250000357,0.008044533442998455,-0.003927870962793916,0.008130127355634278,0.007450766023335613,0.02800099863737006,0.0034102188525500362,0.0,-0.0020366674913014616,0.023232790021620892
2023-05-30,0.006171471778321201,0.009941633576530187,-0.01033627562376385,-0.0003115331841396231,-0.001526443282321278,0.005326416412220636,-0.011505553784584175,-0.0038781065593545302,-0.006213918047185273,0.00668947586982716
2023-05-31,0.001537018842589403,0.008679300962052166,-0.01772941112841055,-0.01064840086552936,-0.013740802927482875,-0.008365366920439743,0.0011015206633867537,0.009128272566729944,0.008563464285276977,-0.009061119382467593
2023-06-01,0.007867103377943474,0.00391580288798849,0.012327514209124398,0.010648400865529447,0.012721823847483838,0.010114151553349673,-0.0008257986988463309,-0.007419883807304198,0.006549811239660693,0.011737539018015641
2023-06-02,-0.014857275420164814,-0.011018533169073943,0.029981756425054306,0.02157254609923424,0.02864103702303134,0.0057082345413309275,0.013678138723262585,0.01034188593835628,0.012741982205133194,0.02319687680977991
2023-06-05,0.0060023657211361265,-0.001864798216800562,-0.006655215791915769,-0.0051965306338293705,-0.006959071003573576,-0.005768221127447076,-0.00367488117502169,0.004749283763239981,0.0036001681824343475,0.002989138376040689
2023-06-06,0.0010974372841259582,0.005876605340814228,0.008031386543146153,0.012486978970588754,0.006265157230251685,-0.00024148475308270764,-0.005057642582016579,-0.0007646648995468206,-0.008368966979760173,0.010360876778600913
2023-06-07,-0.012083252758880945,-0.014955412407514955,0.026151560641690812,0.003926874658719613,0.01593271119129205,-0.015061268998704807,-0.003294585124239215,0.016835130115693087,-0.003939967968565734,-0.0068109362100486305
2023-06-08,0.013124733073092816,0.011629760558083515,-0.0042708292932461325,-0.0009048201989154548,0.0017546030346848702,0.01077263217021058,0.0068515126788468595,0.004352193612675342,0.006404103152434542,0.014698805663936628
2023-06-09,-0.002688130119841765,-0.0013729511515965449,-0.0055177980070156615,0.0003018184903917802,-0.0026331772636801628,0.004951735079754476,-0.0016400869066403195,-0.005857259354984789,0.0030718084923936823,0.005162112312340825
2023-06-12,-0.0008792504640156504,0.0029392024331451644,-0.009636598245643576,-0.00030181849039181453,0.007103707093192282,0.021512614202092068,-0.00027372278960678665,-0.001809225536443507,0.0035971672515492242,0.017037593036724155
2023-06-13,-0.00739483312084137,-0.009929817775125553,0.004706324955890668,0.006016847712473222,0.011568693002739721,0.006054033622643663,0.004096303540493012,-0.00015082198642088392,0.005029819032494129,0.010314511971501534
2023-06-14,0.0005537743402144653,0.007971366113259151,-0.010308615120536978,-0.003906812425962448,-0.0026873772236167466,0.010260745025496081,0.006112827835770341,-0.0006038312628861633,-0.010315359329491727,-0.0007243880479643594
2023-06-15,0.007005982383036087,0.009560124742483958,0.010926373077891833,0.013162196334165013,0.014976140425157092,0.01279392958231479,0.009971765494587684,0.010814129193818021,0.015395528484636501,0.006502180518648857
2023-06-16,-0.001540401760914932,-0.0038911656539474646,-0.001482844592496229,-0.002082594668137039,-0.0016109728941705375,-0.008280208544032067,0.001206081940111879,0.005363554976421001,-7.564396784073958e-05,-0.0015011866981389293
2023-06-20,-0.010404681043488588,0.006896234266018593,-0.022636524578863018,-0.007506404152281083,-0.007454117645958053,-0.006780871004155238,-0.007635942462408727,-0.011797221759671782,-0.0011245364642554574,0.007463909436150678
2023-06-21,-0.0014474699268161662,0.0024173175518303175,0.007881321910272203,-0.001206326233041462,0.005548204878817977,-0.014907361896357937,0.0035271776619608007,0.00800066262281385,0.00015193819606093328,-0.0120881031107748
2023-06-22,-0.009966480697039254,-0.012143929818314669,-0.01351229706064412,-0.007876398535080526,-0.007276252491160606,0.008126789017843888,0.0058065937169842095,-0.007697601200392166,0.006818863039810865,0.01268540787131481
2023-06-23,0.0027534519339434175,0.009920450217979092,-0.007212675386357114,-0.004267096406105725,-0.007620081237866301,-0.010909883510005387,-0.006619257144274343,-0.014806045277623324,-0.0033277969277440388,-0.011657248823686427
2023-06-26,0.0017380933759117798,0.0010639765614072422,0.017808385921533346,-0.0021404262282570252,0.008292581814913947,-0.007200270483179933,0.001354331992245268,0.009793464605086307,-0.00569819745944786,-0.01289635158671217
2023-06-27,-0.00460411859047838,-0.002613891655641158,0.002283113017493941,0.007927010198035992,0.011931497111341761,0.01951684279742448,0.002973444630322971,0.00030442869454076716,-0.0022884382189479425,0.0212625505526429
2023-06-28,-0.002310076023493695,0.0042559577372712105,0.010084596777315888,-0.002432338118701785,0.0,0.0005853624159777187,-0.006770407088666944,-0.014876376966048592,-0.003212367921509945,0.0039481857021319835
2023-06-29,-0.0010723394318449203,-0.018213264137670087,0.011472866437418724,0.017202654772379873,0.009631674554306807,0.001754306664360524,-0.0009519167693928825,0.0,0.006490751509718392,0.0010740103405101286
2023-06-30,0.006641221688667137,0.011725663183270651,0.006426878484605928,0.008640048589480018,0.008515651464323143,0.01576865999620577,0.008666588898996061,0.011063326612406447,0.01022300905365048,0.0126227006829636
2023-07-03,0.001121247777740352,-0.005685280117355155,0.00233811782734841,0.00562054300706488,0.00018635901663041317,-0.0021305174628890493,0.007789562517799737,0.007459990902233471,-0.00824605344880663,0.012000002591080989
2023-07-05,-0.003536277643963551,-0.009547520571103672,-0.0055462393893515914,-0.0020668729989748247,-0.005417966376144682,-0.006186459806963553,-0.001740673790078247,0.011311402521681007,-0.0005315413592156077,0.0004072608324939381
2023-07-06,-0.002984649764026069,-0.014244272291393037,-0.02275121170262523,-0.00860944515055964,-0.007521781746865441,-0.0026713534055544633,-0.002549609401661944,-0.012221765570863893,-0.008012903385388457,-0.016242407938111533
2023-07-07,0.007473004815488796,-0.0060371751910395025,0.02126683946783101,0.0014897875138571697,0.002262286528008283,-0.004371015876848057,-0.013118132502574046,-0.0073140365075807815,-0.011713937417867084,0.0012407663253731426
2023-07-10,0.0007833887164984092,0.0013110643110997465,0.007767668593470992,0.004455737434556567,0.014118448000255393,0.0026249015499861562,-0.00027217818706878617,-0.0042911763477507395,0.007875917359543507,0.003065619890343075
2023-07-11,0.003740607755698653,0.005127296265448063,0.021746578723187887,0.011785340989397904,0.011722007034160126,0.0021530243551983195,0.001496846450434192,0.012363738458761916,0.00023058897341426038,0.008323356219135965
2023-07-12,0.013450555215707776,0.011069769555886745,0.009211159897177933,0.006423519747434398,-0.0017450912846942073,0.011271196206874157,0.002308595852422054,0.014458191269500997,-0.002694894179508435,0.008949349550960904
2023-07-13,0.0007144446386035077,0.010457734052991257,-0.003817610350899299,0.0034864453077177913,0.0012860328816915523,0.012963218060891612,0.004196277538131127,0.00343295921509633,0.00038556172208137704,0.009328747504428355
2023-07-14,-0.003191736429074845,-0.0059059264288228875,-0.026771701025685272,-0.006692931109204665,-0.0029418331232209396,-0.0014761834853161586,0.003371104514847905,-0.0038815715380424,0.014917144897569623,0.0025760032832577713
2023-07-17,0.0007163001287564502,0.0004933178821341257,-0.001966378926135389,0.009589007156884972,0.0037676804320224727,0.012703950430806502,-0.002965895947346501,-0.01158501367831266,-0.004566493464498946,0.004050791859681089
2023-07-18,0.011391151915954767,0.004529122020066253,0.010037015694422544,0.011215093959783751,0.005579770231256227,0.011269042391273711,-0.0010807731177708215,-0.007747948571556404,0.007371966042164253,0.004090996737945473
2023-07-19,0.00016334311378929522,0.011233070937745542,0.005828846677031153,0.004280051843350881,-0.0004561910246314522,-0.0024995144070162427,0.0100865182252009,0.010166085909007668,0.004607981368861457,0.0035095099616771364
2023-07-20,-0.005076251540707413,-0.012215911848409512,0.011676107045540167,0.007376048924400705,0.004461680309846381,-0.020167451549667655,0.008527904279418373,0.018102090310600866,0.016445316951898454,-0.03466750274993688
2023-07-21,-0.0030692385170081175,0.0002950976428377372,0.008816911414884604,-0.003397718875758322,-0.004735480343027627,-0.0005109966977588157,0.0034436615830734656,0.014863149403179522,0.010032745453442097,0.00023395411913198285
2023-07-24,-0.004290665079151833,-0.0036438817960594994,0.016004329449797034,0.009596465587955717,0.0022796449448446348,0.00175866871556564,0.0038271227300928174,-0.0026328494431713443,-0.0022047039700543933,0.006529135466244295
2023-07-25,0.0055524167407638,-0.0018762653919306802,0.005239397879487889,-0.006481346128394277,-0.0012760536251620032,0.011383705039924839,-0.00026346604843366345,0.0017560231632946118,-0.0004414776549549477,-0.0023269304554403803
2023-07-26,0.004867250719561796,0.0009879872001998218,0.0003483642503911028,0.005919561574117916,0.0069971504452844115,-0.01353980983019049,0.0011851050509039721,0.0,-0.0006626997830999267,-0.00023297294442326815
2023-07-27,-0.015836715414990758,-0.019644609275942356,-0.00640522865065758,-0.012728173290977744,-0.008639803414657556,-0.0029008892427750195,-0.008856082212570397,-0.01784841371817137,-0.007391360150620803,-0.010423595724650826
2023-07-28,0.007949707574281263,0.005122747112145442,0.0030329693280320225,0.0019906901430522053,0.006191911551741942,0.013522529948801645,0.010302519202279913,-0.0022350162528443594,0.002963126775195729,0.016811063767746548
2023-07-31,0.002690787072191872,0.0024019173784964607,0.01880854766334227,0.003686273316227573,0.0023573599663723223,0.0023014146446893634,-0.004609807359120751,0.00044740305302059255,-0.007722539823480899,0.005656713141205185
2023-08-01,-0.010418766955581723,-0.016522671942856212,-0.004697806690273348,0.0,0.002984166354151253,0.0016808461136917515,-0.005427217250438174,-0.012301345156840185,-0.005231448714963245,-0.011403658856812472
2023-08-02,-0.004776993918500052,-0.010756772281007946,-0.013179195602141976,-0.008527519680675512,-0.010529350339434609,-0.025052406910964775,0.003577349456404666,0.0,0.0006738970695556966,-0.01809368002570118
2023-08-03,-0.00033420291832367705,-0.023341987068488373,0.010073607065468847,0.0005704887309155866,-0.006316013459347143,-0.004083223932251592,-0.002781397361713966,-0.023056327430997284,-0.005029714217320774,0.0023685863890822454
2023-08-04,0.003613876354074006,0.01755745981526253,0.0013814737287296825,-0.004002213724350954,-0.006079042516737794,-0.013694072625045808,-0.009996550292772776,-0.011652407610075358,-0.0035438763256394386,0.014443547482408012
2023-08-07,-0.002277988932518744,-0.009890154001754664,0.0011498039783069969,0.013938564305412172,0.012212741006237317,0.002800213265032053,0.008138524312119947,-0.00015618175892996103,0.011489866905131133,0.010207125918298993
2023-08-08,-0.006361270240024672,0.011546115591595218,0.004929090344656596,-0.009080602306153433,-0.004573810552482909,-0.007720127249343336,-0.007201323155223044,0.004678036628383921,0.0076613772296602834,-0.007994518921843339
2023-08-09,-0.00476956334967285,0.005157872525745195,0.012500347550857244,-0.0074392488275934815,-0.0005503094745937444,-0.013001127607181006,0.0014710037372980722,0.002175561259254037,-0.0002967892152461547,-0.01193602172239547
2023-08-10,-0.0010691758408616784,-0.0165996615057602,-0.00011301050388151787,0.0008612838696027214,-0.002755733666332988,0.00011890621826968599,-0.0020063610752390506,-0.0031095616104646773,-0.0006672982203560605,0.002410156812098193
2023-08-11,0.0,-0.002304007743773158,0.015243631276167633,0.0020064397887259488,0.00165435132029318,-0.007402126585872731,0.0016055426443553754,0.005435050341146519,0.006210985506621005,-0.0034115236658365565
2023-08-14,-0.003045220530389694,-0.0022043498768718446,-0.004236034491790119,-0.002006439788726095,0.0003671649775784751,0.01581210874039734,-0.004958891066710765,-0.007929537929981184,0.0030173078249760006,0.0030591245275059025
2023-08-15,-0.0026580037072091345,-0.006113950016598438,-0.020996401210549936,-0.01853514935043843,-0.012842474201167388,-0.00989779003990379,-0.010806487637563061,-0.016368058880416186,-0.0036811514140772422,-0.013721540205059033
2023-08-16,-0.005792775189194925,-0.007854677313577647,-0.008707700003536887,-0.001462767699047529,-0.0055949585969698465,-0.009575684229857977,-0.002311644865010984,0.004433305025694558,-0.0076256768633665446,-0.01246414480128677
2023-08-17,-0.0015390561619561794,-0.004271490841891114,0.011896947032513058,-0.004988889829911431,-0.00845161102933544,-0.00954697708099985,-0.00971204886513274,-0.002214162900949214,-0.007984325246003218,-0.017089123241255607
2023-08-18,0.0001711135895520659,0.0035254240705716476,0.009844301504439889,-0.0002945097527646455,0.0018844846055034621,0.0015165107322102883,0.0037044723577436428,0.005211264170868065,0.00037434595716806133,-0.0022721336677567843
2023-08-21,0.00273392964256731,-0.01342026495192568,-0.006325632348749309,-0.0011776152606459318,-0.001224398622027301,0.01891550136112677,-0.0067330646503457004,-0.006320285411730341,0.001047985468241166,0.01143071054345363
2023-08-22,0.0016481975934526548,0.007644540630353283,-0.007735140769705149,-0.009473197289265092,-0.0023590887570649425,-0.0011305673067995112,-0.005668730613001147,0.0028491940829265686,-0.00352238977538926,0.0014576157445321506
2023-08-23,0.010113328144583607,0.02447568558827926,-0.002515359771959231,0.009767701788164959,0.010244017305118328,0.017883266822569636,0.00663331230433686,0.003943439364866844,0.0029988033615404018,0.007979269516672667
2023-08-24,-0.0002248455933195227,-0.006615939436488737,-0.006892702377494122,-0.003540733917092405,-0.012229666956486309,-0.023317502802025068,-0.008021060119865739,-0.005841977915194338,-0.008720604272925918,-0.01976164559603642
2023-08-25,-0.0012941233726573686,0.00326103405537669,0.009636287971753478,0.004718354431603054,0.008388849023536349,0.010127816283195342,0.005538565423018842,0.007572231676580375,0.007297168183190243,0.01111453827952859
2023-08-28,0.002867238875764686,0.0010495105088772938,0.006713543681647287,0.005574370315951096,0.008132858397782855,0.008146457852003613,0.004546505298113306,-0.00015726106033411171,0.0023210156911115214,0.004000353026563563
2023-08-29,0.00972069237763269,0.010332499702688633,0.0027178908232351755,0.009028438390832996,0.0076051481070423185,0.019849795777040706,0.0035675724976381297,0.003765312789454669,0.008933833799269776,0.02467472794118251
2023-08-30,0.002498750315822613,-0.0010388952187039605,0.00496403916336407,0.0005799958222656705,0.004517280304397796,0.007522072783694121,0.0016422371049688023,-0.004551401967980733,-0.0007412329822041757,0.004298940791937057
2023-08-31,-0.001665111347163996,0.004459354131418733,0.000674962333974969,-0.0037740289084630704,-0.004517280304397882,0.0048505773431710515,-0.005072307527007309,-0.00964214365349746,-0.012013850027025322,0.0031096498011147135
2023-09-01,0.0004997991755412262,-0.015700760238747894,0.02026129638394392,0.008976381015141787,0.00525269611652592,0.0030694566656907845,-0.008557665896497159,-0.00509563447116964,0.0026988497729312612,-0.006110988333417422
2023-09-05,-0.008195174622491511,-0.014121367999191246,0.005275577069341754,-0.010140750966184504,-0.016962732405966047,0.0035691214709617203,-0.008631647054683134,-0.015444102881033699,-0.010385495428541475,0.0007072244018343407
2023-09-06,-0.004544556063018457,0.0024560607028187003,0.0004386898962387342,-0.0005826357080153344,-0.0043095838987031055,-0.010631271640995069,-0.0011191779512105678,0.002267029616943812,-0.005461583552930852,-0.008933304169605824
2023-09-07,0.0010678794784509471,0.002769552222330003,-0.0009868657166679125,-0.0026257203889462847,-0.003291466051686201,-0.014566238104950974,0.0023770447369117938,0.013017525243622175,0.004477888495947242,0.0027889172301959818
2023-09-08,0.0003369702787594387,0.00382217343211004,0.009606172663265357,0.0020428612293551087,-0.0050051096523221,0.002085752354651567,0.0012557133099190079,0.00874333529563275,0.0,0.0
2023-09-11,0.0018513951035425602,-0.007231887604558258,-0.0132322399248935,0.004653735627005727,0.00028403470890482456,0.005194934814976624,0.008609957318026253,0.004106843844021109,0.0068668922833959485,0.02654827311823672
2023-09-12,-0.005169992663578624,0.005747303061346127,0.023284807900966424,0.006652510206785337,-0.0036029678080419666,-0.018302311853910385,-0.008609957318026225,0.001260243482955271,-0.0012790273947915786,-0.009101084119756882
2023-09-13,-0.002312682045193072,-0.00021249727641724935,-0.007556954675711245,0.0,-0.006671096074292517,0.0025183678723155953,0.0030638266113586776,0.011893792488784987,0.00015077453302970005,0.007888492282840182
2023-09-14,0.0005080950731221542,-0.007244215729452159,0.011635319820027516,0.009181994552070912,0.009800652953077265,0.007226550641062678,0.010098908274368183,0.01451756143417643,0.0031569487906201064,0.009774283595701176
2023-09-15,0.00658210689497754,-0.006112813500838478,-0.01456549472832847,-0.00515456556593821,-0.005792702679441964,-0.019408081706865955,-0.00829294555022955,-0.00430238497913652,-0.00791189315527067,-0.017255364844605735
2023-09-18,0.00587038313631886,0.005685233044247439,0.00843818778675378,0.0027360035828597872,0.0011088240458081713,0.004794844060169524,-0.00034963279783979185,-0.0007454284860546134,-0.001520444075762174,-0.010935249690418451
2023-09-19,-0.0009480950413542692,-0.007407709262151435,-0.009380265324937031,-0.0011508607316315898,-0.004211873865855854,-0.0005315145113554425,-0.0023791259331274973,-0.0054522603541850515,0.0008367600726354216,-0.005023708879937435
2023-09-20,0.0007251297423292754,0.0031199792870044317,-0.00935874392983076,-0.006934728756301559,-0.003940627996779856,-0.015840401520616096,0.0009806282134406257,0.0009368383325353062,7.60618718345663e-05,-0.010004242948588848
2023-09-21,-0.0072748111459232075,-0.02600931089556515,-0.013811902824671974,-0.016664528986656612,-0.01650683437787271,-0.015363438277774782,-0.012961677899401577,-0.01051078004860875,-0.008779160891029623,-0.02767007376158555
2023-09-22,0.0031961900557462815,0.008016258354626667,0.0016809533693384077,-0.007694689032123713,-0.00343249942552284,0.002130957900437623,-0.005403349265000865,-0.0018942508393394119,-0.002072504929396252,-0.009893058147178996
2023-09-25,-0.005163898932470834,-0.024916599812474807,0.012462825634051291,0.0023741442681566444,0.004997821499980273,0.003218560177638877,-0.0035704275949356356,-0.0014230140449122796,0.005440552669373847,0.006133075096604695
2023-09-26,-0.008023084937964609,-0.0034824503396888133,-0.005767034441679652,-0.013427020796661597,-0.015366661955967642,-0.018170697577390486,-0.00746800456106477,-0.030361230705324184,-0.008518515800142073,-0.018387014448592094
2023-09-27,-0.012443751217319037,-0.0051895160873502415,0.02460867156596547,-0.00150297494762225,0.007417179914869747,0.0015423990204890697,-0.008250935371934269,-0.01943408362126843,-0.005022154028382722,-0.003844641509634033
2023-09-28,-0.005009715204337903,0.00304948122396143,0.0010841786322280894,0.007193979958090331,0.004228173233766015,0.007063965081568059,0.003047794250561842,-0.021856906003736163,0.004790810981022753,0.011115300403883092
2023-09-29,-0.010328505518099336,0.00011268668088676477,-0.020368402860191565,-0.009302473526620234,-0.005312567751238757,0.0034219505712340145,-0.0029024277597265655,0.0016983338071830723,-0.0075832448702536,0.005293858056653645
2023-10-02,-0.0105542058560987,-0.01688182564838087,-0.02011472775179864,-0.008477146453591202,-0.009813148269829782,0.01067917691102068,-0.0068537379061086486,-0.04761152541491894,-0.0013992702829777348,0.0008073987058741169
2023-10-03,-0.002892421000056923,-0.02174681421754881,-0.0006774686784981394,-0.015936486630574457,-0.006997276675495024,-0.0171048272574257,-0.007195998087449038,0.011501436145234202,-0.008906972778380474,-0.024632105712694464
2023-10-04,-0.00011826350756014561,0.014009382667438793,-0.03190559392161064,0.0073869850197058684,0.003204874484286164,0.012386125148771337,0.007927269589491885,-0.0010561587886814105,0.004229064979133092,0.01952933817291278
2023-10-05,-0.0018344684108627424,-0.004997190370488346,-0.006199686300512269,0.00458918705450999,-0.005916972258312368,0.0013332562596966397,-0.0199372316206118,-0.005828787681705245,0.005455631805199199,-0.005003422608287578
2023-10-06,0.005139851922273756,-0.012190971394010715,0.005966822250261259,0.008510582394122779,0.013586639884837215,0.0185395956827576,-0.00553441630759817,0.014072198661928468,0.010437746821707276,0.006997900035802132
2023-10-09,0.018218478536943455,0.023198345783296128,0.032815926650359914,0.0006052090243503715,0.015556095051498098,0.005158400129629115,0.0008997249285019798,0.009907263379785888,0.0034554830561347107,0.0010578080630623276
2023-10-10,-0.0016795054754092334,-0.0013836340649206994,0.0012410217787341255,0.00723312854522503,0.00603898642496195,0.0015364922613194272,0.010138767553010188,0.01357059512655496,0.004741169268713688,0.010887286435552961
2023-10-11,0.007276507826110017,0.020671166031249067,-0.012935733622712194,0.0015005075854195018,0.006002277507097062,0.00922797313909775,-0.006847416378632069,0.016078779934991135,-0.004434696593334668,0.0035617540686125227
2023-10-12,-0.0030543103873241243,-0.027502548237945297,0.001141547026784636,-0.0063167555339938624,-0.009114577234223051,0.0009356493679596182,-0.010963707535106634,-0.015567154950201154,-0.008619214395729005,-0.010972139298032276
2023-10-13,0.03164231938177581,0.01773410005905205,0.021777998306590406,0.0021101611795986894,-0.008903807425989821,-0.014424221845967112,0.008720952227237889,0.0111923181963675,0.006241056142838899,-0.014798334813704898
2023-10-16,-0.004876800474351656,-0.016225016009097534,0.006674933521783709,0.010483994434415512,0.010558266310230328,0.00956081079658518,0.010276102645309464,0.010234044391197777,0.007499223569031286,0.01603739555376197
2023-10-17,0.0018525567250013085,-0.01108214944328335,0.010368374272869343,0.004756173686807236,0.003107086069218602,-0.004651067740939448,0.004287714965178914,-0.002674147330707549,-0.0013730266873800386,0.002349618894830041
2023-10-18,0.014367113783494704,-0.008836758961801684,0.009066673172830378,-0.017350329300821442,-0.024435743177019936,-0.010320847903552546,0.0036817916894266484,-0.00874102852247806,-0.008741013161162122,-0.023748380703018098
2023-10-19,0.012199301049654077,-0.02068558392024478,-0.0017413942280776584,-0.013365868877298978,-0.009281805370089121,-0.005740312373820811,-0.007376886810137374,-0.010011186734379575,-0.009906553408473708,-0.025882172933905354
2023-10-20,0.0027271753020748097,0.005662238517158023,-0.016917858771569733,-0.015408574286019671,-0.010381899541379065,-0.01705516881364893,-0.003857714707299343,-0.010456922542962849,-0.003974747779024032,-0.015632992110763702
2023-10-23,-0.003382778876821057,0.0119422382359844,-0.01630774925471244,-0.006230665286976944,-0.0046711391386661085,0.0011582726617157077,-0.0019343308711159948,-0.008479729885834354,-0.0062666177088906315,0.0011858308069787559
2023-10-24,-0.00010933686369138149,0.013090455965696848,-0.014176542448398163,0.006851595802074311,0.007504229628279228,0.006861154358355236,0.008453773852725716,0.025396120929689008,0.003059950674049933,0.010610481688671732
2023-10-25,0.004199991317574014,-0.022513179545964837,-0.0018293799118454387,-0.003731565046063465,-0.012913962787857463,-0.01186966297807698,0.00339113999566467,0.005575542857689113,-0.00897075451387049,-0.02040311494682629
2023-10-26,0.001577208003792872,0.015222309622325736,-0.007811487404117524,-0.002182961804201455,-0.004204940150561296,-0.019289625466327617,-0.006497421185985793,0.008556400850952075,-0.009929859721982863,-0.015749708472151288
2023-10-27,0.011562693424814757,-0.004257744627249301,-0.024280484213518087,-0.018273888057243125,-0.00887797732549239,0.005788855616976933,-0.01372322950996255,-0.01905782567986893,-0.017069704668633764,0.01041572549280267
2023-10-30,-0.005656514976963794,-0.004514362167068405,0.003303165009323816,0.017649211014190612,0.012366217796615186,0.010680303244527355,0.015499532162542665,0.007633060065188828,0.005587829595630593,0.009116587498441084
2023-10-31,-0.005471503988170932,-0.004893162945181088,0.003292192855016965,0.010874832737768694,0.0073470190602708775,0.007097456290830441,0.0035429870049121922,0.008580804872996272,0.005717177387065363,0.007523475238029782
2023-11-01,-0.0031556165767174377,0.021450502942015445,-0.0023506128829745227,0.006468521920833535,0.003248059440117651,0.019143660076913076,-0.0010322081552756929,0.011327770278376035,0.0020857071589775182,0.012284430986532927
2023-11-02,0.003318560440596095,0.022540318553076033,0.029790624950014194,0.023366338797445284,0.02036283372997569,0.01678624050848357,0.012898080610269931,0.018544941676799983,0.015740734031765142,0.02577228013305759
2023-11-03,0.0036323164276059108,0.006755965660929492,-0.010100906912057476,0.013110793258955384,0.008798356263160004,0.010240880441325258,0.0011640645271659346,0.00583662865766402,0.0049569997424192365,0.013952944242334115
2023-11-06,-0.00782308105070582,-0.009747264411761929,-0.011370478386314047,-0.002964394695368707,-0.0026608884862800103,0.006557452492067597,0.0015986758321455954,-0.002590008005619525,0.00664907560393535,0.0012474253674998996
2023-11-07,-0.004153745714031754,0.014642256739096022,-0.022419825492424127,-0.0014855582361706144,-0.002470340894947458,0.010872562824629974,0.002465858272150326,-0.007320027424184913,0.0007015163611268633,0.011096565520862824
2023-11-08,-0.010017653470627337,0.01689021350513954,-0.01260887899341421,0.0011882459406475385,0.0022727911747940843,0.0056483299701040055,-0.003918943152623323,-0.007374005590132579,-0.0014033390006706703,-0.0026544556593422345
2023-11-09,0.0039750574137909995,-0.023270006574085476,-0.003025750623120144,-0.004166354551295063,-0.002173747540824905,-0.004676230856905171,-0.0040804670268590705,-0.013245150045542253,-0.020892328886677233,-0.018843837187089884
2023-11-10,-0.01096969995324551,0.005584299554058289,0.010969992401791898,0.011269374125297217,0.014339286208639019,0.025786498298661007,0.006984883594867753,0.005319035045062911,0.005957221551392078,0.01649198938376125
2023-11-13,0.0055552613869160675,-0.0022752519502568787,0.0071675254242988505,-0.0014757092443177658,0.0008771160310216342,-0.00586607607392773,0.0031850861373799873,-0.012008156679219338,0.005764614204406089,0.004266083921364531
2023-11-14,0.008879636186604513,0.02241466179896856,0.008887981279321703,0.018724993191995925,0.019871308057637194,0.0198057666164044,0.01021087710894698,0.03915624338800606,0.006748863739742993,0.033130282466507496
2023-11-15,-0.0026390807860946154,-0.014133938684964452,-0.0018894578761390686,0.005492184193566598,0.0020992540710595554,0.0012628533653003618,0.007980464866102687,-0.0030701547814753496,0.0007818558116930125,0.0011926995129441114
2023-11-16,0.011222864579353571,0.01234987814496,-0.019696524047635864,0.004027543948557452,0.00019060236854958462,0.004980058814465822,-0.012425915747868225,0.005326458928863877,0.0042889426579043695,-0.010306013607938095
2023-11-17,-0.00010890827769753537,0.004675643503002313,0.020759826113596537,0.005154695107492548,0.006364163423858586,-0.0020765867222318664,-0.0012944462743002378,0.002732862807732224,-0.0020253713300136746,0.00666324601383439
2023-11-20,-0.0016347162383040547,0.0060898520320956115,0.0014156542995624063,0.0039909176006260256,0.003025495868006418,0.01439265679007995,-0.000719691660302821,-0.003054852052098497,0.00606354073750284,0.005132015227822973
2023-11-21,0.010740019593541818,-0.0004415662815431477,-0.0022426888510945365,-0.0005691568636989483,-0.0007554227839702524,-0.008121394300675332,0.0030196290465143286,0.002091079244123223,0.006026995692303334,-0.0025627619013209053
2023-11-22,-0.004271361889171939,0.0035277381556942018,-0.00047288446850130944,0.00397708702377375,0.0021703322027632004,0.0044480319477091124,0.007153093288165993,0.004809338997498473,0.004764853011625247,0.0030388827712226588
2023-11-24,0.005188115339681599,-0.011845142664172572,0.004129518769053899,0.0031140839307988405,0.002447970693602853,-0.001950430422570167,0.003699629070064576,0.002555475762708025,0.005352531923312457,0.0009517473906186335
2023-11-27,0.006715220224108336,0.016566106876184896,-0.0035384725683049673,-0.0033975411543151588,-0.005658231929895469,-5.4174544000726525e-05,-0.0028444023889888158,0.001593911599055565,-0.0062729697115008615,0.0016032483245420237
2023-11-28,0.013243765854618507,0.0019692665898425154,0.00023637937326947405,-0.00028353759429614256,-0.0023671159835773154,0.001896296152343884,0.004547237863843881,0.003180221723132453,-0.005155010706006582,0.005739896889874272
2023-11-29,0.001478346564492718,0.012492920030294686,-0.007470410886963066,0.007067003909261965,0.003784865113302145,0.0007575798632909631,-0.008114447953180236,-0.007969598489841807,0.0003084722403125662,-0.0027178480496458505
2023-11-30,-0.004176660491012712,-0.011618675590633194,0.006642985312944882,0.011204696161120966,0.010895292838902162,0.0014591528319743384,0.009955833417944983,0.004311312628248254,0.01249113067536975,-0.001420997622112388
2023-12-01,0.017124037266951418,0.018658733074552528,0.005188691738128986,0.007492595405859089,0.015663513393931565,0.00226574623566802,0.0040955194327377265,0.012194524837649611,0.003952351950291646,0.013593516277684781
2023-12-04,-0.021850417580745678,-0.003986498755235267,-0.004597645537380184,-0.001106290854336022,0.0016540211733588463,-0.012252807291346804,0.0012678263883870871,-0.003943055304330044,0.0018945409151742705,-0.0038062075272795796
2023-12-05,-0.003786606077863042,0.021257861955985835,-0.01764250122231987,-0.004994614270716711,-0.008112174257759076,0.005982462476472617,-0.007913806827856333,-0.007136603825727513,-0.0012877549009408862,0.0017586729463997305
2023-12-06,0.003680115406357525,0.013230047571762632,-0.015025278189562475,-0.005019574777988315,0.004432865522021132,-0.00849484811239881,-0.0025573309232207876,0.013280715954858135,0.0007575583715219633,0.0014630955334986654
2023-12-07,0.001648967455985853,-0.005753692204909271,-0.006860065883082484,0.0047413695399960995,0.0009213521090255869,0.012067221489348086,0.004258360817352819,-0.0022010568248006655,-0.001212658609849319,0.008212129705218644
2023-12-08,-0.01343017351466841,-0.008216659953133254,0.010759163616623504,0.0052728195087089905,0.0031250568785168307,0.008500593440956947,-0.006964898990169821,-0.0018907989802459436,0.001667026732712356,0.004572138791807203
2023-12-11,-0.011104320560253251,-0.002117410342560839,0.001215495063927998,0.006070601501039841,0.009499480126196485,0.008694425843694602,0.009511146143315018,0.006445094254643279,0.006565960842278957,0.0026522259972519436
2023-12-12,-0.0005447904909059331,0.002963479217089657,-0.013820446680745278,0.007127176008126696,0.004535134654790735,0.00661682944430853,0.003244176211948642,-0.004082347838819547,0.00427828855413731,0.003105073921868495
2023-12-13,0.022311764488914056,0.023191113656293956,0.013820446680745386,0.015987365004155672,0.01106985301618068,0.008772375988280958,0.01800338118802892,0.03706413576417042,0.018258069814014215,0.013004182402988954
2023-12-14,0.005845435089187632,0.025680414819109956,0.02897023476482102,0.009897077778268995,0.012805877315941044,-0.002461045937682162,-0.01476958102053126,-0.013123884500244022,-0.004865875157904277,0.013340658257668609
2023-12-15,-0.009208782757507555,0.001110058339368846,-0.005324070861037934,-0.005873105269251845,-0.0013264176447915338,0.005020362296786382,0.0,-0.017510318361345964,-0.008535228645486463,0.0020667668888235567
2023-12-18,0.0045351876568232455,-0.007999640694881812,0.008134625862249608,0.0033309961759990722,-4.4538364065622836e-05,0.002985964318299191,0.010355804043078365,-0.0022589965647598314,0.0016307697799363976,0.006185679464168735
2023-12-19,0.006790830606181726,0.005373792390201411,0.011926710684976064,0.0074806956381271526,0.00771045168033205,0.0037978660202019642,0.001957807435255107,0.0056772502806413305,0.006705026306959679,0.007802932409822271
2023-12-20,-0.005460866362358663,0.006752431575417526,-0.009316553055742683,-0.01799426319392557,-0.016288045994088268,-0.015225980395215138,-0.019609907223737958,-0.020494752326584438,-0.014584725366385155,-0.018414420712386272
2023-12-21,0.007045755720440373,-0.00634776265636891,0.0039023129700790477,0.009708564949485679,0.010266561816499974,0.01116740494291118,0.006956876534148124,0.0017641918441893207,0.012131251887226767,0.01510145928059339
2023-12-22,0.004424614031362715,-0.0045590115990100065,0.0029464178314698684,0.0021449179715920127,0.004784794899244951,0.0013027068066411359,0.0076110822656310344,0.003359135836887643,0.004974730067695021,-0.007383071488366575
2023-12-26,0.007591842151508473,0.0028388711349108878,0.008553374910138682,0.004009218074171477,0.0070465898938259185,0.00415684469064637,0.004203405957250285,0.006050030353963145,0.0022195366928486377,0.0042255333207288
2023-12-27,0.004527577262521436,0.01756475578630639,-0.0044434585270185945,0.003195694377527674,0.001490954960103821,-5.185004326530218e-05,0.004603306288743228,-0.0006351107304270423,0.004203269297422748,0.003434080873105473
2023-12-28,-0.005832413160524756,-0.007289627926832002,-0.015352185690261337,0.0029204857561982555,0.00026301297899577146,0.0011919515213138256,0.000417658998103691,0.007121844483558962,0.002572427062054882,-0.005210908729226055
2023-12-29,-0.001568069797763166,-0.009060614040876552,-0.0022636808990583674,-0.003186465169195691,-0.0012275027970004963,-0.003060587079759726,0.0020845573997196566,-0.0012623399929445702,0.0010270511320681116,-0.006188785339363533
2024-01-02,-0.0023566846852945507,-0.005781306271407393,0.01067748238815413,0.004246367866195896,-0.010139758691065955,-0.026533388628621393,0.01118246560550305,0.014422503667023837,0.01744465516255742,-0.009326798815585197
2024-01-03,-0.008371755159892112,0.004161854845335545,0.01615395945169515,-0.00851073882693304,-0.01500025560565457,-0.010242110470522375,-0.007856073735624605,0.0037285083763673784,-0.0016586182972543543,-0.020415766329334617
2024-01-04,0.0010041086074332737,-0.015311018120595455,-0.017688977261339667,0.003998530879047599,0.0012585923043372073,-0.007357383058682363,-0.001384717668940795,-0.0031060184308161144,0.004968079593717981,-0.007053691498471398
2024-01-05,0.00015844285681911228,-0.0096121739663115,0.0008267216657988077,0.004247285272014196,0.0011673014051591412,-0.0002715826362334825,-0.0022194767809550447,0.003726129283887087,-0.0008624853185835572,0.0015651363619735557
2024-01-08,-0.007846978293015706,0.009817787119148469,-0.011640390017645256,0.006337606156827623,0.006529932733184995,0.024782834647286527,0.007333192821721698,0.007257094541356315,0.008802274769249552,0.0168883734090424
2024-01-09,0.0003193058065587502,-0.006396286187908653,-0.016138996808814903,-0.0063376061568276255,-0.003125585841333184,0.001588070761810705,0.0026157207974693074,-0.008187310234159147,-0.00014231488099895767,-0.003709236967812134
2024-01-10,-0.0022906686849215973,-0.004668615269178431,-0.009883612761456911,0.0015882754437029135,0.0050849930906019325,0.008480557828828617,-0.002064473860961247,-0.0001551833519075657,0.00455035222973844,0.007972207649238325
2024-01-11,0.001971362878362661,0.005599501234143037,0.0025718872534081947,-0.0037096631523823157,-0.0023161270231388596,0.005075028535429071,-0.00013767158515404232,-0.0235452283423663,-0.0007097696233012308,-0.001305455447476109
2024-01-12,0.009746417465784744,-0.0019665908239158195,0.011189330852558264,-0.001860057481645563,-8.92349354592457e-05,0.003230434301400952,0.0031642212608183847,0.0057015918418596755,-0.0024874357757548884,-0.012112965563132171
2024-01-16,-0.009533481464917285,-0.017769993547030558,-0.02411512321817695,-0.006938933038701567,-0.010130433451973219,0.00249368365532583,-0.005509669340447468,-0.01095683372636903,-0.005995960637839954,-0.0011504594676612911
2024-01-17,-0.011077075533253301,-0.0015830365490913803,-0.008336076754193109,-0.0018761939112244394,-0.006780954495235193,-0.0049416206945195554,-0.0006909320181586163,-0.01463636548837198,-0.002006555859073164,-0.008786131649235855
2024-01-18,0.0081991767942437,-0.009339023505595444,-0.001625228391232532,0.0016085025204625517,0.01342662029396482,0.020081675459404466,-0.001244680067482471,-0.010751110910593803,-0.0001435120701169935,0.005673721475401859
2024-01-19,0.0029842685447011067,0.0031938356559352743,0.0032482287776413508,0.01594493164487727,0.006512897184645837,0.02278858590702645,-0.0029102924699841116,-0.0013110220105075501,0.0005740383184204978,0.009594836758341756
2024-01-22,-0.003785111631635069,0.005933992334471236,0.00373504910656679,0.004734444988373881,0.007706966517584351,0.004386815592456088,-0.004869614761096572,-0.0050965742296723345,0.004364416855076377,-0.004412587276941072
2024-01-23,0.0038915513093621982,-0.007955399135241419,0.002110521171822224,0.00157318029267151,-0.0007944732102862599,0.004020667918341345,0.010820063261029494,0.0018112785592701974,-0.0007142186018308758,-0.0024149757866910437
2024-01-24,-0.008281084265806291,-0.0058748520655949946,0.014160056982525827,0.003921899393337109,-0.006201343440827548,0.0068622240442446,-0.012355466128537084,-0.013749657153692666,-0.009186744367727102,-0.0038070798960374154
2024-01-25,0.003962127078988696,0.006513542632198133,0.022247362407747162,0.004945828367436667,0.009551662359713366,0.004173369184872266,0.00959215169544163,0.017854476181905228,-0.001515458304647965,-0.012444180649225008
2024-01-26,-0.0006949345993062643,-0.001917567196098622,0.007386004705669975,0.0036292003760393667,-0.0015855867573473183,-0.011580773942640387,0.004830410205916518,0.002945241670018531,0.005688679395603293,0.0045536915379859
2024-01-29,0.007033690942251831,0.011450542877559389,-0.0014251472989751494,0.002583823495285004,0.006502590980945345,0.009128077006724147,0.005766304195387814,0.006351113965304763,0.007012028709038269,0.014514518990887381
2024-01-30,0.001379574176667031,0.009025152756894653,0.010287993698198137,0.012565955091290514,0.000350246873856605,-0.008285733847347874,0.0055967995251378555,-0.0003245897763789795,0.00227894918681822,-0.0005743493700341125
2024-01-31,-0.0007426235867569977,0.009772160058694142,-0.01888287593939374,-0.012307970113510895,-0.01162480840542237,-0.021222032159870924,-0.007378031008476559,-0.0021134006503086703,-0.0013525525003374769,-0.018376856762397288
2024-02-01,0.010346957700093572,0.01942633833269069,-0.00012012577635410094,0.0015469206228412528,0.016864666555425293,0.012517386203220916,0.020227390657834823,0.018860932104000524,0.01288135422955722,0.01906582220842565
2024-02-02,-0.00949826692011521,-0.022336535312928434,0.0014379072869652966,0.004112988054417129,0.006684326032346338,0.010288175742929447,-0.00323057157990392,-0.018210153635480522,-0.0014778010988917903,0.017694649009962145
2024-02-05,-0.0055292461789592075,-0.020400210317540537,-0.002517622416731675,-0.005917893655037767,-0.005465722017868101,0.0022717967174308864,-0.0062212624641470315,-0.021036196256631667,0.003093880373054075,-0.014199105894593009
2024-02-06,0.0052110917695982265,0.009726265984011837,0.003235752412827766,0.002062425419729682,0.008920570523171759,-0.004598551682612645,0.002303702033808867,0.0036472205440998247,0.010823838250470952,0.006045117394353737
2024-02-07,-0.0002652330017039186,-0.004851530707151698,0.002031970786512651,0.007440684578188252,0.006616982673408238,0.013146033058518924,-0.0009480051370482821,0.0006618267820008328,0.0027051140747799936,0.01113858740358251
2024-02-08,-0.0009022539588233346,-0.00583121516017499,0.010216412274731766,-0.003841643759243466,0.00017130251469278055,0.0031256853595456693,-0.0002711022034022444,-0.007136305056845489,-0.0017330278035107393,0.004375956907305005
2024-02-09,-0.0038836838223869725,-0.0020226337118060206,-0.015484135474072418,0.0028188092553278585,0.001540336252444854,0.013368522051391656,-0.009258043871071021,0.0038232557528725133,-0.0007636475147431547,0.00708439706302039
2024-02-12,-0.0026153866387207837,0.0011715112029078722,0.010982778915878675,0.004595142396698717,0.0014526165351837481,-0.007631044287109266,0.007087346693533494,0.01154753253054804,0.0013182620636179292,-0.0008339420047949064
2024-02-13,-0.013884637194949295,-0.01728347989810327,-0.010142965309654384,-0.013591689556464089,-0.010298735502893053,-0.017114713276998574,-0.010787218466709067,-0.0167042334216694,-0.009335934788344201,-0.020117646408255564
2024-02-14,-0.0005962900909107332,0.005076129471000644,-0.0009595914769778067,0.009507893203980418,0.016597232489466096,0.01040162597391458,-0.0019239085151132635,0.005488547522594544,0.008642508612942974,0.01050275816452213
2024-02-15,0.006701308514327959,0.0051582399544222845,0.027470078152362867,0.016990352664879912,0.007438692782055013,-0.0021011676909462205,0.006444204452028847,0.016613557879293205,0.007260104016917376,0.011504614149445867
2024-02-16,0.003655878672840905,-0.005804792620905277,-0.0005839204233354719,-0.0035262178115391157,-0.005997417419196706,-0.009237798001733313,0.0015022728640526222,-0.0011426233508947867,0.0032326517302944833,-0.005959145345232946
2024-02-20,0.006045896751115192,0.0008623101428469027,-0.009157298312706199,-0.0027795347008653347,-0.0031396870791026293,-0.01022146012918826,0.010452751938174793,-0.0006534095994640627,-0.003370369148339053,-0.009485205640048053
2024-02-21,5.331114505738622e-05,-0.007134453464646343,0.018578387730314807,0.003031791715037951,0.003986624766887078,-0.006303883795109856,0.0036395244754991525,0.013150633832390747,0.00220240382380215,0.007360316407608644
2024-02-22,0.0004266309391015458,0.004869904127461925,0.0017350952021437283,0.011537635880427744,0.012283503720899792,0.03219893574969054,0.003090046700679694,-0.007772050784485532,0.011688032242321053,0.019238203737153493
2024-02-23,0.005635602023986369,0.01329775155005501,-0.006609076874495288,0.00497502859302563,0.005254212084830534,-0.0023356499363688978,0.0030804193551740087,0.007126627210026719,0.004745467187461955,-0.004512998490486458
2024-02-26,-0.002229172292928307,-0.002987287515442233,0.0034839057342662366,-0.00497502859302551,-0.001498407289188403,0.0009739635113121131,-0.004019900539034974,-0.019886528092841697,-0.0051532466959272535,0.003084212037665937
2024-02-27,-0.0010632481058260926,-0.00707698711352197,-0.00429859833689409,0.0027393870619598047,0.0014984072891883063,0.000875485909911705,0.00013425010728077415,0.018756148759580867,-0.002450175200198846,0.0032937901770916963
2024-02-28,0.0018068578078276945,0.0063287237421528145,-0.001981197528309611,0.0037233951574199143,0.003404600779652997,-0.004727515589751382,0.0010734611887574172,0.0030653360182452227,-0.004987314304865697,0.003938824021676132
2024-02-29,0.005137049487700812,0.007032407398265984,0.004887784925894467,-0.0004954762087098062,0.003062503776039861,0.011076871874250398,-0.0016105697903145695,0.0003220415611137202,-0.008183528297880223,0.006746848734185957
2024-03-01,0.018734204946424346,0.006211735790840841,0.011542032097299504,-0.0012403046785915942,0.004288392004971601,0.01809773379744345,0.00013430419834002552,-0.006137915943798117,0.010441077537581235,0.003302517635416508
2024-03-04,0.016045575240364,-0.004030210072869509,-0.010729798175908793,0.002478877376452008,0.00361423608713186,0.0,0.0008053378788320298,0.016709924154378164,-0.0015045747979895608,-0.013604309645401155
2024-03-05,0.006002093012312388,0.014140870267131692,0.007396409135334046,0.00024751101022489516,-0.008233347478745002,-0.02488481251863791,0.0024126719167051865,-0.0028722024531467874,-0.007487450055836284,-0.012514954257416255
2024-03-06,0.008181839163568495,0.005851091866213805,0.003103973356983471,0.005184602123775754,0.005194857337980786,0.00789757151124354,0.00839848154806606,0.00954194905862297,0.006803138624395676,-0.0035568799126818153
2024-03-07,0.005667751261581818,-0.0009379762411628045,0.008458188051180033,-0.0014786853490149489,0.008027563937361424,0.015657815454787078,0.005691877252897725,0.006468441634998594,0.004645966680510824,0.007598672183254881
2024-03-08,0.008417025116951235,-0.001774263672605975,0.0035219612409092996,0.0017249528733046656,-0.002205168675367389,-0.014982391953712202,-0.007951185985263724,0.0025129773326646827,-0.001842406362355114,-0.003709109162738947
2024-03-11,0.0018333385345244608,-0.0005222973284139636,0.010268248152778506,0.001721691400505006,-0.005164685389414532,-0.0027527153288824796,0.005440211877659811,0.005007152107751946,-0.0005462741325094651,-0.00272120854753504
2024-03-12,-0.011000916093968595,-0.008396550665187397,-0.001573004525180049,0.004169254760180805,0.004428439875238059,0.020297502729916192,0.005147524275025256,-0.00972412067050759,0.00463551547363284,0.008582720033564141
2024-03-13,0.006982966028737541,-0.00485984059705681,0.015839765688642052,0.007315453999482844,0.002696578349081086,-0.0108635741679334,0.0024980981064906967,0.006754134858949659,-0.0038841815772727526,-0.0020971568113188387
2024-03-14,-0.004183879789555221,-0.015476078112971695,0.010239520305394179,-0.008049806339260225,-0.0042524274428343885,0.00019166298691634075,-0.007777953728678297,-0.008015807140777284,-0.0035570794647075596,-0.006374448993288073
2024-03-15,-0.003199519647615038,-0.0003226855708347974,0.0029533204012530054,-0.0009801696894225678,0.00016384010274725697,-0.015202559719300584,-0.0003972064308703325,0.001419261421441875,-0.003981892605357674,-0.010003158292725198
2024-03-18,0.0016010012977577042,-0.0030173681640136944,0.003451181000039772,0.005717186425020892,0.0017737525112666666,0.0049029031367676165,0.006407873474447155,0.004597042996315996,-0.00011735805777054486,0.007609267148369227
2024-03-19,-0.0011504677080451668,0.00280197566186805,0.011346407400698871,0.004881651954073687,0.00857824789077206,0.0051731486093155015,0.0037037398590109272,0.008817602330250704,0.006607119209186335,0.00862081148925927
2024-03-20,0.011841472011166752,-0.0003228592756261479,-0.0014112913934814103,0.011860384868473246,0.011967534602254946,0.01112559951678921,0.0030322047199122636,0.0012532349555858754,-0.0022664225557831683,0.014787492191202652
2024-03-21,-0.0010391759354036452,0.0021505491472938575,0.0059571417045971185,0.008147413595945119,0.009838021589480248,0.0007151632288372722,0.0005263290618089473,-0.0015669002082381968,0.0013054025985210313,0.005821765857567976
2024-03-22,-0.008053310017860795,0.009515543375197626,-0.0021621135754840517,-0.011521833233355702,-0.003428294782825512,0.00033353844170372674,-0.004879571912176857,0.0014104029309840553,-0.0013739781838167182,-0.008772793716539148
2024-03-25,0.003189315361775875,-0.005013741455649922,0.009264276111900586,-0.00387046061117041,-0.0064901507411258726,-0.006643975380868557,-0.002780193484075922,0.004686754897593474,-0.0013760859151567381,-0.003289166078748975
2024-03-26,0.003228743279298674,0.0027767204578989565,-0.007750218014931666,0.003387483364411752,-0.0036240151590693384,-0.004132819249484401,0.0005302026094111257,-0.011443045666064987,0.003642447194034767,0.0012623387481891883
2024-03-27,0.007214572450620787,0.009868530022506403,0.009250411778984717,0.011766305256939901,0.01592742966017542,0.0050916037407305135,0.010413385382102498,0.027522404052571933,0.01322086426036789,0.011504597936932657
2024-03-28,0.012817528202410179,-0.0008446706768149415,0.010755537795222102,0.005475575896034498,0.00015875018529791537,-0.0021584850770785258,0.001310410252258943,0.006878194016820355,0.00013535943747043506,-0.0030948897983459054
2024-04-01,0.01015632882706488,-0.01881723332254988,0.007387119440002502,-0.005475575896034494,-0.0077306332366463846,0.002781231997217776,-0.008020546360276137,-0.006111527174161397,-0.008565570310803454,-0.00747806787244951
2024-04-02,0.014664311961913869,-0.0055254562729266914,0.013887000856360472,-0.0052657123318348015,-0.004651107515286438,-0.009670805572035687,-0.005162010106811112,0.0016844400902190882,-0.015688975107433126,-0.014847721517299179
2024-04-03,0.008734121015037044,-0.0002175094971120287,0.006820249826792515,-0.0004800789068444029,0.005131026348795744,0.002655370288301126,-0.011074904639973897,-0.003985957780818063,-0.0011103307169519645,0.0007226978445372799
2024-04-04,-0.005751211782367894,0.007146898394391294,-0.000618096522916991,-0.011348621071627927,-0.00883546544233606,-0.01594196485238896,-0.004302792070106671,-0.001998859366446204,-0.014546731665196416,-0.011794240965858564
2024-04-05,0.01696939930469014,-0.014016594015049715,0.010660296628919116,0.009425997361919703,0.013781207462782951,0.011399080491481372,0.0016157715259222263,0.002920226277666548,0.008907201964631293,0.005551093865788812
2024-04-08,0.006209168519561451,-0.00010975138299591703,-0.006341622453753474,0.004320528348784798,-0.001752239080521059,-0.0011630264395386866,-0.0014809338198058337,0.006577314266275611,-0.003217027088801143,0.009460865527208243
2024-04-09,0.005482001328254696,0.009258988920073702,0.0003078893541749216,-0.005765020611186547,-0.002314228597558523,0.0050306873777011514,0.0048385289463544435,0.005473621790797066,0.0035660524269784007,0.00469690653011246
2024-04-10,-0.00950892303540449,-0.022034453166327177,0.003072526599147516,-0.015048702810922592,-0.00858587863789321,-0.012331371947637525,-0.003626673062168826,-0.017282672578356403,-0.011795401333143444,-0.015556538521644443
2024-04-11,0.019246832874495322,-0.004554535200760014,-0.0007160179062442559,-0.0071176924822737,0.0011277145890101871,0.019782495878786607,-0.0024252906598417664,-0.002007377455945793,-0.004104899520451939,0.008030689848110034
2024-04-12,-0.013327746093360097,0.0053304656105834965,-0.016404974303591634,-0.013389503154988006,-0.010763740118368796,-0.016320344069467967,-0.010168789434138974,-0.007603591742818392,-0.015004310893053579,-0.016352483176450525
2024-04-15,0.01854610800435578,-0.015627292835889484,-0.009406379192048071,-0.0050051358267155874,-0.00718602771952324,-0.019167977230141714,-0.0040965806736157255,-0.009232497600180104,-0.0020178219483077135,-0.016796537185042097
2024-04-16,0.0012212692273934644,-0.006659619739812189,-0.008753873418512567,-0.0067966845885547855,-0.002297428986365048,0.0011902308683206565,0.00041016101568169583,-0.013293429754057576,0.00036046559067916213,-0.005700777348354436
2024-04-17,-0.007395532411290185,0.01103756461308749,-0.002864245057744389,0.0025226175762999396,-0.005188352254790423,-0.014528034807399642,0.003686419657933991,0.02065506564918585,-0.0017320366507482597,-0.0048624220611111595
2024-04-18,0.0034096367107846366,-0.005052998021068629,-0.0030855736556257406,0.003521343611930417,-0.0034738520910485913,-0.011481335283480332,0.004622659419461876,0.005602368345179218,-7.216208496604943e-05,-0.006228241983074297
2024-04-19,0.0031266420969038923,0.0035956551115695567,0.011969788726631158,0.013714176115475157,-0.0018245419157114234,-0.020817513074711753,0.009719242507696457,0.015246259049345968,0.003749288578469049,-0.00879732762218265
2024-04-22,-0.025012716627157542,-0.001683983018259851,0.0065070963189654335,0.012061543575220652,0.007525270559403012,0.008894053630496767,0.009492750226061858,0.009128151252824424,0.003807134214993062,0.004408201403938633
2024-04-23,-0.0024616906480957905,0.00033717400073077263,0.005529284363678473,0.006341512655586392,0.01382722363254905,0.014717462194145605,0.002790431060539066,0.004684054182815567,0.012964166759684372,0.01183528198527568
2024-04-24,-0.0018618228395408355,-0.007101229318209765,0.0007281014392337549,-0.00024316216539497506,-0.007994897945610055,0.00455499131210908,0.007535176443239816,0.006011472697302135,-0.0031189619356326134,0.009517484259061638
2024-04-25,0.005945756955740473,-0.0070384201162282094,0.004563576594417958,-0.005853604856723977,0.0030260477217451936,-0.0021736246092226544,-0.0023731663364286886,0.0026931848602105538,-0.006695545752634135,0.0008607266615000366
2024-04-26,0.0032366836371748075,0.0052264817128522606,-0.009252898874684607,-0.0014688912514162899,0.001631860531942417,0.011222218632786995,-0.00211453888845731,-0.010968378102667526,0.0002858823371759878,0.008965088548702978
2024-04-29,-0.002033283758808563,0.008351336054727904,0.0067663341041153445,-0.001470859038476833,0.006662880908873272,0.004294409265311216,0.0031699748419572447,0.013505546560074955,0.0033524197282396835,0.02298439430348616
2024-04-30,-0.02013850411793736,-0.00857802378689644,-0.030227352166728106,-0.00986186097132292,-0.01600036594648709,-0.02227012691558298,-0.004361404125523041,-0.00523035331761794,-0.0007125220252424241,-0.02463430593214178
2024-05-01,0.009021337418355644,0.007343952961375078,-0.016060646721919685,0.0,-0.0024717591774694125,-0.01029386150142514,-0.006377981845815274,0.011471023005751306,0.001780241791522485,-0.0062832285513071545
2024-05-02,-0.003091862325121168,0.004281647281471288,0.005742648766641618,0.0024744521531218098,0.005757941430896742,0.01431074972231706,0.008362873990511818,0.0053184237361266545,-0.0007117613867298584,0.012527224520600209
2024-05-03,-0.0007979449099420573,0.01006822467543605,0.00010781005670899645,0.002221861518591951,0.006947701869029435,0.027478564224973814,0.0030355942239456302,0.00792520962757987,0.0024883913030909503,0.00671121611398343
2024-05-06,0.010463427933373832,0.003888561730537148,0.007855206661041815,0.012742203910108465,0.01004947168667226,0.011681539837388323,0.0005270591688947719,0.005102937660270336,0.004039264973700595,0.010622835333292032
2024-05-07,-0.00461094049941965,0.006079579223739713,-0.000965117187592491,0.0034030323509874746,0.0027379167274086146,-0.003274635917855384,0.010873234650601006,0.011280046316097444,0.008240250297896297,-0.007199904559004069
2024-05-08,-0.0029453952906236033,-0.0060795792237397705,-0.0011809316639949,0.003633300774919286,0.0,0.002835528799135119,-0.003001237512175413,0.010442508490952846,-0.003442850328770215,-0.003760241960747627
2024-05-09,0.01565541986116323,0.004866506223269201,0.013337172206231228,0.007467247783502622,0.00992247719655327,-0.0002929710030593898,0.008588239814221401,0.015112427794605995,0.00855025718494664,0.006780506360413356
2024-05-10,0.008079783894319735,-0.00564317646993852,-0.005526683558286251,0.0038324506762231966,0.0007163543996290602,0.003704363371391182,0.005684892050940357,-0.000981745032128261,0.002021591053553108,-0.0053757495292291865
2024-05-13,-0.0112653199553874,0.0025491006179974465,-0.002668017982023247,-0.004072461320176257,-0.004225895751216766,0.004708204018834785,-0.0028384582462958317,0.0,-0.0009753544019962711,-0.0012923071264641193
2024-05-14,0.008426442720749588,0.005628758302510633,0.0012816481336004905,0.005028165984413673,-0.00023967616365986837,0.00882253785310671,-0.0019398664322760036,0.002662432733724421,0.0042432719994789725,0.004543662521102271
2024-05-15,0.012757032448187737,0.013555260308761937,0.002238506225683218,0.007376533518429715,0.00653224532990403,0.022261567363580065,0.0006470750425777104,0.014862400008283136,0.01474557140351538,0.0015098334658702303
2024-05-16,-0.003900942141432421,-0.0009776028955151498,-0.0027722977224562523,0.0,-0.0059730275981546505,-0.003479618342215008,0.014129914553985266,-0.0034528719208114316,-0.0011633556737113736,-0.0065033706953815645
2024-05-17,0.016363162829441707,-0.006761291186072825,0.013891304290720151,0.00732251847234553,0.0011176233877058348,-0.002216471596125872,-0.002426255110874724,0.0008298800672853909,0.0019154517858222613,0.005105290946317898
2024-05-20,0.004015863208074463,-0.0029587959902156007,-0.0065504940163507675,-0.013744165959850969,0.0019130959854806598,0.011686679716370158,-0.0069286254685820056,-0.001660225471621368,-0.002120915844304485,-0.007470459318565433
2024-05-21,-0.0014706294501547247,0.005144653789001842,-0.004887881142054939,0.0064216474875054465,-0.003270381650504009,0.001631848387145391,0.005905118052397797,0.008959836472096557,0.0017109479217884479,0.006406773327741882
2024-05-22,-0.018544867564565436,0.0012004566763179735,-0.01935968774624442,-0.00570608086212841,0.0011976747971066267,0.002233652310871848,-0.003975627841449837,-0.011871880074018017,0.0017761049933582226,-0.010474232287349056
2024-05-23,-0.020146148039186556,-0.006454894327193337,-0.00916424552285362,-0.013925855780264295,-0.011881007042354813,-0.00816751841019154,-0.01189267715449727,-0.017087252346516688,-0.010980733378271303,-0.0163228600923887
2024-05-24,0.0009266841017383871,0.0029588464639433293,0.0014238113796109656,0.006026413624805638,0.005074802036044265,0.008399923309982495,0.0025974410971406348,0.009979639974164954,-0.0033872695609362662,0.010019283446812806
2024-05-28,0.01045829379441463,-0.014439255269363382,0.010235134785387338,-0.01111664343037553,-0.01228804713451053,0.004219773081987155,-0.00781254628327715,-0.0009795470980802116,-0.01219160733401844,-0.002452493918328519
2024-05-29,-0.009347362870368874,-0.012175766876948648,-0.01781555529681934,-0.008051900892359317,-0.014254421957299453,-0.006359779923544773,-0.007215694406476841,-0.01296325600875376,-0.0078105009308952885,-0.0065888376282560645
2024-05-30,0.0018949634848047382,0.009618638902907588,0.0028631465463251618,0.005375163101130259,0.006824995647338804,-0.023083691823638786,0.0026300994728618815,0.013383276397971301,0.0004944186852770873,0.00590339742592979
2024-05-31,-0.005881436093592545,0.0067671448448900695,0.024547565003699697,0.014514010563955121,0.012055268055743579,0.0015714447317239572,0.015506128614749511,0.01747875216701567,0.014509731847391157,0.005584604374408346
2024-06-03,0.008878251926791354,0.016045189017420806,-0.026528987128723164,-0.006263598735260072,-0.012301137215551924,0.0025187211744589497,-0.0003880356084359001,-0.011479340801900653,0.007004105005957499,-0.0004546450224591425
2024-06-04,-0.009017596418210323,0.011613585331567111,-0.00963196436072533,-0.00460218404171198,-0.002462086651522214,0.002086145653050933,0.00862898180924993,-0.00041750753337888014,0.0028981242602336243,0.001022859060680488
2024-06-05,0.011775993219294973,0.007310770571777856,-0.00011120548155851734,0.0029092009520955693,0.010056124171587461,0.021970741100640442,-0.0021825039331842583,-0.005722117376401679,0.004537138582679913,0.005832770418096358
2024-06-06,0.0073641743967564136,-0.0015009137853731838,0.0052154056180093115,-0.0004843588619417827,-0.0059561575258197195,-0.0033416642385831006,0.003079981240974184,-0.010410956971601751,0.0032871984436561646,0.007257686723582911
2024-06-07,-0.03633551284065831,-0.018515885753241073,-0.00399228268429875,0.004591063538263179,0.0010634257820592347,0.002321766474488668,-0.005009305909582942,-0.01094887495065845,0.0010930126037305833,-0.004100484782533177
2024-06-10,0.009126408480626166,-0.006688786291647601,0.0075279064865805215,-0.0038646607964503885,0.0031013379263967584,0.002547617971278027,-0.0007729184448118293,0.01278596559608181,0.0036811960891066724,0.003203244486593431
2024-06-11,0.002852538250894446,0.010288814343160924,-0.0019872387638476866,-0.011439968540096558,-0.0057207020376601895,0.018427486169758547,-0.0005157493410825789,-0.006088492659423555,-0.0041594038497346384,-0.0026406087240900436
2024-06-12,0.002658183908153708,0.007485694011758775,-0.010777354463832748,-0.0009796762302548602,0.009462441590854387,0.02187809628384748,-0.011019727944652708,-0.0065546948623880375,-0.002119974693692244,0.010353620957292238
2024-06-13,-0.008183543017197694,0.014592820101255,-0.009202056404501956,-0.0007353875334631868,-0.006434541129438326,0.007878781793642183,0.0013028330598118228,0.0022847952189894803,-0.0008222132505499377,0.0007790884161982942
2024-06-14,0.012876289526632455,0.00837965215445372,-0.007468553878465723,-0.0031927497925459277,-0.010101418546170207,0.003740456453508161,0.001820826686466348,-0.002427573293259817,-0.0003425540841969391,-0.007931089742841835
2024-06-17,-0.00520517570045054,-0.009978703824586268,0.0026090287475367176,0.008816853011285236,0.010999867708356358,0.015039783909119045,0.009442208248130057,-0.011070548728912076,-0.001028800049439167,0.017399265875312646
2024-06-18,0.003999264104052163,0.009133211752204823,0.0041829660244354526,0.006320028085850302,0.005373681812953592,0.0012540548107427742,0.0012865747224181674,0.00043350702538911607,0.0013028959646057595,-0.00336720798735958
2024-06-20,0.012407060942233218,-0.0066823650909509594,0.018221767352018498,0.005316613830607619,0.0006495460938371517,-0.011299074915683634,-0.00218812147167587,0.008633340674367792,0.003284058889670098,0.0012708548735617564
2024-06-21,-0.015614512577113587,0.0,-0.005777020131667841,-0.0038638227059122105,-0.00211223423138433,-0.0017498942044322742,0.0007727153349267598,-0.005891141728902697,0.0027965668669690503,0.008413808944032663
2024-06-24,0.0039497558204108826,0.004036103226719466,0.024902266854484992,0.010222706595952317,0.004242383907777998,-0.024821911082263153,0.010606795491150539,0.01306150714706743,0.0058162606357980385,-0.004278734639658677
2024-06-25,-0.004974590412272902,0.0016944809715955884,0.0022978438587820107,-0.007481664648483119,-0.008568340527297021,0.018177440527834484,-0.006438251452270013,-0.009508747674622751,-0.003132551781783531,-0.004031484497638399
2024-06-26,-0.00927101143578294,-0.014388732351668123,-0.009885918830414984,-0.006318140038678015,-0.0027080837014978394,-0.0011484327419402215,-0.0020691292041846174,-0.004206848024099828,-0.0035525530700874154,0.014394382378198943
2024-06-27,0.011273144249924162,0.003964182483353314,0.0023155038633274846,-0.0012198264870600687,0.0010675642044534956,0.00048602849697181505,-0.00428108978289826,0.001742975877421549,-0.0016439311274382474,0.006090516309610901
2024-06-28,9.297215668029186e-05,-0.01878100279731973,0.0038472982348785245,0.0034113330111684684,0.00041044642223921415,-0.0005303485966489101,-0.004429807742680568,-0.011236981509728676,-0.0008228183327397156,-0.011176370562970711
2024-07-01,0.0026012036358740546,-0.017409496902481468,0.0005483066126988293,0.002186809430602954,-0.010807369365782549,0.007530365533210021,-0.007076641986296506,-0.0069215276957918185,-0.0056419782456876046,0.003393498264080433
2024-07-02,-4.643502198153371e-05,0.007755259718216595,-0.0007678551244619621,0.01158327507929315,0.005459606142836864,0.0049887663894244575,0.006945896523233209,0.005158838205426132,-0.0036637509019836595,0.019264655288297846
2024-07-03,0.011209933637062129,0.01304776841045533,0.004379810538788546,-0.0031239042680072156,0.003623269248747008,0.013398508113583028,-0.00169926394829662,0.006009699679362181,-0.007646727454428757,0.006357763260831265
2024-07-05,0.013396660734694534,0.008244690489121432,-0.015746579969275788,-0.00024079209680698518,-0.003623269248746907,0.003053580701276595,0.01222226496788114,0.0017519032325770622,0.007716071645108971,0.008115073178439607
2024-07-08,-0.012479622087256387,0.002158489466670513,-0.0061231163070995,-0.002651411929144871,0.0012366647582226747,0.006804269475521276,-0.0015518667408593036,0.0010207033352592609,-0.0011087767669825574,0.00047541358769496067
2024-07-09,0.0016943111880903482,-0.004429695611533147,-0.008860962268821243,0.007694126680176967,-0.0043764839673204586,-0.0008106639506236896,-0.0025921882412634632,0.0029101846170526864,0.004841251462725214,0.0033209297710145467
2024-07-10,0.003653653384415535,0.0031351789939787628,0.006736955663355982,0.003825023516794656,0.008897732171316279,0.014408170459769148,0.0044024826528802794,0.009400753562950752,0.009407033615184364,0.007497237537017664
2024-07-11,0.017578001160184497,0.00966822845391015,0.010353613609091704,0.007843197913250072,0.012633181934799686,-0.025352272926262246,-0.0037538053729629316,0.018116228955783978,0.007014643337332632,-0.012773682891310978
2024-07-12,-0.0006272936376367233,0.004267069709929815,0.002544086668392338,0.0033088435725593074,0.005733957405090026,0.00889308699018476,0.004399530974609186,0.007323911220599877,0.006224319600959197,0.012982713660067022
2024-07-15,0.0032219172131206842,-0.011563013699077123,0.01502138345121659,0.014523532277430534,0.007141496446636421,0.0017948520107451363,-0.005827010931993802,-0.024576802936726594,-0.0035132950210671654,-0.0011494413151392426
2024-07-16,0.01972987782004887,0.01400865399392992,0.004451977658453325,0.011330944043143215,0.024639863994063545,-0.0033358459284041266,0.009564368352815765,0.007736218706148448,0.01417978272235402,0.01777373220695349
2024-07-17,-0.0046540195707981385,0.00021208357228232004,0.009918064665146222,0.007559148784198232,-0.01287601846558982,-0.039673050459579424,0.012781384194906582,0.0005707514806982361,0.00452730866991883,-0.016833321660570125
2024-07-18,-0.006401633154546521,-0.0076735083457440826,0.0018220831408426858,-0.012168507050776866,-0.007853907179838,8.923948508012497e-05,-0.004965297508503287,-0.0008559631435178401,-0.022980134665205817,-0.010237576434280094
2024-07-19,-0.01810066223064627,-0.005901250504594773,-0.010981935084147364,-0.010216074183656701,-0.00551041938516692,-0.015766947597998203,-0.0033240163774837525,0.0011411595800721235,0.005084834485858096,-0.008958197991687993
2024-07-22,0.0003156824791686295,-0.002910017130638995,-0.006299038997628452,0.005585553181617014,0.010119280158250815,0.023403102550101848,0.0006402262187715419,0.008377988346593595,0.005731812525672778,0.01096144157584453
2024-07-23,0.003510507096461622,-0.0014042614523519918,-0.016033578298406227,0.0018546369728111283,-0.0019045006629985154,-0.003988491289063056,-0.003589798912448909,-0.006241204268195194,-0.0006050102688424778,-0.004486436889595124
2024-07-24,-0.0035105070964615765,-0.01086733972239532,0.00011057384262872153,-0.013760858317422318,-0.021760133323091006,-0.04226603574157694,-0.0008995951813108854,0.011178213611367923,0.008307902149789494,-0.04175246803001395
2024-07-25,-0.015768400613655725,0.008161578968684214,0.017120813228526873,0.0037503271411211416,0.008004338417733337,-0.01075809957075504,-0.0011574604880534045,-0.008336555610445525,-0.0050168075754127755,-0.003923998885396727
2024-07-26,0.010479424389843233,0.00777273821486437,0.003150577689913467,0.015554524762951456,0.01692788867055693,0.012609079680628821,0.010115980622823715,0.009742374559937208,0.005617233113318301,0.011123369364447393
2024-07-29,-0.0014060442276131696,0.005362755298947221,-0.008606207741885363,-0.0013830065850608864,-0.0017434093463961154,-0.004448393924141151,0.0003819833279606526,0.004486193485525758,0.0005998557130792025,0.01656444735263645
2024-07-30,0.009935936183544556,0.003843160274610362,0.015416648429333959,0.011467953132776298,0.0029303628747944293,-0.025446456276891845,-0.006772814265608939,0.005162182247816506,0.0008661375193053026,-0.005563279704233955
2024-07-31,0.017948680176280075,0.010177353329843894,0.0041929062652614505,-0.0025116505340942712,0.011088886138369223,0.04147906634026232,-0.0017965873779929745,0.012858883966412368,-0.0036689680751908938,0.015371626828059055
2024-08-01,-0.0034488837098835684,0.008587726747220964,-0.02685671179435838,-0.014276148149068774,-0.018709760811050833,-0.038007445978976845,0.009206021301235524,0.01783694200349876,0.010173176157040404,-0.02484069273748479
2024-08-02,-0.0019064443892983563,0.03068573427262698,-0.026126297792618696,-0.024889783981090527,-0.0222394124537641,-0.02850739070279175,0.008743769882223347,0.0016181754885392467,-0.0019865247061967737,-0.03749211979788309
2024-08-05,-0.012773165762624666,0.005277339774532607,-0.022305813786998047,-0.029435123690261928,-0.01750747646430942,-0.033881342319482116,-0.019878353490641223,-0.026763063449135725,-0.027076892255794644,-0.028677165320160836
2024-08-06,-0.008032891286850028,-0.022622712978546608,0.006111966820052189,0.016031381505414805,0.011951653871254598,0.013501219261750973,0.006925772529276179,0.008406393223651554,0.004620625801523471,0.010980620446397162
2024-08-07,-0.0006798590470787476,-0.0070649612769766315,0.004015833010432467,0.001204163033139433,-0.004845828832043418,-0.016334953477275704,0.0010219580073282614,0.005610723189350301,-0.01022098910935939,-0.017603556051641243
2024-08-08,0.01556622880577821,-0.006170622206663985,0.02129922458738686,0.015996557125633578,0.022791065800114044,0.036666248130368576,0.009024553231593497,0.001091106269223388,0.021880681945105722,0.021582412010723924
2024-08-09,0.0024522519879110324,0.009813353851288757,0.002239388058561491,0.004254322400640244,0.0001608489302894288,0.004484137969199092,0.0015172375907066586,0.003401876952957491,0.0049462293796646364,0.003332392443268431
2024-08-12,0.01699935451192235,0.0036292537891160583,0.004909018383590749,-0.0052023554981075705,-0.00508193076945798,0.008136776773932238,-0.0050664366348002225,0.0017646001193056737,-0.0038077981861127782,-0.003965681797305475
2024-08-13,-0.0015335341694870399,0.006911294572918238,-0.009729990182924792,0.008263637837138169,0.010458602598891269,0.030264164792187805,0.004560946506973828,0.005814478149353695,0.012041644493805181,0.024741741348226744
2024-08-14,-0.008189191333500994,0.006250903080943491,0.00582700855518773,0.012152539820765508,0.004073334037935386,0.005460754299721664,0.004540439614582399,-0.0006743399732716714,0.003564583016057635,-0.005351172370283829
2024-08-15,0.0031339290416113642,-0.008103320270704574,0.011884316667588738,0.009248606802350522,0.013380561487710772,0.0283582579383972,0.010265143156417756,-0.00013496587586368761,0.006240318188862254,0.031413253618225855
2024-08-16,0.022140811735288115,0.0034957670994669892,-0.0011047266555427467,0.007337824256971314,-0.0014167146854728917,0.001672594050924765,0.002736480271730293,0.0044429908825589365,0.001047074996707378,0.0023507606101325165
2024-08-19,-0.0016393656726291592,0.004607553171237634,0.006720068621889056,0.0054682034407296815,0.006046070060987459,0.016351657930643144,0.0033479131731845796,0.006560730533474965,0.006065450895764871,0.01221155131528729
2024-08-20,0.003663270802502215,0.007936388163640194,-0.026704084325476343,-0.0031861876244693157,-0.002743682894061997,-0.00351657774711704,0.004939628819104126,-0.0021373925335067,0.00402308755390115,-0.0009174639901835016
2024-08-21,-0.0013345079227064104,0.0006079419294729346,0.001690134435813189,-0.0015969535689491746,0.006026318509759738,0.005868836665147432,0.00675217365662616,0.007063377510800537,0.0016821585553314974,0.012554982118870404
2024-08-22,-0.012047289256478088,-0.00997550992054442,0.002585847052124008,0.00569159359147223,-0.0012493070401834447,-0.023276316843635826,-0.0014693072910452558,-0.001195972465921968,0.0006462547851412007,-0.017426183877499377
2024-08-23,0.011487194343258775,0.006526000345648006,0.014823391198383152,0.008589472448540187,0.009950360493860413,0.01606878005242908,0.0028142296560477176,0.002788274318838551,0.004319399793342951,0.019131019770166895
2024-08-26,0.0031842629268955657,-0.00254433395309755,0.008921206087683015,0.0031462678264197593,-0.0010835609363860938,-0.012626221552655088,0.007061905410069549,0.006475968102172939,-0.0005146607100666658,-0.007801602852948877
2024-08-27,0.0027030152296240286,-0.0017336363963447467,-0.009363955194518459,0.005146956221576972,0.0006194857050336605,0.006040983273376748,0.002423815559529339,-0.007935543385794495,0.0015433902279708945,-0.002632078594963756
2024-08-28,-0.007051666972008083,-0.00122569444497742,-0.0064400561836474345,0.0024523835136702255,-0.00046465398158744233,-0.0138944929568208,-0.004245249288460083,0.0,0.0011560319088151057,-0.009728854798695018
2024-08-29,0.005164620716356872,-0.0032756846640716432,0.012949191205908378,0.008867345388835709,0.007020895562952211,-0.009064712925370812,-0.004996125692442505,0.005429325600119936,0.002116061364788075,0.0011943035391433206
2024-08-30,-0.0071515197828322195,-0.0107206282462605,0.003731786432985293,0.009445488545831505,0.01063012558052973,0.013203423820760452,0.00790915831924062,0.007499783173712575,0.006893814008491487,0.014968182782196046
2024-09-03,-0.00433295027353233,0.016223012236014633,-0.025183048978647437,-0.007461097699384058,-0.022384845777767743,-0.04701913361517745,0.007004664520607132,-0.0014429182592387907,-0.0019102250362383224,-0.013829666414583067
2024-09-04,0.0006077417877377091,0.0128080230140609,-0.01391508988892147,0.0011007785273728114,0.0010105621622093451,-0.0025723608291332253,0.004682898313944627,0.008496151215884677,-0.001722067019797297,0.0025974540029839095
2024-09-05,0.008297784905919918,0.005639759883813733,-0.0077767698191662646,-0.01106208531103697,-0.011725149152337794,-0.0015274848209614895,-0.0038406607592314313,-0.002476274495058916,-0.013821763179613835,0.011285662826175396
2024-09-06,-0.007430165851405642,-0.00010031048709082131,-0.012593332861142057,-0.014791881205453525,-0.010194942927161327,-0.026279576833781522,-0.0020463635715459922,-0.009570523849624863,-0.003436662795355326,-0.02560159630132087
2024-09-09,0.004197056104325384,0.0043094782562392445,0.007182707957603383,0.01479188120545355,0.01521454531935419,0.016246012550099272,0.0076821763938571055,0.010092360124482967,0.0069905442607413595,0.01447808715753145
2024-09-10,0.004394427867848139,0.006976391390792983,-0.017349224395617712,-0.010286273228508828,0.0017195747175235419,0.014846508900438836,-0.00023917386311293702,0.0046838962411818435,0.004569368529212784,0.011390552938324645
2024-09-11,-0.0015918222264343484,-0.0007947330927155537,-0.009322269880015019,-0.004731501788083095,0.0017948472341267985,0.033562355743390525,-0.00937268291718585,0.003110418857389501,-0.0029581060632897505,0.009940897058249545
2024-09-12,0.01741476344611925,-0.00468254414346215,0.00896977171029867,0.002255762207890328,0.007688368010605457,0.008240242252633048,0.006138176480865666,0.0021973097199239388,0.003600064581437948,0.011203802616488468
2024-09-13,0.009894570827460453,0.002692574757596326,0.005623982993751825,0.002925080218021525,0.010083620897932086,0.0050027088404991215,0.007054535793980683,0.013975556741706677,0.0020512606529639135,0.00677694277268222
2024-09-16,-8.375168155593023e-05,0.009120744036761726,0.011384844125648746,0.012946598335032007,0.005118260964349547,-0.00381795910573349,0.003924225261644718,0.007610226055793775,0.0068921538939403885,-0.0017159407287970579
2024-09-17,-0.005546263478781389,-0.004847423311208433,0.013424649483627156,0.005308547156564636,0.005471135810995581,-0.001960137158622318,-0.009539836472934217,-0.0007581579528935337,-0.01035622726294832,0.005087226874001317
2024-09-18,-0.007740344731775493,-0.012473669289734753,0.001935591428733056,-0.003093176186436062,-0.0008339364826429357,-0.009167152503710115,-0.0038416789057206125,-0.007616122245073143,-0.0016719892879408702,-0.0019695798501990123
2024-09-19,0.015421236419487408,-0.0033187203590696267,0.011873247573310871,0.011003572144079049,0.01706988789256552,0.02926778557059113,-0.005910978136608047,-0.005878731863405559,0.003598011771155714,0.022520134603675045
2024-09-20,0.012630557682531525,-0.0038356691850513847,-0.0022507288410616635,-0.0006568006120551468,-0.007033211713992971,-0.004886333306244164,0.004828039765892439,0.0260608247236458,-0.004113274348608888,-0.002285215482201604
2024-09-23,0.00193852671610104,-0.002126119855904675,0.012272070249348007,-0.001209723894643222,0.006689483745807912,-0.00018454690770972062,0.00578137827714475,0.009870703084834455,-0.001960442982967015,0.012077438371335486
2024-09-24,0.013872405171650835,-0.00020279510136570617,-0.0024717217347068527,-0.008397773738108651,0.007157918666745561,0.006820804243504515,-0.002409789142706498,-0.00712100165058487,-0.0020097256006076066,0.008720232771828861
2024-09-25,-0.0013827232563759936,-0.008346841930083304,-0.019766643597187543,-0.0060100035042452765,-0.004691575331124571,0.002858071729355917,-0.0025368226343885115,0.005251771155001452,-0.00978219294895771,-0.003599252801777829
2024-09-26,0.005073989582052931,0.00234824456200643,-0.019814197494803582,0.005121924648973387,0.004988621255044752,0.013157233221124574,0.0022954473556506478,-0.00688309411029441,0.0033366421912657766,0.0042475800216279225
2024-09-27,-0.00796748708764577,0.0051874231086339005,0.020158524526817056,0.0028833557218027207,0.00141025582809171,-0.009374022898155516,0.0018083699198875888,0.009872009732018761,-0.0005225648731957255,0.0014948215264892098
2024-09-30,-0.008031540905021974,-0.004779434484345846,0.006971774543429301,0.003758133896275706,0.004514049614247363,0.0029276469278414724,-0.0002409016122782761,0.004466541413323223,0.006513786455236607,-0.002342849134737677
2024-10-01,0.0104365981433154,0.0071938201795609495,0.022523432648103296,-0.005309710220297254,0.0005164633743997809,-0.024663796087059032,-0.003379114354608376,0.008014265121104796,-0.005272948800785921,-0.004050795060574368
2024-10-02,0.000203566476664727,-0.008462908799461507,0.0101927207078772,0.0011085638353620542,-0.001846594361713996,0.007373162651436205,-0.008498372101505556,0.0004911676736883694,-0.0020255558412437223,-0.008504508252696922
2024-10-03,-0.0006922454344500081,-0.009465115527442664,0.017483054658378235,-0.005332210689308305,-0.005114207554283957,0.004137589293603255,-0.01004784966283577,-0.0003682797606166031,-0.009066214266101285,-0.011640828714926228
2024-10-04,-0.001998025038998091,-0.01237721491704621,0.009272406458184362,0.01678859562874626,0.006960801915997981,0.01106896242342222,0.0033195400472030984,-0.0015975460958999397,0.0007915522849913861,0.013155649495168297
2024-10-07,-0.0033935140367649104,-0.007563886034075036,0.00353527322082664,-0.0123431723080282,-0.0024380501603150475,-0.00690361845677821,-0.009991862206385177,-0.02326700371853584,-0.004428273509733361,-0.015664141279182676
2024-10-08,-0.007399232494344503,0.0016856995669836733,-0.02644007117384836,0.005749766439258965,0.002216790691379679,0.018509981598454385,0.0049466404482764225,0.0005033682157468389,0.005416910970361887,0.009691992405240494
2024-10-09,-0.0054610705017173605,-0.005700813563176746,0.006021230193300064,0.009218677859880394,0.00889145660028559,0.011125905101815917,0.0060267560545923665,-0.00859241685059943,0.010159570023722024,0.007132110011360291
2024-10-10,0.007316064767089658,-0.003925216031591955,0.006744242997668833,-0.0030635166874239473,-0.0051340507109623665,-0.0002602659826103276,-0.004424315468036448,-0.0030503552641639765,-0.003723976444432827,-0.004951793912346934
2024-10-11,0.01085428686886074,-0.0040474498631906134,0.006160574994463882,0.01910184494373958,0.017710932497382835,0.0017344510741500233,0.005527269602570262,0.008744737474851766,0.007304386217884198,-0.004263841571043196
2024-10-14,-0.0016308312397319176,0.0007469461122876143,-0.00043120607971883186,0.006215945927892057,0.005978417636697932,0.012956835725614997,0.004033918218924958,0.012539408134955313,0.005508341728943933,0.004365267053061762
2024-10-15,0.0034623584364339233,0.012084211705437945,-0.03276094345478385,0.0021345479483846517,-0.0077136077077353165,-0.02222794714186764,0.006323841474189241,0.004475981986394918,-0.012289308126928068,0.0021755865126680367
2024-10-16,0.0049891427128232555,0.004205736559791046,0.004777927641800628,0.012290815636529877,0.007713607707735376,0.003099997803337394,-0.0007275251964279261,0.019654153598509524,0.0028092975714207086,0.005242073386173209
2024-10-17,0.0059704521617615375,-0.01596992422175287,0.004755472421769591,0.0027343336563483583,-0.0028764979861191395,0.003046785198737729,-0.00449881669243158,-0.008919220147614745,-0.005823403502268209,-0.0009053596038184986
2024-10-18,0.010562207979593495,0.0007459750037176595,-0.0033153643819748987,0.00020991048133049944,0.0030201283036475385,0.003557671593500988,0.002191005980751449,0.005751666208717261,0.004844278774567021,0.003917215469703831
2024-10-21,-0.00019902108052380224,-0.017625443258474035,-0.00299316612865476,-0.00801170474119801,-0.003524389716255841,0.004666214841806044,-0.008425377919540032,-0.003912524815791093,-0.011824269012321533,-0.007799335688770733
2024-10-22,0.010729555523637746,0.0009752493361992416,0.0023287722116768507,-0.0019069998659012504,-0.01217953308537936,-0.001035174712412763,0.0056249600546549716,-0.003558926356340591,-0.0014548241027197576,-0.004049349720229269
2024-10-23,-0.012123752431615111,-0.00271152640707992,-0.005219628697929438,-0.000848613718229597,-0.002921787188259124,-0.014429340617544388,-0.0019530055905196892,0.00954371278469453,-0.004709760083292188,-0.01584827937074656
2024-10-24,0.007663817134299539,0.006387566756179083,-0.0001112955890359627,0.0008486137182296827,-0.0069002261469733655,0.002928785446967761,-0.001344834453151718,-0.0064749911550214395,-0.006604213524783608,0.03104948714909419
2024-10-25,0.0020548662166116312,-0.005627758278320327,-0.0003341393916407684,-0.011089973463806909,-0.002655060326305887,0.005180784927009515,-0.008353876065575761,-0.01494132063540722,-0.00550343710640273,0.003142365351875537
2024-10-28,3.945329776617785e-05,-0.0027171881707179556,-0.006369774951489779,0.012361627994437652,0.002949683377420474,-0.0003040770794286601,0.0018488098564095159,0.007807247920071506,0.0014796896142097449,0.0023376449274717472
2024-10-29,0.010835937036952448,0.0015225491444269988,-0.015364182339675476,-0.006161629677158904,-0.0013264878391395028,0.013375579447602027,-0.00989975784155389,-0.021586732590798265,-0.0027590271404685537,-0.005230115507052497
2024-10-30,0.005490789207931537,0.0029299541752165997,0.0022743022000536028,0.0044657583055660085,-0.0016971183039932998,-0.016028720976497452,-0.0016180959800265766,-0.0023994045101055302,-0.0018886672566398356,-0.0013993811710219393
2024-10-31,-0.015616471787270507,0.0016235672194922853,0.006227723559041853,-0.013887700983983203,-0.01158902353117886,-0.032624217792803625,-0.0019950351084141453,0.010314549316125994,-0.008474909103355643,-0.015422133288115926
2024-11-01,-0.004110813705942359,-0.014198468560977699,-0.006341165914721183,0.003436349678340853,0.0013438684193478392,0.0074861836405124916,0.0003744157354637541,-0.022526876324362323,0.005906248843892987,0.0161220686570648
2024-11-04,0.0014248987496042703,0.01540249083768987,0.01734267346416604,-0.007748712429773158,-0.001119764896560096,-0.0007594320963445774,0.002741209687490535,-0.011974556918986707,-0.006587243591861801,-0.003454528250712702
2024-11-05,0.0022519104403699204,0.005297442333712098,0.0066763140789392285,0.009248431048386617,0.0165954365374086,0.013980560361437185,0.0063255175643578045,0.014913972356365771,0.00733156554884802,0.017548396251459847
2024-11-06,-0.03085797669408563,-0.02777038282230659,0.03690616209836498,0.059023918736132955,0.03841475449704942,0.0280742442654116,-0.01645532732816435,-0.010390601183614082,0.0012840934890602572,0.03148064726017955
2024-11-07,0.015948645391861378,0.012450165313617825,-0.004606540705331227,-0.016277004499128618,-0.006028155532243642,0.01729119130629041,0.003638517132959145,0.001803655438514062,0.00720188929016823,0.012763180409347657
2024-11-08,-0.0067924425881974865,0.012620970793806275,0.006635254661778307,0.008985263635983152,0.010683826481655017,-0.00109562953196114,0.012074699288407126,0.018996986733734816,0.00715028844683562,0.014091075256512597
2024-11-11,-0.02375140115119195,-0.004877223169582659,0.005637347605380642,0.014130100133198376,0.00771185988578465,-0.005538988963173928,-0.0034704190175051572,0.0027747645128787606,-0.005876933843434419,0.019973910544745205
2024-11-12,-0.008668821068980244,-0.015106827388931047,-0.005317476588847478,-0.003011014831103568,-0.008627006983222307,0.0012711282219394675,0.001116580687053038,-0.011527065092839774,-0.01402964647931998,-0.013440782380470155
2024-11-13,-0.010132384997697268,-0.009531387653740083,0.007754161468258938,0.0006028816322978416,0.002111028697032022,-0.0034784613540296606,0.002972318692099634,-0.00178525546279187,-0.002652646621379968,0.008507435658506602
2024-11-14,-0.002612551531378182,0.005773904194048128,0.003801889261958515,-0.0026154307641244887,-0.0170144543167103,-0.0034053134969036234,-0.002476219871803694,-0.0034520264757809758,-0.015857384542856817,-0.01429716625215402
2024-11-15,-0.0017736414154014318,-0.002660792768449207,-0.0014767156225646302,0.004622650074284964,-0.005376846476536743,-0.0251285435130687,-0.00884021648051088,0.014873402678492348,-0.018718442671849342,-0.008583561787972689
2024-11-18,0.01884162282592499,0.0017746180454385164,0.013213086812005328,0.003003411961391494,-0.0013668368181811695,0.0032303282096451287,0.006979019349912553,0.008669029153896031,0.0007048768473802882,0.009187336008538683
2024-11-19,0.00891942849470802,0.005084655655940697,-0.0063751177368190455,-0.006619359747805401,-0.0008641520870510033,0.008160067585890668,0.0013650983103025308,0.006359442586940147,-0.005156308534707645,0.0007424688069504721
2024-11-20,0.005616245032295766,-0.003202528699574672,0.010014674624540972,-0.003023231132940703,0.001080157627058433,-0.0008649666141371951,-0.00509781808441395,0.0004969513439978634,0.011756946833211617,-0.00441666831814061
2024-11-21,0.008304918886222052,-0.0007747349205822875,0.00806391601216553,0.012636775901719279,0.012444611787926153,0.01011609732728108,0.010786973977097407,0.017244090803059612,0.008016493314111882,0.001769080714796795
2024-11-22,0.012809813332372294,0.0005533269796197896,0.0015432434716434952,0.011100265146832294,0.013835222968097294,0.000513952062257092,0.009206274622855741,-0.005387620481150206,0.0009022307425999853,0.014315722118018553
2024-11-25,-0.029901483187306007,0.025558540422260835,-0.0199363384414605,0.0064840204201968244,0.006219673798748966,-4.291263689813918e-05,0.005483489981224105,0.0018399161327407201,0.008495988121670961,0.010172629613133491
2024-11-26,0.0019364331609546426,-0.003889848954370625,-0.0013642203717193816,0.0019565575438451666,0.001183808085653707,0.004996189383114918,0.004123130187246509,0.015805836448631837,0.005350396734990332,0.0036243589018189505
2024-11-27,0.0022202481870022992,0.006905007254959777,-0.0010508040769309915,0.0019526607348325411,-0.0036951072825581574,-0.013638285418079488,0.00205544727778197,0.0,0.005322135427387386,-0.0049414985572394645
2024-11-29,0.008587567442534243,0.010268361541173958,0.004300987299731864,0.001559494414682984,0.005641336793909874,0.009241256082193451,0.005059709033991267,0.0003619871278006889,0.0031255119879465263,0.010218590594433061
2024-12-02,-0.0087929483026941,0.002399791349369275,-0.010628851875277788,-0.009983383706129698,-0.00738892463412427,0.009453287863009079,-0.0012025728139672337,-0.021697660914123375,-0.0017653330837148627,0.008688973991593057
2024-12-03,0.0020107532444556663,-0.008666528085822855,-0.00010574935727321624,-0.007504080074125916,-0.006316549685896813,0.003595950209358174,-0.005186626398271231,-0.008663500460957199,-0.0022450589916341197,-0.000758365300817908
2024-12-04,0.00302908748607766,0.010688612602034102,-0.024420165604110054,-0.0037732240921329557,0.004355762924266824,0.018120362164346454,-0.002785349014382492,-0.00012430119592287352,-0.0005450295585108929,0.009239955605142831
2024-12-05,-0.00742520820917337,0.0020177444847810527,0.0038955192395439264,0.002980063793895541,-0.012201764041219143,-0.005072390281009719,0.00399397969730509,0.0031031015392465064,-0.011239289651479698,0.008147151594312261
2024-12-06,0.0003705001517973534,0.0014844536760162544,-0.017101791645777208,-0.00019836904460736045,-0.0025580494401958287,0.0038689614951159137,-0.004964580440223288,-0.012470603332891041,-0.005667264594254803,0.020834054765757053
2024-12-09,0.009870874002918592,-0.009260045589410968,-0.0016492116486122193,-0.013785105461123754,-0.008717417661266118,-0.006540096163162891,-0.0015793709881664322,-0.012627882733972268,0.0029067574374501107,-0.003183857491143653
2024-12-10,0.013078415980993926,-0.004715576975973579,-0.006846447862427001,-0.0002011626990815668,-0.00244307189363993,-0.013972787424647677,0.004730361066547543,-0.007270157037597785,-0.004154993103719419,0.0016363709142926451
2024-12-11,0.009488652360594872,-0.009499453757766313,0.0016607977930730863,0.0020100435140670866,-0.0023047012555624954,0.014390554478400406,-0.0076524466718546486,-0.006291988760894179,-0.01369513856048596,0.017400550326234762
2024-12-12,-0.01477229774782158,-0.012221745436902007,-0.008108133671113486,-0.004427472571991822,-0.006438343968437272,-0.005613717510727064,0.0029220856053069344,-0.0005155724127950086,-0.007981788523138144,-0.008321284533004661
2024-12-13,-0.01216527622337442,-0.010263268613986989,-0.005030974708969615,-0.0008070838208787089,-0.0026160066375662586,0.0042760291262351575,-0.0025563939106967113,0.0006443726815755209,-0.00014173191986501348,0.003957065688911034
2024-12-16,0.00241229791280552,0.002990365569904915,-0.022213070165950657,-0.0018183040122057173,0.0008728761617816176,0.009948149709728456,-0.005255181404265182,-0.008017878224107646,-0.011987216434212342,0.013455241387450839
2024-12-17,-0.003846011153453628,0.002430063084574215,-0.007476938580696782,-0.007103115809521891,-0.009202507579646258,-0.006065424896404438,-0.00171700464148366,-0.004163278313765394,-0.0007180762703085847,0.0031372460692001493
2024-12-18,-0.01937149963953233,-0.012582748228653698,-0.030003314956278827,-0.030396098901815532,-0.028655330910864717,-0.032784159279085755,-0.01533729293120706,-0.023881401530686228,-0.013669690111398673,-0.04611226121173042
2024-12-19,0.001420087931281009,-0.015257386003958758,-0.00872328887241707,0.0035627213984372,-0.0012844914317911157,0.0010758442678576515,-0.007129942313361393,0.004529874571674399,-0.007602437626413791,-0.0013567300476183305
2024-12-20,0.01037999743966833,0.005678061896501672,0.009793342052291976,0.01474432530218434,0.01165035236522082,0.014815142276573753,0.0035087893228802768,0.015825212033995707,0.012542233402297931,0.0025368849973459724
2024-12-23,-0.004719916680210686,-0.00921457187211194,0.005855315572398918,0.0023985867899150395,-0.00022545233436037802,0.010539575750597744,-0.005282442823099455,0.003397702224739805,0.009937451359699156,0.0030284964846927754
2024-12-24,0.001990032656870636,0.004219711513491887,0.008423890387518307,0.011703223883529356,0.007782355427928748,0.010280105994593423,0.006567253243612743,0.005506784446245451,0.004099632767644869,0.02286362649954217
2024-12-26,0.0067284927019149185,-0.0005691943281197775,-0.000827388839220053,0.002446501028201459,0.0007450259520244332,0.0006649188965046301,0.003142265777794986,-0.0023561754808722455,0.0020077370386038743,-0.0037173359135804196
2024-12-27,-0.006894214453703702,-0.008232414012252054,-0.00011833474962528753,-0.007357532735468065,-0.007476170696413957,-0.013384213855071447,-0.004906038437417331,-0.0028875835440913106,-0.004667180304817897,-0.0166620645589543
2024-12-30,-0.003194779040875952,0.008004664030813059,-0.00011797331986525828,-0.009687726868644938,-0.010106418065071638,-0.012797858738779882,-0.011797056786397355,-0.004214958062285253,-0.012382757821811356,-0.01619203071382423
2024-12-31,0.006214287831739849,-0.005367622664357655,0.01304285698066402,0.0010350765153147956,-0.0012135172754670104,-0.008351384281349893,0.003057870050499857,-0.0009244701117439818,0.0024016551480503957,-0.007548873990049398
2025-01-02,0.013496228917030742,0.0027446238281097998,0.011606435486753741,-0.002486114948768601,-0.0034972352863038886,-0.0023681788401191802,-0.0030578700504998576,0.0076336891635424824,0.0002907662254384144,-0.01323634013694537
2025-01-03,-0.007895124609843705,-0.003202639365958586,0.009303388945920093,0.007851373768184452,0.010756814885077242,0.016163757012534696,-0.0005105385578310586,0.010564039916467786,0.009762594439902666,0.020032844954526802
2025-01-06,-0.0012328556129919187,-0.004477824314413404,-0.0045834997520746296,-0.003091870794898386,-0.0021875259187025247,0.01264504746851667,-0.010523640761583674,-0.011219990603874668,0.0004316439498052829,0.003932417131252904
2025-01-07,0.005617626735063329,-0.011341430698929138,0.009942414990779113,-0.002273388024517389,-0.0009819401282893504,-0.02026671622997259,-0.003489435695292701,-0.0024957957474448585,0.004950894775025256,-0.019548632596210987
2025-01-08,0.005301603121984867,0.0012794076219709448,0.0010229839442507302,0.003305127622269794,0.003922689231007159,-0.0003420004588958515,0.0018107701238637183,-0.0002630944737946373,0.005140246918435506,0.0028289512118660296
2025-01-10,0.009512918374949551,-0.006647740377375356,0.00408096413574058,-0.02442461632307916,-0.011281815406418509,-0.022047326691579563,-0.013531228809444948,-0.005673181514625041,-0.005641324681419095,-0.009868761063180737
2025-01-13,-0.010001100303675396,-0.0003510332091222479,0.02082480423890391,0.007159440421012891,0.011658039232970246,-0.007106227023394332,0.0017015149069636655,-0.011711548312878408,0.012949313996184998,0.005644862725013379
2025-01-14,0.005235693007988215,-0.0016400083826109517,0.010690598843853096,0.012303378971182194,0.011746752053069033,0.002637785066769795,0.00026135621764321044,0.013033699869557356,-0.010374599622552088,-0.001938290769935647
2025-01-15,0.007461090407550896,0.017088467973689795,0.014690917312486368,0.025172672417805245,0.006302561201793592,0.019694099429610007,-0.003404728151168492,0.014560561310873825,0.004063214269194142,0.02512830438422737
2025-01-16,0.0068871946090514665,0.0032218921249760734,0.007211776384313771,0.006647245335722918,0.012049334040014462,-0.0077357018250154745,0.007449502132120308,0.024949895915790415,0.003975850411579266,-0.005426481850564413
2025-01-17,-0.005321403332684962,0.001721985854668191,0.007692370732521431,0.008396786316437794,0.005970543250120703,0.015540208780018768,0.005712813580022362,0.001396085480933255,-0.006754189167241246,0.01392608202330306
2025-01-21,0.015366546556984287,0.008906098948973888,-0.0051216668166548076,0.00832671347500479,0.020336367924323844,0.008294964906857289,0.004649846491771219,0.015231045193453528,0.01641471916971174,0.0073024592136690285
2025-01-22,0.005122510213068569,-0.005242719026535568,-0.01835313962611548,-0.004749617728326842,-0.002350183835683244,0.02232792063522197,-0.004908970788838514,-0.02184857542942202,-0.0022482870478659697,-0.00377498603262523
2025-01-23,-0.0014158718257654048,-0.007800857924242669,0.004565629072805421,0.005736208460996873,0.01007381970774405,0.0017797497657093837,0.0036194066967782587,0.004713238906476994,0.013275045752207252,0.006024399885134444
2025-01-24,0.006199449222330093,0.0044814265361932505,-0.009699842208509482,0.002954251255283311,-0.004244090298636463,-0.01047562275936104,0.005148004898037027,0.010115068644812595,0.0015948363132137332,-0.006111424483986201
2025-01-27,-0.010459313683880304,0.011740073358017893,-0.010458490337089635,0.01095258227903441,-0.013488309954163833,-0.050260085035953535,0.02672571559034524,-0.02341959152249976,0.022203436811946742,0.005679306910890048
2025-01-28,0.008619165823801737,-0.0006801666974292055,-0.009563031464281106,-0.0017520835966631555,-0.006632070536469915,0.02632346523049258,-0.015746274154277935,-0.013875653418970131,-0.007004980632726661,0.001209698683662015
2025-01-29,-0.0038478030414185464,-0.002043003490594621,0.002232106814411623,-0.0007797323940443377,-0.0034051556806270495,-0.008165293735522066,0.002409403803162717,0.002087081837040512,-0.00588690531041235,-0.0028538244683433164
2025-01-30,0.015031970539815968,0.0037422778535970004,0.005115051466691768,0.009509988295572789,0.011114501337918237,0.0018536600469427214,0.009831207712918896,0.02063519123544901,0.011467657743865321,0.009738483790439305
2025-01-31,0.001974448600582322,-0.0065871411444146395,-0.028348315353753293,-0.005811718985365364,-0.007058495971559219,-0.005874989691339614,-0.009451211101066354,-0.005889177342036609,-0.003194937794408051,-0.004426532951941812
2025-02-03,0.005323078655223504,0.008109361031797015,0.006256005048319051,-0.004088477382653536,-0.009951879244820015,-0.013565780605958623,0.003917304863251849,0.005378541686423908,0.003873520569435099,-0.013311351202782665
2025-02-04,0.00980023748604468,0.0030578177261181023,0.02076049622272027,-0.0023436151381938243,0.0002920093678876072,0.014302152810516987,-0.0084859200116284,-0.008851260082052701,-0.00271678023260253,0.011716362238737546
2025-02-05,0.00619034264242983,0.016375333068843215,0.0021079239461826104,0.010503847070588001,0.0007295940201564479,0.013801588625848897,0.0062131024195235755,0.010000000258206037,0.009543674705432726,-0.011410868919339186
2025-02-06,-0.0026537744373774834,-0.00044518734096734533,-0.01856867181992194,0.008286009360160988,0.004511370118686498,0.002729056431379514,0.00454048119626344,-0.0011487401761533361,-0.008999770256383157,0.003963077804362551
2025-02-07,0.001782570144409176,-0.006475820552337629,-0.00011299019421108877,-0.005580787943387239,-0.002980919262842406,-0.008596141314329415,-0.001511369777335633,-0.0020454574972456827,-0.004701158675142351,-0.01975213127280926
2025-02-10,0.01679638680250656,-0.0030294552712453646,0.02178017966905105,-0.007943429286014174,0.008916679668091548,0.014497955209862511,0.006156218435551728,0.010819159682679833,-0.0008879626369430861,0.0034075717655580543
2025-02-11,-0.003658285589870855,-0.006424869904292909,0.008032983245545147,0.0025255729437268517,0.00036075304987196426,0.0004654659672205912,0.009598172869978668,0.005051165166335676,-0.0018472625284460754,-0.011419182421084225
2025-02-12,0.001046607072714827,-0.013662904986110662,-0.024407726474253863,-0.0034984559607198337,-0.006223990409878085,-0.002160253787790083,-0.0007445656930183598,-0.0017650419275392596,-0.0014390632387375132,-0.0001786427867181234
2025-02-13,0.009814510830150674,0.016485891352450894,0.007496530059922194,0.006598053143740308,0.001016008208711566,0.014063983494180737,0.010742897772573423,0.002268767938313504,0.003901144908970089,0.01490575309581823
2025-02-14,-0.014983466926549196,0.005285986650360994,0.004004869385732301,0.0019322681661333948,-0.002468709881981655,0.0033810668836910984,-0.009998332079555215,-0.0041631979531071076,-0.010920613508734715,-0.00044054309364473997
2025-02-18,0.01642526914447792,-0.011847801941284212,0.01356374108665355,0.007117497576596435,0.007820934492109997,0.009084738835673484,0.003591102000026262,0.009311664010120228,-0.0019357816268177207,-0.0027791574883441975
2025-02-19,0.0005539429240083393,0.0012478301574675038,0.007855096220436845,0.0003832539814540161,0.0010094500629760329,8.252391135026116e-05,0.008002571129242006,0.005246848335534525,0.012924874372019779,-0.0005744005793309967
2025-02-20,0.000516699154436362,0.003734083725094596,0.009087024974054073,-0.015447259745089703,-0.006579263648614653,-0.0031843894681947,-0.003931760253775622,-0.00012465479941568217,0.005585420123604623,-0.008656593929485703
2025-02-21,-0.0009229691054979344,0.012012669540391872,-0.021002974959631045,-0.012531915496262095,-0.022149808387231903,-0.027464626649575177,0.011627311656948141,0.00024919561684501535,-0.005380755864915261,-0.02665732019920552
2025-02-24,0.0054148811569904014,0.002897054687844655,0.00021990413490054054,0.004325673581011359,-0.004534310147899292,-0.014409103961717436,0.0030376571896355608,-0.004995650467522632,0.008094007416363964,-0.003761835505345175
2025-02-25,-0.013276072540975698,0.017100115773810095,-0.014508271128557848,-0.00019634789920457382,0.005127393243319549,-0.013043084891258517,0.014094053705343338,-0.0050208317799607825,0.00856635213417537,-0.0052535614163107145
2025-02-26,0.0015251697060953886,0.005889381990031964,-0.005705567362152946,-0.002160922570420501,0.00059273155634371,0.010837805355240943,-0.019324417237636685,0.004144053508593933,-0.007212323815045162,-0.004120534267968228
2025-02-27,-0.015357280506670757,-0.007093282524749091,0.005370871423644995,0.0054913999995015676,-0.0034875271404378955,-0.03708623754833101,-0.00012179254611034533,-0.022430179272157902,-0.004067279870578833,-0.014533943186564426
2025-02-28,-0.006285532695668532,0.012191210006830504,0.01539260313783081,0.020327838005235868,0.013291344512890874,0.013121591087311788,0.013206580711104953,0.015135405810212067,0.011548370834955041,0.016480690712955708
2025-03-03,0.01309428477593445,0.004656035105861252,-0.03557029202671361,-0.008468160291073484,-0.014332626244010521,-0.03088938838319612,0.005282122218483553,0.0013876554934558168,0.004354896659163716,-0.01860145573875568
2025-03-04,0.008660029400338732,-0.012391256895334067,-0.0097260089590181,-0.035809428041843554,-0.01968790164732304,-0.0007777016503225382,-0.01714807199638129,-0.01639475896769606,-0.009336137091115427,-0.017800521406599587
2025-03-05,0.0020791481693782673,-0.00801656291662955,-0.01471046642109367,0.005792505761291533,0.015661755613947413,0.013952577692321765,0.004132763227105961,-0.007072826206520656,0.010004352950006262,0.015108174206580083
2025-03-06,-0.005094160642131142,-0.0033130116193265747,0.003029233243751108,-0.016668701903847494,-0.008628891027383264,-0.028149043732116834,0.0018178593712018676,-0.020995646380291572,-0.0027427047290136276,-0.02568061672278108
2025-03-07,0.0005218196474086795,-0.003213209251494921,0.016956424036292578,-0.005279196135249576,0.011612785476842207,0.014379517359468092,0.003263766286482164,0.01841127459292895,6.674026898803677e-05,-0.0018459478621995293
2025-03-10,-0.008794495623060066,0.010377741853663709,0.007407122756442114,-0.022648644753596417,-0.01576613640583695,-0.04343943953519567,-0.0021747872947264174,0.010937597599192042,-0.010843509157359653,-0.03634063681997632
2025-03-11,0.01165930639065754,-0.007164532602168765,-0.007979117579413986,-0.008574886347624591,-0.015480484051685285,-0.004070401112001687,-0.014742873540457325,-0.009386071105474623,-0.010962701245333911,-0.00982978770790832
2025-03-12,0.004337373317600702,-0.005991491121254935,0.00456727573876413,0.0014691483782473583,-7.689504259662575e-05,0.015616464170279655,-0.02196528495016713,-0.00310525916353385,-0.010046217058349067,0.0057880172492573755
2025-03-13,0.01760034574283983,0.008753199603652319,-0.006858714490841379,-0.005467856697080521,-0.010274673038550414,-0.019173606791954255,-0.004653026664123832,0.0024591759476626303,-0.005339107242400759,-0.025274898882291414
2025-03-14,0.0003996778676249641,-0.0053093021229429545,0.029164477987820164,0.022931956465165125,0.018083823301193264,0.029793535412340484,0.0022663229842552414,0.01933094567517343,0.007618767507451829,0.021064088643855804
2025-03-17,0.005398932434643415,0.004978267489871289,0.015805688298021377,0.01167924408115312,0.01370865871408329,0.006940315122380898,0.014484013436529239,0.00417531379973936,0.012615895280880488,0.0015748016245015928
2025-03-18,0.011604364010877142,0.000992597500245008,0.0016435822271861353,-0.0012229611197793076,-0.00800554087521887,-0.015342315474855968,-0.011470019403435908,-0.00696857302961181,0.0004766353205633454,-0.017976975855022687
2025-03-19,0.00409929439969153,0.0051676571252865545,0.01618114175021548,0.010953491224429058,0.013182442711366775,0.012925669175857553,0.0,0.003680371593282749,0.0005448573610047896,0.01899165983174654
2025-03-20,-0.0012814060805390753,0.0006581609428207692,0.0036559087283215457,0.0014110991047637628,-0.005026624499507436,-0.007144681453647165,-0.004902239658377221,0.0040456068454874285,0.0006122254426243406,-0.002385974038306822
2025-03-21,-0.008082476604942154,-0.005936077798351233,-0.007001042263833133,-0.003632683738749531,-0.005354353595821522,0.002714493288512745,-0.00037807735897140614,-0.006455302232502857,-0.0027925875660488684,0.003602252941862419
2025-03-24,-0.004462490783133984,-0.01030667383578236,0.011329449218422532,0.01747998760112922,0.018374797679775397,0.018761509347564417,0.006164972657287341,-0.000319751106698577,0.007605915070865057,0.03680378749791011
2025-03-25,0.004390711790074645,-0.00011096508955332426,0.00408435058672297,0.005567635740655208,0.0014881023621880142,0.003302921253966643,-0.009109345716064447,-0.016120148888592197,-0.012858198403005193,0.007947192592115458
2025-03-26,-0.0008263225124260293,-0.006594970800297527,0.005882039735861432,-0.0029788807355103568,-0.00663953778488974,-0.022556218108793033,0.015386886714071174,0.006608468193638306,-0.0036551065982010646,-0.013149373032918006
2025-03-27,0.013316671121389569,-0.002919999172510793,-0.009750918851135751,-0.001990861790610161,-0.0053285655018331345,-0.009270924361418006,0.01132478800948386,-0.0002583405158222521,0.0015878841262760676,0.0006394747038934401
2025-03-28,0.007384788228781908,0.013739295951556006,-0.004749000655924731,-0.019519622545003817,-0.020833996256603104,-0.024553056587465927,-0.004962179694147244,0.00733642492044417,-0.0031089759673089998,-0.03157101392728497
2025-03-31,0.014261049112946293,0.009824860120752314,0.010974781685296066,0.012118948791731617,0.007043858136535509,0.00048439895854296346,0.01554814233817391,0.011094880621952902,0.010257136187493633,0.0021291792820451756
2025-04-01,-0.0019801896396476866,0.008628269216081327,0.005868233219104537,-0.0012053460300115934,0.005629873131797395,0.007286443625051111,0.0014683087447994502,0.0025333417644688837,-0.018455668835252965,0.010378568084415674
2025-04-02,0.0020495598046479263,-0.0006558565392560648,0.0013820790524010193,0.008207386804201754,0.009363622881902177,0.007376929768886275,-0.002938584306795142,0.004669583147101977,0.006675123561146768,0.018817450425818897
2025-04-03,-0.0060565822044141146,0.004583213209361501,-0.0817617435050617,-0.05049607355980795,-0.05563433444235801,-0.07068853935543991,0.005746783031580247,-0.006315574793847437,-0.008141309496558906,-0.062301493496357455
2025-04-04,-0.02367020473214484,0.010828313584048297,-0.09650977861769156,-0.07599704122898328,-0.06491466163614606,-0.06814076695536266,-0.04437431073901523,-0.057232820434379515,-0.05640645345918338,-0.04409253938274357
2025-04-07,-0.021719986685703737,-0.030619930419250537,-0.006496385061855816,-0.00249167297565696,-0.0046742978265111,0.005959126064564242,-0.01166586890395785,-0.015414067871158151,-0.00600557521142319,-0.011887239949338973
2025-04-08,0.0054290299021522185,-0.019059125843787047,-0.023402633035093972,-0.003863309248970306,-0.00829743880416468,-0.020540999594932406,-0.015595080419744068,-0.004096276171828029,-0.011142541162350094,-0.024036817340851464
2025-04-09,0.036323492196158734,0.005868468032894669,0.07459368669079733,0.07265953217768407,0.08509124723993193,0.12597778223000844,0.038036419239344484,0.038646997871009364,0.042547214987888764,0.10335110969524802
2025-04-10,0.02413009288681445,-0.027955490403121685,-0.06755428554866443,-0.028346244345733244,-0.026135295326922697,-0.04766995718118389,0.0005040455692741983,-0.007531264007611282,-0.028286263838088254,-0.039855246303822256
2025-04-11,0.01890679950058093,0.005423914893008692,0.024508806871674636,0.016418539238273924,0.0174991622304938,0.020269577819501488,0.012523758467803302,0.012127880243828538,0.014571981997075186,0.009639543895464668
2025-04-14,-0.005722318290653523,0.007110235093237081,0.0035430052320357557,0.010232479888421775,0.010370168458095578,0.009083967575296134,0.016906634624841634,0.017791501694254645,0.012127472965811866,0.0028948036419571693
2025-04-15,0.005218738019025799,0.0035360199053736264,-0.001516737452502826,0.002541843320704818,-0.004973803494799756,0.003640414930963785,-0.008479318769403662,-0.00012878013264592975,-0.006154251019243452,-0.007226403320005303
2025-04-16,0.032022570753676,0.005564030171960131,0.008188954337006915,-0.01577869578332484,-0.013786651702689898,-0.03536336528869634,-0.010794817434106336,-0.009052097240059568,-0.010219953679096018,-0.024978448406040327
2025-04-17,-0.004400359490663115,-0.008871864890061795,0.022333259763147047,0.002575835484654258,0.005441770711010837,-0.005429614178225009,0.02110801576369771,0.010210017365543318,-0.005887000384441609,0.006276347318343196
2025-04-21,0.030466725196562627,-0.017634040054254445,-0.026482450434978187,-0.021669440940251878,-0.022681557134275665,-0.026161016241242577,-0.009572975955363638,-0.023943939284074064,-0.02178702292579862,-0.02706198575709768
2025-04-22,-0.014297390879940051,0.005565941738943374,0.025131887692694206,0.03254247722878767,0.017320009133463602,0.024084933924291774,0.014082097540768123,0.02689706962496208,0.01860827644368364,0.031152952894856728
2025-04-23,-0.024270798064606143,0.009666285727165488,-0.001844559263542041,0.01180442193528139,0.012439403534258193,0.02858054079625342,-0.005731462047834,0.004221746405096854,0.0049484083146914305,0.022100278832963196
2025-04-24,0.014451351409752674,0.010480813016169634,0.01587525334615292,0.011045271722488367,0.02217871320946348,0.036636313471307275,-0.008844056189728017,0.0015308631915503764,0.012156029363139694,0.019718169785291534
2025-04-25,-0.010900878955956528,0.007339300502994086,-0.001819027292641278,-0.004778218217081003,-7.755290037649738e-05,0.014689851358791632,-0.0025944120670937268,-0.0030639731927901005,0.004792355852109823,0.017819773350890043
2025-04-28,0.014141637459613693,0.0062799032890638665,0.007015118478379189,0.0031187791247680747,0.003327503758581603,-0.0016322154779334632,-0.0033456076211834654,0.006118587123084026,0.003976234988424191,0.0003541458583332244
2025-04-29,-0.009786658970495523,0.008349716220915512,-0.0028968250295190187,0.010326422088514147,0.006468563834427021,0.00464974424997267,0.008281457910334078,0.007722175722153845,0.00489413845209694,0.007057632976832667
2025-04-30,-0.007510353244041787,-0.008125850539388968,-0.027325148103333002,0.0018474666486320067,0.007189365464008095,0.004152032293152801,0.0072362398496615245,-0.005056983934551964,0.00850771956540048,-0.009133947179503363
2025-05-01,-0.02099106650379782,-0.0050836264818843865,0.003719833280096002,-0.00020498200083516552,0.007516161558504031,0.014562151654343918,-0.008714303234094172,0.002910698798494558,-0.027644228969624297,0.0055105644036780406
2025-05-02,0.0017466735903771576,-0.010883032998321938,0.014498448620463752,0.020506162666095958,0.01776737766260823,0.016571662957456667,0.005409238773161529,0.007804757028903491,0.013737208380643743,0.015408703363708393
2025-05-05,0.029430400577679455,-0.005601344393523573,-0.01821828190055972,-0.00645160303471256,0.0005198273463176313,-0.005323213887043024,-0.0008586190322106858,-0.0025109791510600265,-0.0028193349568978844,-0.010680780879618797
2025-05-06,0.027638515747736927,0.003318740829809212,0.0002484263572406217,-0.005679519590256403,-0.008802071934926778,-0.008342519471297166,-0.001719452914368834,0.012119745514256748,-0.027968194734885585,-0.008769301072560468
2025-05-07,-0.015106592963135799,0.0042185598864791195,0.00037242610023731316,0.005881797766525481,0.005081858828413678,0.00996561438439477,0.001596774087815482,0.002852415998496701,0.007638515074317786,0.007765112132417184
2025-05-08,-0.019890788928179075,-0.011211837713804535,0.013073832306443522,0.008256973664300962,0.013696383540293337,0.009500091796014931,-0.001228002103484426,-0.008082058897424764,-0.009053866999683366,0.011734673121220828
2025-05-09,0.007228485693538802,0.0014946336772186178,0.009997567459793319,0.0,0.0008085992476655173,-0.0012399570489937501,-0.005792108990166533,0.0017462548591822803,-0.010943930105302658,0.0048037415725240154
2025-05-12,-0.028595551740996136,-0.009348773469234175,0.025748384362983618,0.02005427186612242,0.030319566800269253,0.04537043182342409,0.001481993664195478,-0.0059999406133165005,0.024420670025769985,0.04850545394971739
2025-05-13,0.004249948759953267,-0.004066568852929686,0.013971379606111174,0.004119817691931719,0.006960615275159655,0.02137725324745319,-0.013543114579272863,-0.0013802869271666608,-0.03054429239124851,0.013138702554412046
2025-05-14,-0.02126227662564288,-0.006658594255074757,-0.006081055768129084,-0.002744709083017792,-0.004824772115201654,0.0064703587670650615,-0.0053934267721803195,-0.004403622675813867,-0.02378856196629485,0.0038480792120836283
2025-05-15,0.015837869719407486,0.008752184065691674,0.004213967982001412,0.0066523005318865165,0.011034353019769318,0.0013657402714944205,0.020293149108513445,0.021087295908464435,0.013038715184239102,-0.00222359014798785
2025-05-16,-0.012160689602209927,0.002668527228014715,-0.0015196374536404823,0.006027130232838407,0.01133111372199575,0.0018750402965908477,0.011396416128491405,0.014586368921352079,0.019958851919215946,0.009416176194125745
2025-05-19,0.012798420816745652,-0.0029010353755698154,-0.013070511909188018,0.0005813595577507341,0.0034021247514372886,-0.0014485591836423425,0.0029201833110645524,0.0042500060755930325,0.009571570415017548,-0.0023457271109134856
2025-05-20,0.018450974483986242,-0.007231230109146129,-0.009288179418691924,-0.005439085586092686,-0.0036106979945053704,-0.003758988797066819,0.0035169778729530385,0.0029038231137438206,0.0024530172686165605,-0.0052171259701720195
2025-05-21,0.007351594562024017,-0.017237735448017846,-0.01859497295131395,-0.02066381627744022,-0.017048989832852968,-0.018965819452982983,-0.011690337888127596,-0.018411925537753143,-0.02343521742674497,-0.02048341505820133
2025-05-22,-0.008900989925318167,0.005226335325304597,-0.0039075547877083965,-0.001193834530526489,-0.00021231378437248696,0.0002616668285504896,-0.004173201159781753,-0.014377973124285728,-0.00785846159420758,0.004290400817779878
2025-05-23,0.021669792905121613,0.0016572388267123376,0.0031759963628973857,-0.003590001537631011,-0.003260952353855959,-0.011093029174168033,0.003683105369002928,0.0119137112219131,-0.00161006291141879,-0.009026301279659291
2025-05-27,-0.017094433359300068,0.013859664596335131,0.008622278861034208,0.01742966271654007,0.017456626492228077,0.023486419807183023,0.009027832251038394,0.007497146381818813,0.013866937212840352,0.02910001481127734
2025-05-28,-0.0022685891736127415,-0.004325197150931364,-0.01277772313983867,-0.006698169189284625,-0.0049665205291679355,-0.004142866947279164,-0.0068242902509036835,-0.014056976449580573,-0.005158604844059834,-0.009218225747985405
2025-05-29,0.005907233361944287,0.009212273871101281,0.00744305941985016,0.0051260444415849715,0.000911075274311573,0.0016850853808800872,0.004027020283077851,0.006929919599003858,0.0066708323547764676,0.0004187516653474936
2025-05-30,-0.006598665713002106,0.0015078898189648262,-0.008913887494694298,0.00216093989288079,0.0006304917421485847,-0.0031132605293340905,0.008730570431934398,0.010183543270015472,0.0021131434718720723,-0.00545742516377307
2025-06-02,0.026233913208447007,-0.009350164925464317,0.01303877149796492,0.0003924522157727212,-0.0012612728391108977,0.00879583084075238,0.0006034409564468987,0.003168725449531206,0.0006029527307261862,0.0023357574368566836
2025-06-03,-0.008894994642019345,-0.0017630187018886506,0.011794577131569915,0.001959726614738808,0.007682250023819691,0.014912891515552463,-0.0009656614572590646,0.002673570075126458,0.002333116150372067,0.005305605850781714
2025-06-04,0.0064213132412345815,0.016103086770480605,-0.019695079382660984,-0.005693569449289715,0.0005563882640745095,0.0014791818972903277,-0.007029573759815274,-0.017630291785479764,0.0019523291179664383,-0.002649284247837327
2025-06-05,-0.005062672644074125,0.000694165749601915,-0.0009765288743866364,-0.002760326018787852,-0.000695506813261218,-0.002833362318139984,-0.00965478496883533,-0.0016070313976931307,-0.001351260247724863,-0.025548173125987162
2025-06-06,-0.01350688232494814,-0.012805566982172554,0.018635475499063726,0.012361486916946142,0.008383790735779599,0.00939958106009868,0.0031878724525400354,0.004443966820388119,0.00949582713133211,0.012902790115626324
2025-06-09,0.004707437493749117,0.0010537467835277725,0.001916380713352558,-0.005475095759165208,-0.0008972391737758754,0.0048965075967840645,-0.0013474678291210973,-0.006425268803572098,-0.0017130110463450653,0.007980548026197378
2025-06-10,0.00029346792267399537,0.005136779925116654,0.0176722516494268,0.0011758205909501935,-0.0043604659581152234,0.005578684665198557,0.002203889641602296,0.002352347346838453,0.01134034676559424,0.011898779499677816
2025-06-11,0.005397696978330561,0.0030229796848619287,0.014356945756586456,-0.0011758205909501432,0.00048547196371712516,-0.002202800072735931,-0.003430481711912652,0.0006182324637404174,0.0005159998693173346,-0.007932262541210912
2025-06-12,0.01234370232269246,0.01188605277317051,0.0034704855516181337,0.0,-0.0026380264154253334,0.009235878810044859,0.005873681716077174,0.012039410684539063,0.007778035040190873,-0.004714948642796547
2025-06-13,0.01301549409169947,-0.009682898290035736,0.017288263864168214,-0.020603036555152148,-0.008446520050343518,-0.014115843901960965,-0.012276036585819891,-0.005756004450440819,-0.004982605026763532,-0.009260813893963429
2025-06-16,-0.014361734303802328,-0.010128774395786562,-0.0029555848519742358,0.011344550157821697,0.006846446638995687,0.01605143457856702,0.0032063494609141925,-0.004924987349755738,-0.003090189082635363,0.010710338022283742
2025-06-17,0.0005130624809404316,0.012095907059355475,0.009291958206419213,-0.005755567323239703,-0.007547659964102725,-0.00710216050170171,-0.008531741425370496,-0.008303808981495029,-0.01664347387056361,-0.01739178305410497
2025-06-18,-0.00540018233840262,0.0017326763009116708,-0.006563333635448343,-0.0003981567623437438,-0.0023879839312271984,0.0012010376709814905,-0.0012425950662980037,0.0026101044420466187,-0.0017247004931675428,0.0004753152342487126
2025-06-20,-0.0004191069541604869,-0.0018482395271985643,0.010166185891997049,0.0027837739642045225,0.0011243205607405103,-0.004438520360022208,0.0073088491723709206,0.002727260402471107,-0.004814921227441872,0.0011873736030783108
2025-06-23,0.003058490504208936,0.0032319280500950863,-0.025613730891009656,0.012513968780086133,0.013450320146927314,0.01133716530906399,0.011515659398819905,0.012597491285883933,0.0014385614481216757,0.019627056859113465
2025-06-24,-0.015844238391270016,0.0072345794516913515,-0.01310407891795944,0.014844163056454035,0.00830688926252463,0.017792018796701104,-0.0008603796766822962,0.004298816498501716,0.01218346596607306,0.005534970442081043
2025-06-25,0.0030327025232496515,0.001257971203917984,-0.004367136599154561,-0.0033014301823966505,-0.0088630430085571,0.008498002208449904,-0.013492850825223385,-0.013449427004341472,0.0008965459101505633,-0.011851559976531928
2025-06-26,-0.0011076604529502278,0.005015212336735049,0.014211213513879127,0.007364444296707517,0.010791400082258013,0.006874243218237865,-0.0008727262548536306,0.00828850996918387,0.002387058791174242,0.009157641970090759
2025-06-27,-0.018289975504647085,-0.0063874653952470896,-0.00526148648042076,0.0028921003114660143,0.00992717702617495,-0.0011955709801666915,0.004728776210115633,0.0019692466207947338,-0.002163018997260901,0.016513293489634196
2025-06-30,0.011913301279755133,0.009792744858264913,-0.005761204847105993,0.008244688773044302,0.004960790110484374,0.009761913040582994,0.005200576131309381,0.004049430510372384,0.006400764384302306,-0.005780892833267389
2025-07-01,0.008883435847179964,0.0024763781119527453,0.007635045537710857,0.0055222267114936035,0.0033160739944182146,-0.008964767966007089,0.012396695983165368,0.003422940948817364,0.014143935618425784,0.004270069907771979
2025-07-02,0.00551237530942954,-0.00637384480457812,0.017054846801527076,-0.0007598277732462688,0.001012911136635952,0.01050368972494023,0.0029231005201901133,-0.008702684086232967,-0.009923958768806434,0.00798601756056182
2025-07-03,-0.006846293882020621,-0.006989466709400151,0.0011496181224363148,0.010774125735412943,0.008468333764920417,0.013083338516758436,-0.0004865430587110672,0.007481440929072546,0.0010335950084103898,0.005439449700399865
2025-07-07,0.0007485003525817282,-0.009589214007691069,-0.00969868050226113,-0.009634563827930466,-0.0034861008736359017,-0.007970596526608618,-0.0008522100577362164,0.0020751508154452755,-0.008448832835835243,-0.012784267355930138
2025-07-08,-0.010498326962963742,-0.0012779499001465025,0.026561387362272437,-0.008961765211840798,-0.00026862582107168507,0.005359899430421781,-0.009298975036295202,-0.010665197594857633,0.004529767927780651,-0.0033939866766083053
2025-07-09,0.004461316177625558,0.010407210889522659,-0.0050972648593195944,0.0036325413081919906,0.006961954472118578,0.005990702067580745,-0.0065363275040518495,0.009322933573217174,0.003845369897218957,0.005909193789752486
2025-07-10,0.002223316131965108,0.0006899415815778863,0.0075797621400496605,0.005898591489532576,0.005588245749278688,-0.0033020813920876858,0.0035818236269904813,0.008147401920162896,0.006107123278334989,0.010992117548524178
2025-07-11,0.00955577301886398,-0.013890743289316394,0.004497823098856734,-0.010489328135076265,-0.0035887469098901887,-0.004406990670075759,-0.003705543967147926,-0.001454404357264792,-0.008323818536147509,0.0002709597784101893
2025-07-14,-0.0036620144241214002,-0.002100256912027041,-0.011056033857541675,0.007449217406825324,0.005378251179250636,-0.0008211882350076158,0.0008658173901315914,0.003994533138490545,-0.0011841962964575594,0.003696398978634681
2025-07-15,-0.004164364075514542,-0.007033260157380052,-0.014512006457269994,-0.01727482289167347,-0.007510952179755638,0.008840629113347773,-0.010065223067094385,-0.009589206633337607,-0.01815989651188128,-0.0144115027882681
2025-07-16,0.004975696789391886,0.0014105402507729005,-0.00867007545128409,0.006945720966602402,0.0035297701729884255,0.0030968618620105482,0.00349078750910757,0.00048772542054694156,0.01236667152714599,0.0018242263000236732
2025-07-17,-0.0021758989541098375,-0.00023482740783706886,0.006134649395921275,0.00956760956026129,0.009199043205575142,0.009042625689184194,0.009414162135002988,0.004136231744506879,-0.01146215093097811,0.0034114109833629914
2025-07-18,0.0025975477973482998,0.0015261859127318614,-0.008110382703874831,0.0005712103670504434,-0.0022423162966314233,-0.0006513933095962172,-0.002716113303103744,0.01661499404229168,-0.006652619932274545,0.008815833674814267
2025-07-21,0.015253192127432761,0.00887658694602819,-0.010407634869622236,-0.0028590255088161783,-0.005295914761402271,0.0013024798780028656,-0.00012361327391246276,0.003218586289653709,-0.005704920973045646,0.004715023060414609
2025-07-22,0.0094401831613078,0.006028158111888719,0.004690973184769595,0.0055200506489427375,0.0023866279276884743,-0.009307085603446535,0.00910778970941195,0.012184621469276354,0.018442066431179436,0.010073608044167855
2025-07-23,-0.012478717461642091,-0.005563232370595422,0.015556432871767594,0.00794106917522189,0.017785417872420713,0.005702193773311194,0.0003674328267400641,-0.00755349837414421,0.02031209933360861,0.0047342385617551545
2025-07-24,-0.006137070328856787,-0.001744772275246338,0.007116709675177135,-0.0005651118871553012,-0.0016926139372124656,0.004217106008359966,-0.0035579972270763497,-0.0013039825224428014,-0.003749649472538545,-0.016691216450276002
2025-07-25,-0.009293039490678532,0.006267333791226956,-0.0037817478548771303,0.006947685795582724,0.009855468788912252,0.0022927339798640466,0.0017191948979215258,0.0026061746927285925,0.005289412229433296,0.009247958340047517
2025-07-28,-0.006494663067578282,-0.006500360701706979,0.011302252588454449,-0.006947685795582633,-0.00310183575075341,0.007945657298533245,-0.010360074938927995,-0.010705352396013194,-0.008757447047532941,0.005808683359015785
2025-07-29,0.002746613677307996,0.016745068909290704,0.009715390125593092,-0.005100575667225421,-0.011456127415633167,3.8057114683615454e-05,0.006549250092273388,0.011415192979889176,-0.00637703346771982,-0.006921049743082408
2025-07-30,-0.017424424698434752,-0.005166871808823859,-0.01438054433262268,-0.0018957916298832835,-0.004922077537444578,0.0022315807298765545,-0.00890781196288238,0.007420775966344653,-0.0017868175265557341,-0.006341947147767892
2025-07-31,0.006623418228251275,0.0005753052271725832,-0.005374896173159988,-0.00628155083668785,6.5725107197203e-05,-0.007356545999686571,-0.008611534995934495,0.005383915672355601,-0.028420086818339473,-0.00796166517284231
2025-08-01,0.020096397826572604,0.014116631761316998,-0.01875061263283126,-0.018695660137745467,-0.015045829983436473,-0.02181652802534828,0.004751837859919175,0.0015163974022944005,0.005352566943425701,-0.024411445547018826
2025-08-04,0.005806339793967675,0.002729154584726589,-0.0022222330847809137,0.009873160561584611,0.009173702087248064,0.020102236055148156,0.004853499710710327,0.01756043528265764,0.0142350316839598,0.01168586977963761
2025-08-05,0.0008037680984962059,0.003061410913643199,0.001287220324692666,-0.0040535282651360145,-0.00205335358135181,-0.008307618034094003,-0.0009938025746951283,-0.010707681012035179,-0.003841611842249419,0.0012797504848032213
2025-08-06,-0.0021233597342562006,-0.00579056549836974,-0.00928170994867749,0.004823893270607156,0.0007953500799955095,0.011200843630869779,0.014190006311951756,-0.008952910263107164,-0.015132772205391854,0.02057177753643177
2025-08-07,0.008402586680171171,-0.0017096358820193603,-0.0039027690491068917,-0.011227483640541956,-0.0014585401280839607,0.0009120057217704645,0.00756744636982151,0.010803458036376204,-0.011560039481952635,-0.00031328894539616733
2025-08-08,-0.00022360485625666846,-0.004343744806707874,0.0063785592717559595,0.009300717825458937,0.0007957752955109575,0.009939638986490924,0.002914156198405086,-0.00428431214871147,0.00887456387013075,0.0017443359592880135
2025-08-11,-0.014479017992943764,0.0011451025098990033,-0.008038816365328024,-0.00038581395139042243,-0.003253973863516602,-0.00679214648452572,-0.0008491089589149323,-0.0031377896249880537,0.000998348493459958,0.0025884789635975372
2025-08-12,-0.0009078785028290671,-0.005047851489615332,0.004854714733849421,0.0120817948449884,0.01032304723040365,0.015366777343980157,0.0026658943304541964,0.004297567009798408,0.0068839709120586245,0.010552042785520093
2025-08-13,0.003044643380447489,0.008246493786423989,0.011509098856087488,0.0057023765353358315,0.003810972539380999,0.0003728206483477403,0.0,0.002199734001456663,0.015880360959789265,0.013623028503934558
2025-08-14,-0.006358881635978504,-0.007441869007610904,-0.0009345578466305144,0.00472720553520113,-0.00889296571150971,-0.002164045340692021,-0.00899586719817879,-0.006963084614839823,0.0050140783742069605,-0.0011319674418612264
2025-08-15,0.0005856467855486066,-0.00715002572854462,0.0,-0.01042958207053691,-0.004576129811661553,-0.007611079266904137,0.0015862773404883544,-0.002915572659092192,0.01665680499660366,-0.0023984368861880473
2025-08-18,-0.0015624875893944005,-0.0028979132890655022,-0.00597844928721544,0.0007621443347655572,0.003914140315741434,0.0021428167791510775,-0.0013420196414127834,-0.0043308579708019575,-0.0023521430896132197,0.0040087536249367485
2025-08-19,-0.005488312721199512,0.005787178818631806,0.0003525026137900049,0.0019030069018981584,0.0021825885400930988,-0.017617708219531496,0.010202872046430576,0.009689060878182457,0.00638174953518592,-0.00047834929688748675
2025-08-20,0.010071289165624142,0.0021900899260867026,0.008310472639993634,0.005119920131119575,-0.0009252135394684183,-0.006788484644162587,0.005663755006374665,0.0010449274000666532,0.005396313258072627,-0.009925168090807599
2025-08-21,-0.00347592916281607,-0.004963899293267569,0.006853763291248969,-0.0032206010389210144,-0.003577437284135922,-0.0036239531705842304,-0.009053127516114362,-0.006870400871928087,-0.0033510937211947488,-0.005949749861530737
2025-08-22,0.010649518982753443,0.007379522504244888,0.020170271835021184,0.016373842187630622,0.016194166103745973,0.013465801029776764,0.0,0.005360700522461517,0.008212022204311272,0.02991547099173709
2025-08-25,-0.002417757282480456,-0.00287606110383881,0.002606136286492846,-0.005803766284604716,-0.010041016766352672,-0.002250937866659558,-0.017245075074575993,-0.011337824706651603,-0.014360499498222701,-0.002018314186341269
2025-08-26,0.0072358055476428994,-0.000576279175938499,-0.00158542318147064,0.007668654110560678,0.010236912874394651,0.004572543818821228,-0.006559692185154514,0.0022309870934357897,0.006221451598585623,0.004588996843066797
2025-08-27,0.0020166939883499383,-0.0011533728572866778,0.011158126848018628,0.0020474179616647476,-0.00013066025423245456,0.005384238564901528,0.0029756548799629748,0.00023449375866062735,-0.0005838307483164192,0.00021385990183084855
2025-08-28,0.007391652350960381,0.006556477262580584,0.0075926228493314795,0.0013007557342190816,0.00176146968151603,0.00787203351632178,-0.006334139461533956,-0.007651176912876367,-0.003950336526918178,0.0017097590488899545
2025-08-29,0.009603638858147003,-0.0071337543514990885,0.005435812447447267,0.0025965180513977462,-0.009233003824280637,-0.01546368942099482,0.006457921082762702,-0.0036696936834225815,0.0073030272731258086,-0.010345791205134578
2025-09-02,0.02336740250914344,-0.007469501096486855,0.0014371239689478506,-0.00743636690094369,-0.009584640395886924,-0.01014861639033801,-0.0016104539701049137,-0.003326164830275168,0.0009455611692289019,-0.007493309740346484
2025-09-03,0.007801481349128729,0.010917697761954715,-0.022681200408844984,-0.0016807714783431266,-0.005060645249549346,0.005948578545423257,-0.0007443107563678508,-0.0025019970994387755,-0.004736320548866661,0.004035210038305343
2025-09-04,-0.0044286747373555105,0.007595147281635542,0.006645246520344206,0.010412837854284106,0.011218582358385633,0.004923863081483345,0.0006202330530539458,-0.0011935999799448911,0.0037907593796378844,0.018108159064390998
2025-09-05,0.013257668006979742,0.015131889666526522,-0.01949740936339397,-0.01848275393875687,-0.003703428110494152,0.000837079032726687,0.0028481661891490784,-0.003110062618258529,0.003414124339593829,-0.00021264274083024822
2025-09-08,0.011323711365555902,0.013236445752634798,-0.0022918591689979014,0.00075338734269841,0.0022502835103362373,0.00746659482207824,-0.0037166582055032744,-0.01023553001823611,-0.0003625628863218648,0.00386306424608776
2025-09-09,-0.00227248560921713,-0.005699509259507046,0.004807084152529407,0.004321376792333951,-0.0067658938467855066,0.001923881979023896,0.001984058764666268,0.006875436800639764,0.005353757613365219,-0.0013991710001343934
2025-09-10,0.0035857690781288176,0.005699509259506967,0.017318917705988982,-0.003380313008481757,0.007360524742807561,0.017965315697216547,-0.009833935429319523,0.017043378818476743,-0.009133170146398837,-0.012037016604896004
2025-09-11,-0.0014924929949519461,0.006663634975877142,0.0002242798503071506,0.016233157561611956,0.00946884139750682,0.003362886142461049,0.008098135627953702,0.0053039286712395686,0.01725371984028865,0.019266106483331068
2025-09-12,0.0019696315993883206,-0.0043264969443394296,-0.005964048387079969,-0.004266000582318774,-0.0080163565741587,-0.0006643430923251111,-0.003355883394893877,0.005041836380208959,-0.011590055983100405,0.005167740234891387
2025-09-15,0.010351078276418409,0.002331951000021228,-0.0033917154567879196,-0.0022328974033466085,0.004607501548417563,0.008967424682309526,-0.011520268007437547,0.002336444981764891,-0.008580716094612433,0.008637117893422645
2025-09-16,0.00200440059968761,0.0021051598941945,0.016622003964613715,-0.002237966469688225,-0.002959498190001011,-0.003481832679510862,0.004523843029548512,-0.018370728875683254,0.0,0.006129888819080904
2025-09-17,-0.007745087571334619,-0.0025487094299750596,0.002336417683459537,0.009661911604772193,-0.004554983778302364,-0.0034571960335487303,0.005999872187922328,0.002492698088675019,0.0019700193409769137,-0.002521914530135457
2025-09-18,-0.004014356216469492,-0.010373399108052635,-0.0031163221422710534,0.0009241922279715053,0.010596065017971695,0.017131396809692796,-0.008762021176493938,0.0007111783710336932,0.0019659211140618236,-0.0045224395774144605
2025-09-19,0.010551365296973236,-0.001907845549935203,-0.013353793760871077,0.002214354997160932,0.0024192600044600364,0.010089421144899623,-0.0020136742175810027,0.006376846726399039,-0.0013102220841187935,0.0037770272145015173
2025-09-22,0.017158380367683163,-0.0036011115806060547,-0.0011513693326090336,-0.001332484987918543,0.003339007660277536,0.01460406297008046,-0.011211964902640443,0.009647347032498282,-0.00025605663022542887,-0.0032630478713313467
2025-09-23,0.004078048498240162,0.006965471790531956,0.01707703785829905,-0.004454364345670694,0.00026138648066294137,-0.0086696771712532,0.0049901543557333995,0.005150993988110554,0.0022663101251989446,-0.00945421944995192
2025-09-24,-0.009104369003754706,-0.003813679804061662,0.012923550099245128,-0.0027939884999991296,-0.005175504602622821,-0.00619302161609966,0.0021673837230285677,0.007097647047775992,-0.004024443436014772,0.007036484769501564
2025-09-25,0.004156538489887818,0.0,0.008926289403728195,-0.002614846905536053,-0.006788057385887834,-0.0017609180810678358,-0.009597641106892468,-0.009669872760377486,-0.01670889235173357,-0.01420733353039833
2025-09-26,0.005755674720215595,-0.0008996001979857513,0.00917327054612331,0.00726726218731265,0.008953333597792485,0.003016993403389737,0.0024401030281305616,0.01614166700964178,0.010162095565105991,0.014666308907267651
2025-09-29,0.01636192499893196,0.008177861807985545,-0.01854235942380655,0.005000497841144959,0.0030755392566686325,0.005329248549076719,0.0019222991361280608,0.002875667254174485,0.002947638724064837,0.004370662638858165
2025-09-30,0.008503744538253297,-0.002904880364670828,-0.010688171455757385,-0.004814844978105626,0.007680272480779581,0.005443019324659093,0.003323184176623333,0.0017215458684292971,0.023776960152785246,-0.004662771620467627
2025-10-01,0.0015741326049985922,0.0025792263032191403,0.0,-0.008950302140621934,-0.002791778294890501,0.009744510327818525,-0.0015324583732225568,0.009585828225711565,0.030429745884797608,0.0062398883789620335
2025-10-02,-0.003488904306035992,0.002907678039845716,-0.010124920060614153,-0.0007494270154201739,0.002597232622141573,0.005396167310132638,-0.0039694984539428175,-0.0018187975146727057,-0.0019535923509290637,-0.00724188862551111
2025-10-03,0.008000845595952238,-0.001900342194100211,0.0053002103770570935,0.006911453919412877,0.0013610255702631103,-0.005044859097313129,0.0011540591764987948,0.011538591577173178,0.011319255905985271,-0.006453535169380013
2025-10-06,0.018670357712142448,-0.007975190124955926,0.004936617590834184,-0.0003724488879528963,0.004652063340119257,0.010064395288371187,-0.007331736267381271,0.009626142151960752,-0.004845343074254109,0.008539871959358116
2025-10-07,0.005146197838027116,0.005735041578755198,0.0015656567958060672,0.0013027142123674194,-0.005688833965901377,-0.006698293926001659,0.009252213480434068,0.004556865719735792,0.0007628547743197206,-0.017662292197450833
2025-10-08,0.016356457714615965,0.0007846449637599237,-0.005827595255950589,-0.0048472313333560715,0.008649654136523244,0.017385051421358023,-0.005000932965593636,0.006851669255590595,0.0019395193413299589,0.0029654317362748112
2025-10-09,-0.018625225753276277,-0.000784644963759995,-0.013693522408649699,-0.0035569811010960017,-0.014892752250344471,-0.001687056898512023,0.0032086023754455636,-0.002536283790932634,-0.0022168246461629257,-0.005003987363674397
2025-10-10,0.010047058859954675,0.01601825688851082,-0.02936966174410418,-0.021995560370884404,-0.022363216903318342,-0.04154731633802339,0.0007685350761107875,-0.004093621245285563,-0.014530454470036392,-0.02789154986070927
2025-10-13,0.024010471634505016,-0.0005518861375421312,0.013520039197868833,0.009540198655533093,0.010353290680892947,0.02406258190557781,-0.0033346921938411473,0.007620563642731315,-0.0011265716005115648,0.02209297168600569
2025-10-14,0.007115811676483972,0.0031967254186827383,-0.00011575585605521933,0.010953903467838559,0.011683740455137561,-0.01291757137608348,0.015930981955835526,0.008872377040811445,0.0027436290874006753,0.0020930868496063753
2025-10-15,0.01718391083164241,-0.002203618921618641,-0.0005790700777387938,0.0,-0.004185225906400126,0.009861949928362717,0.0017687520218751542,0.01300127428046613,0.0015445094495771402,0.001449731699538695
2025-10-16,0.023117985169431865,0.007472490067993233,-0.01212133099011599,-0.02819244286046152,-0.0065746153775020945,0.0007384561953493461,-0.006966162777036719,-0.010931433668442894,-0.0016848313621117897,-0.009719426231503056
2025-10-17,-0.018996349267191463,-0.0015338705561183952,0.008174718562212075,0.008081636411172082,0.0008570704530132131,0.0017558787720619606,0.013257024730279334,-0.0034884931758553373,0.006652876757065972,0.008568265602332235
2025-10-20,0.03575507474940295,0.0038304886088668137,0.010528181014558838,0.011622502004430425,0.011728282282704507,0.011095693258806466,-0.000878341856615392,-0.0003276868810426255,0.010553325401982913,0.00790323130455518
2025-10-21,-0.066427122202817,0.00490320784752276,-0.0023043157492455353,-0.00113717413536686,0.008819787016823073,0.0005203904638210867,-0.004655523772569746,-0.010211495386372569,0.0023455907819063338,0.01215702271771446
2025-10-22,0.00010605032482095541,0.0006520052551965469,0.012722984405921439,-0.005705642962772399,-0.013062747241415455,-0.009933382907353634,0.005659183093792882,-0.0023202499549787054,0.005702774558631605,-0.007849386157374239
2025-10-23,0.0039943702532297155,-0.006866920353650491,0.013237733645348157,0.002095877774884364,0.012416771413195736,0.012530963299721427,-0.004902856845283472,-0.0007746716684226926,0.0005478108990119114,0.004498827036588272
2025-10-24,-0.003358466049881991,0.00043748424057011887,-0.010167328813368475,0.010790437973568118,0.0008396674109631822,0.015412214734150066,-0.003282074594441754,0.011666454681484842,-6.848629486555589e-05,-0.0029829155327976745
2025-10-27,-0.02823439606845571,0.0033833010904431105,0.0023816016956762585,0.004133796929862598,0.0056645660612897625,0.018293463244439902,0.0016424326110703166,0.002731750142132045,0.0023255913770422777,0.014287724201848713
2025-10-28,-0.007191829710492189,0.002611540562918135,-0.01047608156311415,-0.006395785560420653,-0.0071504283280379635,0.009850870602541984,-0.010022206301198646,-0.01661486495473472,-0.006305208482484387,0.00024881634457802135
2025-10-29,-0.003794458273018786,-0.010157826858619207,0.007412991709200393,-0.017130259234413525,0.0025825748100253994,0.007160713459067958,-0.023870572584075024,-0.00033283731575862037,-0.01015801922616315,-0.008286723624131388
2025-10-30,0.019451474207493994,-0.005835402829620343,-0.005926061469905671,0.0026840283034541604,-0.002517857125021804,-0.012373533858332285,-0.0010452980755810365,-0.004226476353058194,0.002220160985941574,-0.02283877907435329
2025-10-31,-0.005445349765875755,-0.0029860161439087063,0.00728848579836194,0.0026768435752326718,0.00238894112817013,0.0009647885537451845,-0.002879937649081253,-0.006934346456757211,-0.00034660873564254936,0.02609497871182253
2025-11-03,0.0017912982604373527,-0.0025041067942041225,0.00011353216412681915,-0.00420966017777285,-0.004265567140926096,0.004082421845945445,-0.007896896286653524,0.0005610355090695186,0.0013853951404139981,0.009334081118067375
2025-11-04,-0.01767243750416912,0.0022261918371777683,-0.010836771657500546,0.005163894670930152,-0.011660946188361646,-0.02675323222132629,0.004087898029501523,-0.0035959040857686205,0.004489934381507332,-0.016738502182411043
2025-11-05,0.01149801326624776,-0.010955890974035987,0.0026343805108528743,0.0034279876585860815,0.003858581223146762,0.0039047913484717596,-0.0006581927182504022,0.00022504700009443678,0.003851986834975002,0.012103133797603126
2025-11-06,-0.0012012407765737874,0.008952567645710036,0.009676172401824557,-0.0036186295781062117,-0.003989684486472702,-0.02030032882266555,-0.004487338650769363,-0.004399021683220074,0.0019202853443809488,-0.023377340772018633
2025-11-07,0.006100376279774767,-0.002118909209500283,0.014285237913502648,0.007034833370063353,0.004838007956543784,-0.0034643140581276373,0.014575783103415672,0.013808831172131407,0.0013695737766633422,0.0015699040887157067
2025-11-10,0.026974026330607748,-0.00022334130045122296,0.00900551203204103,0.003593453253315535,0.005657850974890413,0.025254581307096964,-0.003656760276319274,-0.00033455670685695,0.007770401189601397,0.013057811275024424
2025-11-11,0.0039300815092205245,0.004567859747193306,0.012975839089038684,0.004520574596331579,0.00025945218499543517,-0.008563625016973768,0.012999012398936374,0.0005574460640102176,0.022822829758002577,0.0024659638013370473
2025-11-12,0.015982361021277473,0.0017770321375898015,-0.014083168826325173,0.00860785843728178,0.0009720979812368546,0.0031009096020302124,-0.0014216369748145696,0.0023381614920229684,0.014102417131830509,-0.006743612088828096
2025-11-13,-0.00811594387120292,-0.008245046729143703,0.002545258798790115,-0.012939661140207132,-0.015601445510560096,-0.025255118581696104,0.0,-0.013885943467181595,-0.0005236011125218608,-0.025281234732737516
2025-11-14,-0.018212761198262515,-0.005722312718113109,0.016877063284715436,-0.010054195290953832,6.575771858841937e-05,0.005428631706993681,-0.0007762910430445959,0.0009016673341738951,-0.005975681064208,-0.0047959300353378155
2025-11-17,-0.011530197275275704,0.002472241586157927,-0.018425661585337053,-0.019249795994577365,-0.009850276305064527,-0.015775281856148852,-0.006362469303470844,0.008972670492056852,-0.0008566056970041198,-0.00944290567337612
2025-11-18,0.0072386702324458525,-0.0003365723026967431,0.007938235021418332,-0.0015562224014043233,-0.004461107416081764,-0.016386590101040654,0.00428930852804119,-0.0038035630766113434,0.005849706887613317,-0.01862280318551771
2025-11-19,0.0016281258445646413,-0.002023314173518454,-0.013043080865711168,0.0036919042517273653,0.0033310491578417076,0.006928509400261336,-0.0076817697636615105,-0.008441669075946038,-0.0017053009286988013,4.449108882443337e-05
2025-11-20,-0.00029336859393561273,0.003930289926479835,-0.011413357198446309,-0.008766022928832037,-0.016902961998991498,-0.031894440825663554,0.007162932763611047,-0.005099508171033101,-0.005991914485669486,-0.01503375320950724
2025-11-21,-0.0015485295000223418,0.00302125094654781,0.006282231523117366,0.010897153360844519,0.01210264248538028,0.003850784139498558,0.01084162854617305,0.0014759150279537445,0.020848478622365153,0.01943369678343402
2025-11-24,0.01572002942959321,0.005682147548002326,-0.0027996998291018706,0.004248758069455564,0.00246973021648984,0.023549101763257335,-0.011620539790579865,0.011280427684174102,0.004195303376463132,0.013259847351552027
2025-11-25,-0.0003157406112367744,0.002552064143218959,-0.006299900126317453,0.012448707856034089,0.012718746534666207,0.0026778358704438758,0.013672332590303834,-0.003821088899050503,0.02235546673304946,0.021173682093024112
2025-11-26,0.007966521739529534,0.004422764165731624,0.00753271649063572,0.007773290459358037,0.00577583208210743,0.011768166014992936,0.010830214478634777,0.013199294673791844,-0.0022068969924419323,0.006831833562351027
2025-11-28,0.012347782735317652,-0.004755393760228447,0.013019714761967133,0.0071509444440725645,0.0058077022175550596,0.008561488551646278,0.005812552568826722,0.007086627127837836,-0.004872346535646379,0.0061935549365440936
2025-12-01,0.004809481913078849,-0.012526818297055216,0.009572623997218267,-0.008284753094109377,-0.01474798610868931,0.00045408154665118206,-0.0010084378550817405,-0.02366961827912888,-0.015083089728666238,0.0005919212030963974
2025-12-02,-0.006460877304549151,0.000450535182939344,-0.013005702222562544,-0.0009458235284673578,0.008678386291799078,0.010249336663517157,-0.0065799477791479025,-0.00714335611218087,-0.006006743912114448,-0.0006764729591394282
2025-12-03,-0.0009300505859088987,0.002811211573194511,0.01857496817854193,0.013347355600007165,0.009447399175069803,0.0023822653659031044,0.0007615135613697724,-0.003191219249500613,0.004653628737737261,0.010727240691983895
2025-12-04,0.0006459865002764292,-0.005404344974838449,0.00423798540005014,0.0020520155785632467,0.0051741781300871275,0.003717352273369281,-0.004832216458661221,-0.0020570027492308072,-0.007638141765232232,-0.003562976211970794
2025-12-05,-0.0017839435807101467,-0.004639370293862829,-0.004129196074182801,0.0003726547990780164,-0.0027778100096958647,0.007291119827001412,0.00012755918088030703,-0.009424171870311982,-0.004167296154678533,0.0055276308113159575
2025-12-08,-0.002642939357994434,-0.003294459772435787,-0.010948173374017158,-0.0037327400544033247,-0.0012298366605016456,0.0070014423108619266,-0.008319116067153465,-0.013485427510248161,-0.012012313867263374,-0.014639405377047889
2025-12-09,0.005124051608821799,0.0010236325253678254,0.006145890133605523,-0.00374672562351062,-0.007346132101278389,0.002638189949269711,0.0023106378202498007,0.0007020328358260298,-0.009754709574568341,-8.465882724925575e-05
2025-12-10,0.004250103468607268,0.0038574408795279055,0.01044844786089961,0.011383908138810135,0.018104720142017087,0.004785141211109984,0.0029449309882848313,-0.0004679671251573575,0.014432431895733715,0.014556944398585963
2025-12-11,0.010712248978541639,-0.0013596992292803374,-0.004775349011837834,0.018021810264004057,0.010644169108762582,-0.005123013805960919,0.007387569316491698,0.007228635957791363,0.009420560697438006,0.0039185483582048295
2025-12-12,0.00557898750763174,-0.009685093013718428,-0.009839417217177588,0.001456957649711401,-0.006296230530745186,-0.029351298963012723,0.007837167544468851,-0.004891077555316398,0.0031204681601697103,0.004317428985627715
2025-12-15,0.0009099271544499963,0.0006867863746756976,-0.007056248268280171,0.0007276835751648715,0.0015936955607701942,-0.009720682421146883,0.0027663290831679882,0.009064524306566842,0.013154641164456181,0.008497474412257087
2025-12-16,0.00022742956353904103,0.005476932463427549,-0.031013669764533968,-0.006385187197621453,-0.005941634138787713,0.001825412798458305,-0.004530651007577353,-0.004173446751250444,-0.013089724439608047,0.0016415628778550355
2025-12-17,0.0085515594385759,-0.0009107266874870507,0.02189944124645908,-0.00018296592891638554,-0.016344549021582493,-0.022487216192845896,0.0046562071800734526,-0.006526948384036082,-0.0018190630536463997,-0.011631381887709964
2025-12-18,-0.001804831428641165,0.004772199033008939,-0.014621730827001012,-0.001648836487059976,0.006492235044484367,0.015306679452158432,-0.005792060110036824,0.009774426755409465,0.0007799893873241008,0.014988281876325914
2025-12-19,0.001128353513111944,-0.0037393766739547704,0.0,0.005485441539374878,0.008570018353729548,0.02138896842853797,-0.005190830017855135,-0.012819149716195565,0.00666996320924257,-0.004013226952983164
2025-12-22,0.022819254559298667,-0.002172598550596688,0.010299374353279841,0.012203655980212814,0.011025139694180184,0.005380822273761533,-0.0034993251304499735,0.0037035892966469828,0.006570128099783161,0.0059930399190621635
2025-12-23,0.013165297757330809,0.0016012400781422144,0.006538157211318255,0.001986430913789711,-0.00038210309871441453,0.005427499638625569,-0.00476210232573269,0.0035256286743792454,-0.001998133087958774,-0.001390500891514479
2025-12-24,-0.0041426515087481285,0.0060388116061366815,-0.002925580182572424,0.005397637318106339,0.0032433776929866737,0.002395303133130165,0.007839105915734678,0.004448133719888603,0.005212551694179698,0.003431944521035602
2025-12-26,0.011609088487159046,-0.0032996531357120593,-0.0038387589998801082,-0.001975796132184488,-0.001842948881146242,0.0015708189496868108,0.0014070781076857808,-0.0007010417353966866,0.0016033429054225705,-0.004414595761135505
2025-12-29,-0.04450407961760148,0.0037539792444290132,0.009457332091843088,-0.005408272099711718,-0.0021650732967413502,-0.004514366619889022,0.0006389448617381819,0.0018682938495239254,-0.0015392266748684724,-0.009880747842196478
2025-12-30,0.0007273032894686568,-0.0023872969799760236,0.0075910683344896646,-0.0025339746100624568,-0.0028727821805901873,-0.0031584625573249357,-0.0016620869270768622,0.002330424730402516,-0.0008347175683998124,-0.0040628223028473034
2025-12-31,-0.006488999253824397,-0.007999010777816862,-0.005576050791110689,-0.007457943249103718,-0.008345678835404869,-0.009952431140356868,-0.0060322299017712515,-0.006304707392664911,-0.00566860169059831,-0.007924316998349945
2026-01-02,0.004958545328225588,-0.001492616521535613,0.02080643368857494,0.002917010834166731,0.01826945441795099,0.002289518792691883,0.00012868709405208643,0.011412747260539185,0.004576071362190466,-0.008916627639036551
2026-01-05,0.025972938179914393,0.004928589061633186,0.02680078458849374,0.021610847075335324,0.011767439755973844,0.0022150965844803597,-0.004385967819385533,-0.011178459392016029,-0.0030269085831650497,0.01634228750388835
2026-01-06,0.010755105002161711,-0.002060202117722047,-0.027019915140749733,0.004798735399957489,0.013483943063789158,0.013939196997402092,0.0015502269447521327,0.004905886018714952,0.019481300170886527,0.006380261125536575
2026-01-07,-0.009605943617543418,0.005826265560025546,-0.011237261047006411,-0.014106139688820171,-0.01900430533997773,-0.0008185520570035597,-0.011032664548921796,-0.024535326733619644,0.00988213390601606,-0.0014050971559750403
2026-01-08,0.005507322733438559,-0.005024635690770175,0.030979779246989685,0.005201340306043113,0.007520261097416774,-0.015751599078217944,0.023475880463925434,0.002862017618828345,-0.009692389539948453,0.01656993945551661
2026-01-09,0.007215903791294916,0.006618039026272965,0.0025745495756103985,-0.0030458078356201215,0.010928281338829353,0.013154879310199385,0.010273404455928581,0.012307714786576168,-0.005135777431903319,0.012048841271017087
2026-01-12,0.018549616736782293,-0.0029612646608574524,-0.007096043265505375,-0.007926507645931571,0.007628559449167124,0.00436950723306434,0.0116667256086978,0.0016454365115933947,0.0004449077634716559,0.0008837203306870351
2026-01-13,-0.0014220515093612454,0.0017094238577253019,0.014142087289440549,-0.019357828832406856,0.005134707135481064,-0.002114100821913055,0.011532086713484848,0.006320943070944707,-0.004074850066096617,-0.002492611209290275
2026-01-14,0.010170333239523918,0.005790632279246157,0.022302638117340727,-0.0014762682902875403,0.0015841430560840767,-0.012226244066965174,0.013714038126577772,0.007440104945924853,0.007120103580261247,-0.015905547975311934
2026-01-15,-0.0061465119926863475,-0.00022646857994887794,-0.00940740272216921,0.00405450527806324,0.009150092892347484,0.005238552711493054,0.0017010593652947803,0.010140712911878695,-0.005717478862987026,0.0036742138824780077
2026-01-16,-0.0048305320875177415,-0.005791770552334975,0.0016788779033688644,0.0012866300311530977,0.006733254746171444,0.0010992766897140293,-0.0031614836146801805,-0.005057457988136192,-0.007803086521494398,-0.0032652658744139616
2026-01-20,0.037137944625647984,-0.013184493471258975,-0.0018889863802041395,-0.02304069723526481,-0.020398326408590513,-0.026300779402921,0.003040015402920118,-0.009959611618563638,-0.00218560937862207,-0.026345695656990385
2026-01-21,0.014463871678662811,0.007587830263993941,0.023872461274469854,0.004875251268593583,0.017157636186729552,0.013793258685992753,0.0009709605552671784,0.0013957238972380096,0.0182368534394606,0.018959488029365326
2026-01-22,0.01829421977969421,0.00434305648790791,0.0032766948371936214,0.006525671331156641,-0.005182916656307049,0.0074128890788372846,-0.002064372635707757,-0.007232090312204041,0.0001895405563897693,0.009999310133944676
2026-01-23,0.013651695099226603,0.0027330543755271206,0.005708487491331865,-0.013847562578395744,-0.007764199575052461,0.0014483764938229206,0.007749295722076263,-0.003518186312029093,-0.005130344592401988,0.00415052150026122
2026-01-26,0.014522878245374984,0.004765120792217554,0.000609673063474196,0.006386186974011379,0.0009737931593328308,0.0068002747677617485,-0.0015692896312572747,0.007257397090127346,0.003929378484010571,-0.006600116617726642
2026-01-27,0.024235866660731447,-0.006244568448387313,0.009101080041499987,-0.0077060531807082834,0.004128259672937387,0.013395575486884343,0.00458001590032884,0.012978217640781043,-0.016903668618578088,0.0030202613202826474
2026-01-28,0.03804054442699281,-0.0022805196787320887,0.00762136981524502,-0.00018869460362647993,-0.005589305245365893,0.007938639562840672,-0.010152350752598321,-0.002305175602861532,-0.007360554178758217,-0.007526861403343352
2026-01-29,0.002705807739847273,0.00022812644799183234,0.009148794585948548,0.010512588145220726,0.010424329784502685,-0.015940909797604968,-0.002310800205075251,0.0,-0.0031804617874478473,-0.0047744355274442546
2026-01-30,-0.10841233744964714,-0.005608015420337751,0.010634218866912912,-0.002056312738408091,-0.0025354681491079694,-0.020568085680625237,0.016663125875071565,-0.0018480096302139991,0.005963174328081885,-0.00016503209646752563
2026-02-02,-0.04087351576386029,-0.0028611637686752813,-0.019783013452861445,0.010979919530597704,0.01255380708945542,0.009545476394678409,0.011785059944993207,-0.01467368733525603,0.006120531727716626,0.006580633385934572
2026-02-03,0.061647351472448514,0.0024234465679543226,0.0318547929166572,-0.009297226067612987,0.008381197348159519,-0.022134889159138037,0.016083030850499884,0.014442468029021632,-0.010265046691789625,-0.008067275507790083
2026-02-04,-0.0007046601942605336,-0.0025389655810941023,0.022201934396368313,0.008000826306382198,0.0026600752180795093,-0.028267485944343546,0.012958648049910187,-0.0037071550004958084,0.012446491150332112,-0.007383155146570789
2026-02-05,-0.02699275619765067,0.010803353113756808,-0.011805145156007061,-0.012494316336222566,-0.006039772517017393,-0.0181921717392061,-0.0008050419137731521,0.0004641020786926072,-0.0076560156687460685,-0.02180129960860634
2026-02-06,0.030269515441489408,0.000685736430912618,0.019723754128723646,0.018038591389316187,0.028167499210389524,0.03975081755303324,0.011666684769182195,0.005783706836442717,0.01836565069639726,0.004076411043192001
2026-02-09,0.025085614324893347,-0.00022870353287390204,0.007297216924282517,-0.00591498388588065,0.002998225227195613,0.015607821026619083,-0.005816328539393693,0.002994348795626291,-0.008852706808782775,-0.003736031365990291
2026-02-10,-0.009963188662021111,0.011474369328029926,-0.0011191555805846328,-0.007256498198171786,0.0012082510462239034,-0.005596409418441433,-0.0032077239934882075,0.01642379159246332,-0.006353301190400312,0.0066135435223463376
2026-02-11,0.011247091222494243,-0.00532319951651016,0.02579359857419529,-0.01524163502999519,0.005333372183991429,0.002942009076744543,0.014241202109244849,0.008784799150335443,0.0059053758375275135,-0.004828659523995875
2026-02-12,-0.03534565209196913,0.013198961859487232,-0.01835585077296741,-0.02010987555761428,-0.01202585616495654,-0.026651192964595394,0.009121165143183885,0.014693066546862608,-0.0016012890670185484,-0.013938464527647638
2026-02-13,0.02457422891441271,0.005476470397797877,0.006830958705387939,-0.0007740594101384329,0.008186427511134289,0.0025109095428111536,0.0033572521564291685,0.027249644729421065,0.010648230555138706,0.00043049476530397114
2026-02-17,-0.031666383600955715,0.001670414901569915,-0.011100917840940718,0.010592235894975072,0.005211208711960225,-0.0005733540756361353,-0.01474345246724099,-0.0025839909185182562,-0.0019044908735419122,-0.0012057340881361813
2026-02-18,0.022240759759257815,-0.0037904545123119394,0.018981453755015774,0.007443542659799714,-0.00022857221873692665,0.010200155783730267,-0.0018156944188346866,-0.01674138646528188,0.0019044908735419413,0.008409832839798983
2026-02-19,0.0027891563109147515,0.0010047622873501935,0.007275479186845188,-0.008401843706664852,0.007399423941036287,-0.0049800647494558795,-0.004211474228946574,0.010902856992773042,-0.002603778933324072,-0.006687828464022569
2026-02-20,0.0195226903950525,-0.002345931062107931,-0.005451605962566363,0.006498556094092574,0.00503440854380271,0.004767209471861005,0.0025062286408346754,0.004759913556203916,-0.002801759455918046,0.010355681494928588
2026-02-23,0.02665702371732228,0.0036839593364890837,0.00490780171033874,-0.03410530165853166,-0.013634278798908116,-0.01689375508175513,0.012213251425491333,0.007526075645135271,0.010908235514254686,-0.02116749760250932
2026-02-24,-0.013955835494471214,0.0017813434446609026,-0.0009070910121871671,0.004915959200467249,0.012222694503339527,0.012910774631007557,0.008617320281160678,0.011078128690015662,-0.004234983908987081,0.015104062085089619
2026-02-25,-0.0025104111690772445,0.00011128789129467609,-0.004182983388606109,0.01730718921233805,-0.007828027359020922,0.01898893071423374,-0.00816779143826436,0.0033840300718405943,-0.00025343352327340514,0.0029936151356802563
2026-02-26,0.008539325114314078,0.003995907467139125,0.0032751385631069416,0.012072572068008275,0.006244645653646357,-0.014083723860496639,-0.001686646619308021,-0.003807891049508507,-0.002601135876124271,-0.00034165182720340885
2026-02-27,0.01304594710817348,0.00607442443972624,0.015680177169951962,-0.020591464524595083,0.0024869975262089197,-0.01608500100574881,0.012858667679540529,0.011590042180472266,0.017505626160203885,-0.0016245729624748703
2026-03-02,0.012837146760680682,-0.010092898574141805,0.019830785363725158,-0.002530949479444995,0.00988659618854533,0.005605520469302485,-0.014548163882584316,-0.0075710442052521,-0.010479181635969252,-0.012398969060374517
2026-03-03,-0.04563796333219482,-0.00201064831542531,-0.009158284508546355,-0.0017559039772977929,-0.01952987061887795,-0.014727335300649609,-0.01099479586446129,-0.006353246172341058,-0.011355355329151492,-0.009226296481722355
2026-03-04,0.007787713327779242,-0.0031358579253436126,-0.005855754614534122,0.005646983707253479,0.0030164432708925213,0.016874906684115617,-0.006632276145938004,0.00424000622506088,0.001975845878643191,0.017595271413551654
2026-03-05,-0.012090565447196475,-0.004046333293141709,0.005147769150786352,-0.005256516287494511,-0.022470294602988647,0.0024284462231599236,-0.020282307462255973,-0.00785809822492011,-0.020196254559862035,0.0013737788707141722
2026-03-06,0.015708476698148666,-0.003723562564295084,0.0015922290646597967,-0.01296676551330928,-0.012397818288586805,-0.020831852103523067,0.0043225821479017925,-0.003417359659486388,-0.007892813441804076,-0.018269732055927832
2026-03-09,-0.0020718179527898957,0.008666871500239468,-0.004429057675209337,-0.004757208660493984,0.005867240955983832,0.017831200135152627,0.0022125827068603166,0.002350627244918718,0.010164219312080358,0.0013098466296260687
2026-03-10,0.011216537509720141,-0.010703772672762644,-0.012866545808875763,-0.0053790415263920656,-0.0053965243747067185,0.0,-0.002912264228220665,-0.006209209276365081,-0.007221644249941898,-0.0013098466296260817
2026-03-11,-0.003395863568684636,-0.012997478144524871,0.02451716645076681,-0.008425370630061173,-0.0031221711638922027,0.004782413739592667,-0.013270173796978963,-0.008411621156162705,-0.0019607543106574337,-0.0026249185943376615
2026-03-12,-0.01984963254664512,-0.0019528528834383907,0.009258486976318531,-0.016452025331662484,-0.025394912930580552,-0.0186155027626473,-0.004027392475231198,0.007122166521415749,-0.017755648021320136,-0.023221806385034852
2026-03-13,-0.013021372569552835,-0.00495640746225532,0.0032983248146554855,0.0012279826163226469,-0.003577055965627402,-0.007573497843152563,0.0057991037705652755,0.00984377866287052,-0.002467176833967918,-0.00593579682469357
2026-03-16,-0.0008900836759417245,0.007712133733338105,0.0034602463484561235,0.008351174614389579,0.008527175166672988,0.014369924059725626,0.0028282612978457505,0.006368081041895732,0.008111790099727888,0.012014824205560694
2026-03-17,-0.002522571056499768,0.002748241369351606,0.010480240569082859,0.005260062714809035,0.0026461367901129984,0.005461297168225764,-0.003300356457740095,-0.002754440038858911,-0.00911357582624904,0.008696475916765655
2026-03-18,-0.03214842869758357,-0.005618991516003174,-0.0013681978178119293,-0.011976191046715537,-0.007959509587746594,-0.011387478110728039,-0.024621775049005593,-0.008523417886080586,-0.016847975904616553,-0.02333066195538491
2026-03-19,-0.042088486470760696,0.0060763424473620434,0.015791182566459498,0.00040832463001201603,-0.0068036063430389135,0.0034009206733301633,-0.008140526167352082,-0.004074153126428813,-0.0036084233799523716,-0.007899435483196021
2026-03-20,-0.031034054726858728,-0.019155870379458283,-0.0008426653960828404,0.0018354003676404275,-0.014674979544158544,-0.022944105534326353,-0.008330311191909962,-0.04145782293386941,-0.00876901895642534,-0.018028444259234198
2026-03-23,-0.022853374485926194,0.006503255017914262,0.011893320434656973,0.008990938447398813,0.011305666912869218,0.013437843644561893,0.004258886442308255,0.00987429024825941,0.00024181732052701733,0.023856607452490818
2026-03-24,0.00022271635118200717,-0.004408361729109982,0.020088648851716663,0.0002029086077100792,0.005809506872171236,-0.005858699134929287,-0.0008626495627613558,0.006898911906465482,0.00013806474562888174,-0.0040036671796462074
2026-03-25,0.029645532839315883,0.009603759571659045,-0.004447753944653803,0.001216819739287732,0.006684960070481726,0.004470350314226805,0.0049194727073281165,0.0035421743288684923,0.009964774844862828,0.009527797989925403
2026-03-26,-0.038318848265911816,-0.00844178363720817,0.015562616683822948,-0.005894943736739738,-0.02347138240966032,-0.03164487917837022,-0.004549688058468725,0.0017664352007042722,-0.0034248953348349877,-0.017307787493526378
2026-03-27,0.0344920916538754,-0.005473137213918483,0.016763785550357655,-0.02560531909511082,-0.012918751244070388,-0.01966378310661828,0.007856649753727542,0.005719292225670273,-0.01716312709138258,-0.02937138543107316
2026-03-30,-0.0002894695055481386,0.0132237231293312,-0.00963711741607335,0.01143818700565196,-0.016402611865336265,-0.018802497721177803,0.0012220272392711295,0.00721231456411613,0.0039014457583487296,-0.0001892367062619641
2026-03-31,0.037193492650150234,-0.0010376041638462295,-0.011361926767002163,0.020669892268274905,0.032169609338829175,0.041480555195092236,0.0012206287752960139,-0.0006534970300011149,0.019213435512634672,0.03093798356261731
2026-04-01,0.017348463901669588,-0.00098485060920514,-0.038098213292740886,0.0014168547366460824,0.01655665146861073,0.01501099680198484,-0.006363265043106494,0.004782644349048358,0.007610250299506627,0.0074961469110571355
2026-04-02,-0.01939570172340335,0.0061253793971653234,0.004736919302418864,0.0018187365819007893,-0.004021872633099368,0.00797347741919111,0.0052647848475006415,0.004975662841547116,-0.006247037291107315,-0.015141390361236394
2026-04-06,-0.004107092256447038,-0.0016143968204644656,0.007231180993799995,0.007041620271119232,0.005116012896904388,0.005792392730627562,0.00935897755808154,-0.0036753254370943964,-0.0036166321854646695,0.008195629276548997
2026-04-07,0.009680581273932702,-0.0001154328638290241,0.008010716096175936,0.0,-0.002006761789125643,0.004740856527205279,-0.017081936538456223,0.002163615952297068,0.00198059507379428,-0.011715500324843973
2026-04-08,0.006279313363379332,0.003226563393893107,-0.03570298210411455,0.02611940472109008,0.036811061298117696,0.03052694653417127,0.018532554725820945,0.010961922249258297,0.020929678297111332,0.02790796522572117
2026-04-09,0.007748433781414136,-0.0025342546675224563,-0.012480616141953815,0.002535865297800868,0.010215189520804344,0.0026783556308226887,0.008061141963714552,0.00787830638020974,-0.002274223976131931,0.01717700301972968
2026-04-10,-0.0017827733092611521,-0.0024251359073081823,-0.006826021127469514,-0.010969774268700553,-0.00389862968481372,0.0038637709260608893,-0.013026287240344518,-0.004037885417747498,-0.013619441077386366,0.0013296241617148357
2026-04-13,-0.004057403475821635,0.003001679175945151,0.002981185632390464,0.017378146738275733,0.007029754178442501,0.02074810255086346,-0.010004959808657947,-0.01221225041725516,0.004470365510517641,0.009082543723651838
2026-04-14,0.02210325929203807,0.005288589147207229,-0.020520794970041025,0.002320166034592542,0.003583050369953263,0.015874983747899685,-0.0009814971829269436,0.0017230637588260436,0.005795168519952656,0.021879708253994483
2026-04-15,-0.010456884729500534,-0.004366846171156317,-0.003401712043388361,0.007503631187861701,-0.01259711567342381,0.01582651440097195,-0.0050452782243640155,-0.00973087481123511,-0.007147687455608114,0.014832748655327497
2026-04-16,-0.0008631178955779131,-0.006354364542351549,0.01459886188500587,-0.0026871300957661093,-0.004977849044284701,0.011378802179119945,0.004554168145092711,0.007145164536788115,-0.007881035715184104,-0.004664806876808212
2026-04-17,0.013205474549607812,0.00911450674725154,-0.0279588344192667,0.007658500564386907,0.01849746033198862,0.015210671249022997,0.012569556949322718,-0.004107640196853363,0.014827138794846937,0.023358534694775283
2026-04-20,-0.00864849962892801,-0.00022958862323220556,0.0009083339164136398,0.003807367255411411,0.0022451833078729385,0.001359564176845205,-0.0008492532566492339,-0.008921827172683541,-0.009317499567640398,-0.0044947711857776735
2026-04-21,-0.028728747571710147,-0.005529463104757562,0.014422446620397674,-0.006289963177361053,-0.014247020856480951,0.0008407753627866968,-0.006697986023232404,-0.01764101383083214,-0.010227129562801019,-0.00753647438298356
2026-04-22,0.0131588507180817,0.0019617781275122854,0.011920824104814093,-0.001722326596142498,-0.002335957382373442,0.021741337912237108,0.0032937422578494763,-0.0017813817074696404,0.003147499752506956,-0.0003362834438650155
2026-04-23,-0.009742663076259298,-0.0021927817549235807,0.0077519525779976076,-0.007883895350105778,0.01756015121736575,-0.014334651548320792,0.016547303267390966,0.026826613859838946,-0.0009568682616781176,-0.010056301848676188
2026-04-24,0.005114015549751456,0.0018469798867271519,-0.0019323784989928128,-0.00736296830890973,-0.009234243859820931,0.027718062010826394,-0.002999222330209137,0.0019508004916787775,-0.014186677091203782,0.008036287181527683
2026-04-27,-0.007785532512716458,-0.004971431278577753,-0.0017599172908956157,0.007556041105022416,0.00023185858198893465,0.0021821517695709246,-0.010750928224921606,0.00021648417641792234,-0.005006170679436647,-0.007187331560606198
2026-04-28,-0.01873736625464264,0.0010425688620509866,0.016422427612486,0.0007716979138310483,-0.008908608353055885,-0.017084776504905703,0.008947049181270553,0.0012981692472698169,0.002645247765842933,-0.007068321589724681
2026-04-29,-0.010723068864617815,-0.007787625622052678,0.022615315714630012,0.0013491318821670546,-0.006160021165387185,0.007950537085245957,-0.001927755562173355,-0.012400891929948641,-0.006976448175301063,-0.0014539733110887775
2026-04-30,0.01486229443655377,-0.0009339023821976297,0.010448405551230323,0.004036582140481254,0.02699655535091944,0.0024481314690988775,0.016624187491695874,0.025290404086491202,0.021813066750471236,0.012840876890459969
2026-05-01,-0.001133652259722497,0.0035690890623771322,-0.013502366346448118,-0.004036582140481169,-0.009322707087191878,0.014749591555944989,-0.001661911507849888,-0.00642398878157767,-0.005701556265918287,0.0023630594534461125
2026-05-04,-0.020218142966322065,-0.007621630655612585,0.009134043972748331,-0.006570001176473636,-0.011513827098340366,0.001111434638910664,-0.007512971441062164,-0.0038743119646479918,-0.0029666994436618323,-0.0077004487856840295
2026-05-05,0.008547670573807937,0.005516816514030659,0.0010097842193269404,0.0001938222617479236,0.008328816818448156,0.021851466024549623,0.00620523050517692,0.0,0.003930683450091478,0.002968732599496887
2026-05-06,0.029888127796577613,0.007579768822909394,-0.04208436813553669,0.004834196773197007,0.0255395894114532,0.026218470445750194,0.0021390419335029173,-0.014335603054136831,0.0006879315426189412,0.015130178797698195
2026-05-07,0.0016692975079798738,-0.005007858979399997,-0.01859281944052212,-0.005609859324479099,-0.01635967262538547,-0.0020016275178709768,-0.0030911272377995283,-0.012991488797577942,-0.004687673600036573,8.337440535302963e-05
2026-05-08,0.0048298583279887475,0.005007858979399895,-0.004478287763492577,-0.006031685877483256,-0.004608320706043221,0.03377976349646886,0.002378651738642234,-0.008904727373611565,-0.008535464879098896,0.0026657771747395633
2026-05-11,0.0020266811021026647,-0.00605926557066717,0.02604909261710032,-0.0011716730910597693,0.01056750236894149,0.013356172223879161,-0.009668801600690823,0.009347901724662894,-0.0031411201546591968,-0.006929060596179341
2026-05-12,-0.0039650602843981355,-0.006684252569104922,0.006972340139130945,0.007785199258077124,-0.003949672748508792,-0.015181032008949977,0.012752686526020653,0.0011070351658319453,0.019454473673413658,-0.009088691818596993
2026-05-13,-0.005628711330520772,-0.0022379595909664428,0.0010416905958221894,-0.011504467967881607,-0.004195833288817236,0.009373789080294036,0.0033104638087971417,-0.011573698660595967,0.00587915675277243,0.0036285454039426805
2026-05-14,-0.007671648257758531,0.0014140022675137214,0.0076058901460608055,0.0058662512665614355,0.005113040273031566,0.014873257764457713,0.0030642584874679257,0.005135734358824323,-0.0005454546251821645,-0.00042127345402816126
2026-05-15,-0.023494231397838114,-0.014948609648474642,0.02331820317703447,-0.003711351902179141,-0.017982044559230276,-0.01821506142193966,-0.004009013290454589,-0.02320713790130708,-0.010489238334873042,-0.018197776137513985
2026-05-18,0.0027281501848720967,-0.0011961349699193746,0.01899745851880595,0.012446741849278048,-0.0037994721030032794,-0.010838015635676834,0.014776885854801292,0.0015943448718444028,0.004263778563066184,-0.0018037289481099906
2026-05-19,-0.01670057427993652,-0.006483341573906108,0.011651876610780165,-0.01244674184927802,-0.011841397159406885,-0.0064441828158866565,0.002209371378069116,0.009062171926794796,0.010920160775845511,-0.011152057865743562
2026-05-20,0.01423595990327424,0.010663341217743995,-0.024611064236869193,0.010899317364985166,0.011724234966984895,0.022262428881018106,-0.006642990668122012,0.003826637688401249,-0.0012905583963370008,0.024983087976889355
2026-05-21,-0.00098276274381623,0.003687524211965227,-0.011267220301816388,0.0013540904523295584,-0.0011721090919443677,0.00820832568076933,-0.010106949114146764,0.010948644452438379,0.006908649924440369,0.006423234633016832
2026-05-22,-0.007631102906282789,0.00544703309136376,0.0060698315174970725,0.0040513046283228125,0.007245170355550137,0.009972467719458224,0.001652300436123724,0.007747653144101836,0.011676454849149885,0.004035681973678268
2026-05-26,0.0004348594550147071,0.00494753925097868,-0.02795483215086866,-0.0017342745478315794,0.014621572512542182,0.02599112200628634,-0.013893304234199499,-0.00044103756778207523,-0.0092494286161677,0.0022628903439444463
2026-05-27,-0.013398563535697896,0.0023475363570838437,-0.01497758396435238,-0.008327739018853385,0.0,-0.0038423443603782833,0.011295579141765447,-0.004200347478551628,0.0018836116621571526,0.017427877645741656
2026-05-28,0.010423100202116821,0.005144941510492766,-0.0007021400090155058,-0.0029213715038676857,-0.0028727396443134347,0.013036240614831357,-0.001775061397182054,-0.011362455294235605,0.013948980530874467,0.004186981245510909
2026-05-29,0.010483427987444453,0.00023331033980585517,-0.01165678754943432,0.006028241228414576,-0.003862444796171314,0.02207196837633917,-0.018167065998129624,-0.004716525328973827,-0.009389139282771507,-0.00979709651985496
