Date,GLD,TLT,XLE,XLF,XLI,XLK,XLP,XLU,XLV,XLY
2013-01-02,163.1699981689453,82.29936218261719,22.54460334777832,10.742974281311035,30.544307708740234,12.585066795349121,25.243377685546875,11.496894836425781,32.7633171081543,20.821712493896484
2013-01-03,161.1999969482422,81.1843032836914,22.53843116760254,10.730239868164062,30.56004524230957,12.504857063293457,25.1799259185791,11.496894836425781,32.8035888671875,20.873294830322266
2013-01-04,160.44000244140625,81.50090789794922,22.7885799407959,10.857596397399902,30.788278579711914,12.454194068908691,25.250431060791016,11.555094718933105,32.94860076904297,20.950685501098633
2013-01-07,159.42999267578125,81.53533172607422,22.61254119873047,10.832122802734375,30.65449333190918,12.43730640411377,25.081193923950195,11.441930770874023,33.05333709716797,20.899093627929688
2013-01-08,160.55999755859375,82.07225799560547,22.53843116760254,10.800287246704102,30.418380737304688,12.39086627960205,25.010692596435547,11.406367301940918,33.0614013671875,20.838905334472656
2013-01-09,160.49000549316406,81.99655151367188,22.501367568969727,10.787549018859863,30.725324630737305,12.411975860595703,25.067094802856445,11.3837308883667,33.42390823364258,20.873294830322266
2013-01-10,161.97999572753906,81.7693862915039,22.705190658569336,10.921279907226562,30.874862670898438,12.475302696228027,25.21516990661621,11.432231903076172,33.65752029418945,20.993675231933594
2013-01-11,161.05999755859375,82.4990005493164,22.73299217224121,10.895808219909668,30.764677047729492,12.49219036102295,25.327987670898438,11.44516372680664,33.649478912353516,21.010875701904297
2013-01-14,161.5399932861328,82.27186584472656,22.736074447631836,10.863969802856445,30.882722854614258,12.411975860595703,25.405559539794922,11.422532081604004,33.68168640136719,21.062469482421875
2013-01-15,162.55999755859375,82.65046691894531,22.837997436523438,10.908547401428223,30.96930503845215,12.331765174865723,25.483123779296875,11.454865455627441,33.64141845703125,21.217248916625977
2013-01-16,162.64999389648438,82.82255554199219,22.93990135192871,10.914911270141602,30.84336280822754,12.373979568481445,25.447866439819336,11.399901390075684,33.568912506103516,21.169950485229492
2013-01-17,163.35000610351562,81.99655151367188,23.085060119628906,10.908547401428223,31.173917770385742,12.424640655517578,25.617090225219727,11.44516372680664,33.866981506347656,21.39351463317871
2013-01-18,163.08999633789062,82.62980651855469,23.31358528137207,10.921279907226562,31.42576026916504,12.40775203704834,25.722867965698242,11.535693168640137,33.979759216308594,21.4193172454834
2013-01-22,163.6699981689453,82.7881088256836,23.53594398498535,11.023170471191406,31.551692962646484,12.441529273986816,25.72991371154785,11.632685661315918,34.0764274597168,21.475210189819336
2013-01-23,163.2100067138672,82.66416931152344,23.45564842224121,11.01679801940918,31.559541702270508,12.572402000427246,25.722867965698242,11.603584289550781,34.03614807128906,21.49240493774414
2013-01-24,161.4199981689453,82.3750991821289,23.523590087890625,11.074112892150879,31.748449325561523,12.357094764709473,25.793386459350586,11.655316352844238,34.253662109375,21.655776977539062
2013-01-25,160.64999389648438,81.2462158203125,23.745948791503906,11.125057220458984,31.85075569152832,12.369760513305664,25.9202938079834,11.71351432800293,34.51951217651367,21.883644104003906
2013-01-28,160.2899932861328,80.95020294189453,23.705801010131836,11.080482482910156,31.87437629699707,12.411975860595703,25.941455841064453,11.70704460144043,34.3986701965332,21.780460357666016
2013-01-29,160.99000549316406,80.50276947021484,24.0887508392334,11.125057220458984,31.945213317871094,12.428865432739258,26.08247184753418,11.787874221801758,34.76923370361328,21.694469451904297
2013-01-30,162.19000244140625,80.36507415771484,23.968311309814453,11.074112892150879,31.654006958007812,12.39086627960205,26.033124923706055,11.797574996948242,34.66450500488281,21.655776977539062
2013-01-31,161.1999969482422,80.75747680664062,23.888017654418945,11.067747116088867,31.543834686279297,12.411975860595703,25.997859954833984,11.826668739318848,34.56783676147461,21.552589416503906
2013-02-01,161.4499969482422,79.7088394165039,24.110368728637695,11.214213371276855,31.85075569152832,12.551295280456543,26.209392547607422,11.859003067016602,34.84174346923828,21.67727279663086
2013-02-04,162.0,80.72986602783203,23.8818359375,11.086848258972168,31.575294494628906,12.386645317077637,25.962604522705078,11.778177261352539,34.45506286621094,21.41071128845215
2013-02-05,161.9600067138672,80.01239776611328,24.0887508392334,11.195106506347656,31.866498947143555,12.530187606811523,26.272846221923828,11.810505867004395,34.83369064331055,21.63857650756836
2013-02-06,162.38999938964844,80.66778564453125,24.104190826416016,11.214213371276855,31.87437629699707,12.52596378326416,26.30811309814453,11.8460693359375,34.825626373291016,21.68587875366211
2013-02-07,161.83999633789062,80.48841094970703,24.04242706298828,11.18237018585205,31.835025787353516,12.52596378326416,26.449132919311523,11.86223316192627,34.69675064086914,21.63857650756836
2013-02-08,161.57000732421875,80.79888916015625,24.267885208129883,11.207843780517578,31.96094512939453,12.635727882385254,26.42798614501953,11.86223316192627,34.95454788208008,21.806255340576172
2013-02-11,159.6999969482422,80.73675537109375,24.14743423461914,11.258790969848633,31.93734359741211,12.661065101623535,26.42798614501953,11.891332626342773,34.88201141357422,21.733158111572266
2013-02-12,159.88999938964844,80.5367202758789,24.2122859954834,11.347946166992188,32.07899475097656,12.618841171264648,26.399778366088867,11.943061828613281,34.84174346923828,21.819156646728516
2013-02-13,159.0500030517578,79.88134765625,24.298757553100586,11.322469711303711,32.25215148925781,12.61462116241455,26.42798614501953,11.943061828613281,34.81757354736328,21.866439819335938
2013-02-14,158.35000610351562,80.60567474365234,24.50875473022461,11.36068058013916,32.29936599731445,12.580845832824707,26.484399795532227,11.8460693359375,34.890079498291016,21.87504005432129
2013-02-15,155.75999450683594,80.37118530273438,24.227720260620117,11.309733390808105,32.31510925292969,12.572402000427246,26.519651412963867,11.871932983398438,34.97062683105469,21.90083885192871
2013-02-19,155.3300018310547,79.9709701538086,24.50875473022461,11.417993545532227,32.55121612548828,12.656839370727539,26.787599563598633,11.97538948059082,35.18812942504883,21.982526779174805
2013-02-20,151.44000244140625,80.21247863769531,23.996097564697266,11.246053695678711,32.126216888427734,12.483748435974121,26.73822784423828,11.952763557434082,34.96258544921875,21.647171020507812
2013-02-21,152.6199951171875,80.68155670166016,23.82933807373047,11.15689468383789,31.890104293823242,12.382427215576172,26.822856903076172,11.901033401489258,34.80147171020508,21.46660614013672
2013-02-22,152.97000122070312,80.73675537109375,24.079483032226562,11.296998977661133,32.14195251464844,12.53441047668457,26.977983474731445,12.020658493041992,34.95454788208008,21.586986541748047
2013-02-25,154.33999633789062,82.32347869873047,23.449485778808594,10.99133014678955,31.480857849121094,12.357094764709473,26.611318588256836,11.91396427154541,34.56783676147461,21.25164222717285
2013-02-26,156.22000122070312,81.84750366210938,23.68109893798828,11.0486421585083,31.669750213623047,12.428865432739258,26.674776077270508,11.949524879455566,34.65644836425781,21.462308883666992
2013-02-27,154.57000732421875,81.60600280761719,24.04242706298828,11.220580101013184,32.26787567138672,12.53441047668457,26.8721981048584,12.059453964233398,35.035099029541016,21.789051055908203
2013-02-28,153.0,81.75779724121094,23.99301528930664,11.20147705078125,32.244258880615234,12.509079933166504,26.85811424255371,12.101486206054688,35.00285720825195,21.896530151367188
2013-03-01,152.44000244140625,82.20301055908203,24.02389907836914,11.233315467834473,32.189186096191406,12.530187606811523,26.949783325195312,12.124114990234375,35.26869201660156,21.948137283325195
2013-03-04,152.3000030517578,81.76748657226562,23.971397399902344,11.328839302062988,32.126216888427734,12.568180084228516,27.154258728027344,12.246973037719727,35.462039947509766,22.14159393310547
2013-03-05,152.3800048828125,81.53242492675781,24.12581443786621,11.424362182617188,32.58269119262695,12.741273880004883,27.245935440063477,12.311639785766602,35.76816177368164,22.36517333984375
2013-03-06,153.22999572753906,80.79267120361328,24.153606414794922,11.500779151916504,32.58269119262695,12.732832908630371,27.182462692260742,12.305168151855469,35.84067916870117,22.347970962524414
2013-03-07,152.69000244140625,80.17037963867188,24.277135848999023,11.5835599899292,32.60630416870117,12.762383460998535,27.182462692260742,12.250208854675293,35.816497802734375,22.386667251586914
2013-03-08,152.7100067138672,79.3338851928711,24.39449119567871,11.61540412902832,32.913246154785156,12.787713050842285,27.231828689575195,12.276071548461914,35.88095474243164,22.623130798339844
2013-03-11,152.99000549316406,79.40995788574219,24.40684700012207,11.704553604125977,33.023406982421875,12.817267417907715,27.260019302368164,12.305168151855469,36.06622314453125,22.67902374267578
2013-03-12,154.19000244140625,79.9837646484375,24.434648513793945,11.640874862670898,32.83453369140625,12.770824432373047,27.231828689575195,12.272839546203613,36.22735595703125,22.614532470703125
2013-03-13,153.66000366210938,79.90079498291016,24.37905502319336,11.672714233398438,32.9919319152832,12.762383460998535,27.302331924438477,12.327802658081055,36.23541259765625,22.739208221435547
2013-03-14,153.67999267578125,79.65880584716797,24.71258544921875,11.749129295349121,33.14934158325195,12.855264663696289,27.39400291442871,12.353665351867676,36.26762390136719,22.7650089263916
2013-03-15,154.0,80.03215789794922,24.693044662475586,11.788748741149902,33.174644470214844,12.801852226257324,27.274255752563477,12.434869766235352,36.18996047973633,22.677900314331055
2013-03-18,155.3800048828125,80.6406021118164,24.4945068359375,11.673735618591309,32.96912384033203,12.806087493896484,27.18921661376953,12.366385459899902,35.95532989501953,22.505403518676758
2013-03-19,156.0800018310547,81.18669891357422,24.22462272644043,11.60983657836914,32.93751907348633,12.789132118225098,27.41596221923828,12.398996353149414,35.97960662841797,22.345857620239258
2013-03-20,155.3699951171875,80.28104400634766,24.361116409301758,11.686513900756836,32.977027893066406,12.852716445922852,27.678157806396484,12.49030590057373,36.278953552246094,22.604591369628906
2013-03-21,156.25,81.05538177490234,24.23703384399414,11.545948028564453,32.64504623413086,12.70859146118164,27.593114852905273,12.428345680236816,36.07669448852539,22.41485595703125
2013-03-22,155.5500030517578,81.11756134033203,24.429359436035156,11.616230964660645,32.89799118041992,12.789132118225098,27.848224639892578,12.447911262512207,36.351783752441406,22.690832138061523
2013-03-25,155.24000549316406,81.0415267944336,24.336294174194336,11.584284782409668,32.60553741455078,12.7594575881958,27.826955795288086,12.421826362609863,36.24659729003906,22.652034759521484
2013-03-26,154.72000122070312,81.13831329345703,24.59377670288086,11.660957336425781,32.771507263183594,12.840002059936523,28.089143753051758,12.539226531982422,36.66730499267578,22.764142990112305
2013-03-27,155.36000061035156,81.82971954345703,24.674434661865234,11.603448867797852,32.771507263183594,12.806087493896484,28.067886352539062,12.59792709350586,36.85341262817383,22.77277183532715
2013-03-28,154.4499969482422,81.4149169921875,24.60308837890625,11.63539981842041,33.00864791870117,12.831521987915039,28.181262969970703,12.751201629638672,37.177024841308594,22.85469627380371
2013-04-01,154.6699981689453,82.02806854248047,24.553455352783203,11.577895164489746,32.60553741455078,12.746746063232422,28.16710090637207,12.72185230255127,37.27412414550781,22.682218551635742
2013-04-02,152.42999267578125,81.69547271728516,24.413856506347656,11.648177146911621,32.50276565551758,12.797611236572266,28.47179412841797,12.764251708984375,37.81620788574219,22.8719482421875
2013-04-03,150.72999572753906,82.42990112304688,23.957841873168945,11.456490516662598,32.30516052246094,12.695869445800781,28.160003662109375,12.728375434875488,37.58967208862305,22.660648345947266
2013-04-04,150.2899932861328,83.41382598876953,23.92681884765625,11.558723449707031,32.44742965698242,12.700112342834473,28.308818817138672,12.849039077758789,37.75957107543945,22.790010452270508
2013-04-05,152.80999755859375,85.09744262695312,23.97955322265625,11.520384788513184,32.38418960571289,12.602616310119629,28.103328704833984,12.904480934143066,37.5492057800293,22.677900314331055
2013-04-08,152.16000366210938,84.44615936279297,24.14086151123047,11.63539981842041,32.573917388916016,12.657724380493164,28.422183990478516,13.002314567565918,37.581573486328125,22.936628341674805
2013-04-09,153.33999633789062,84.23832702636719,24.345611572265625,11.66734790802002,32.67665481567383,12.746746063232422,28.39385414123535,12.963177680969238,37.70293045043945,22.87626075744629
2013-04-10,150.75,83.08120727539062,24.475902557373047,11.82708740234375,33.11139678955078,12.971409797668457,28.606422424316406,13.067537307739258,38.33400344848633,23.14361572265625
2013-04-11,151.0500030517578,83.24054718017578,24.581361770629883,11.85264778137207,33.19835662841797,12.929018020629883,28.741071701049805,13.096885681152344,38.706180572509766,23.337665557861328
2013-04-12,143.9499969482422,84.48079681396484,24.196704864501953,11.801525115966797,33.00864791870117,12.873918533325195,28.84735107421875,13.152328491210938,38.779014587402344,23.462722778320312
2013-04-15,131.30999755859375,85.21524047851562,23.210222244262695,11.55233383178711,32.004791259765625,12.66196346282959,28.386756896972656,12.963177680969238,38.07511901855469,22.846071243286133
2013-04-16,132.8000030517578,84.51546478271484,23.495620727539062,11.731239318847656,32.439537048339844,12.818803787231445,28.918214797973633,13.119714736938477,38.62527847290039,23.17380714416504
2013-04-17,132.8699951171875,85.07666778564453,22.980663299560547,11.513996124267578,31.902027130126953,12.555989265441895,28.670207977294922,13.044703483581543,38.44727325439453,22.936628341674805
2013-04-18,134.3000030517578,85.2845230102539,23.176088333129883,11.39259147644043,31.759742736816406,12.424577713012695,28.61351776123047,13.087099075317383,37.978031158447266,22.6865234375
2013-04-19,135.47000122070312,85.10432434082031,23.129566192626953,11.55233383178711,31.917842864990234,12.441529273986816,29.05994415283203,13.282771110534668,38.51200485229492,22.958192825317383
2013-04-22,137.89999389648438,85.16674041748047,23.377735137939453,11.56511402130127,31.957365036010742,12.539030075073242,29.130796432495117,13.26646900177002,38.74664306640625,23.057371139526367
2013-04-23,136.8800048828125,84.86882019042969,23.647624969482422,11.775970458984375,32.18659591674805,12.674678802490234,29.357540130615234,13.29908275604248,38.98936462402344,23.290233612060547
2013-04-24,138.3699951171875,85.0835952758789,23.96404457092285,11.846253395080566,32.518585205078125,12.695869445800781,28.88986587524414,13.341475486755371,38.31782913208008,23.307485580444336
2013-04-25,141.6300048828125,84.71638488769531,23.982656478881836,11.916536331176758,32.6845703125,12.738265037536621,28.98198890686035,13.344734191894531,38.471553802490234,23.505840301513672
2013-04-26,140.91000366210938,85.49240112304688,23.942333221435547,11.865424156188965,32.58971405029297,12.734025001525879,28.974897384643555,13.364304542541504,38.463462829589844,23.40234375
2013-04-29,142.3000030517578,85.18061828613281,24.184303283691406,11.916536331176758,32.755714416503906,12.916301727294922,29.067020416259766,13.47518539428711,38.584842681884766,23.484289169311523
2013-04-30,142.77000427246094,85.22913360595703,24.28046226501465,11.948487281799316,32.76361083984375,13.056195259094238,29.010330200195312,13.511054039001465,38.2935676574707,23.548965454101562
2013-05-01,141.11000061035156,86.10466003417969,23.902006149291992,11.814310073852539,32.33677673339844,12.941737174987793,28.98198890686035,13.377352714538574,37.88902282714844,23.423908233642578
2013-05-02,141.9199981689453,85.99358367919922,24.215320587158203,11.916536331176758,32.73990249633789,13.107056617736816,29.088281631469727,13.361047744750977,38.309749603271484,23.652456283569336
2013-05-03,142.08999633789062,83.96609497070312,24.65272331237793,12.044327735900879,33.30110168457031,13.229990005493164,29.2158203125,13.334956169128418,38.56864547729492,23.950000762939453
2013-05-06,142.14999389648438,83.75782012939453,24.820226669311523,12.172121047973633,33.514530181884766,13.293580055236816,29.00324821472168,13.149067878723145,38.31782913208008,24.027618408203125
2013-05-07,140.3800048828125,83.43144989013672,25.012577056884766,12.236019134521484,33.82279586791992,13.2850980758667,29.222923278808594,13.276253700256348,38.43918991088867,24.23029136657715
2013-05-08,142.4600067138672,83.5633773803711,25.052900314331055,12.338249206542969,34.036224365234375,13.391073226928711,29.25834846496582,13.158849716186523,38.552452087402344,24.247547149658203
2013-05-09,140.80999755859375,83.34818267822266,25.031187057495117,12.248797416687012,34.036224365234375,13.352925300598145,29.05284309387207,12.95992374420166,38.601009368896484,24.290672302246094
2013-05-10,139.60000610351562,82.45240783691406,24.900890350341797,12.29991340637207,34.13896179199219,13.391073226928711,29.166227340698242,12.989270210266113,38.98126983642578,24.480403900146484
2013-05-13,138.42999267578125,81.82061767578125,24.89778709411621,12.338249206542969,34.00459671020508,13.357161521911621,29.2158203125,12.920784950256348,39.30491638183594,24.484718322753906
2013-05-14,137.80999755859375,80.93185424804688,25.251432418823242,12.549107551574707,34.423526763916016,13.399557113647461,29.56304931640625,13.008835792541504,39.70134353637695,24.734813690185547
2013-05-15,134.6300048828125,81.47344207763672,25.180082321166992,12.664118766784668,34.56580352783203,13.441944122314453,29.853580474853516,13.132760047912598,39.911705017089844,24.868497848510742
2013-05-16,134.08999633789062,82.32051086425781,25.05599594116211,12.58105182647705,34.39190673828125,13.514004707336426,29.676427841186523,13.025138854980469,39.49909210205078,24.57958221435547
2013-05-17,131.07000732421875,81.27904510498047,25.474788665771484,12.74717903137207,34.91361999511719,13.649654388427734,29.718935012817383,13.149067878723145,39.72563552856445,24.81675910949707
2013-05-20,135.1199951171875,81.18182373046875,25.834632873535156,12.772741317749023,35.016357421875,13.649654388427734,29.414234161376953,13.083840370178223,39.45054244995117,24.74344825744629
2013-05-21,132.8800048828125,81.82061767578125,25.781902313232422,12.8046875,35.063785552978516,13.60726547241211,29.44257354736328,13.109932899475098,39.87935256958008,24.85556411743164
2013-05-22,131.94000244140625,80.60552215576172,25.48409080505371,12.670509338378906,34.755516052246094,13.458905220031738,29.392980575561523,12.888171195983887,39.87935256958008,24.618389129638672
2013-05-23,134.61000061035156,80.98738861083984,25.496492385864258,12.59383487701416,34.66067123413086,13.454656600952148,29.27251434326172,12.800116539001465,39.86315155029297,24.566638946533203
2013-05-24,133.75999450683594,81.09852600097656,25.347597122192383,12.606611251831055,34.54999542236328,13.433465003967285,29.548870086669922,12.663150787353516,39.7418098449707,24.493335723876953
2013-05-28,133.49000549316406,79.04327392578125,25.614381790161133,12.734403610229492,34.73180389404297,13.497052192687988,29.598474502563477,12.516399383544922,40.1463508605957,24.730512619018555
2013-05-29,134.8300018310547,79.9319839477539,25.55855369567871,12.734403610229492,34.53419494628906,13.463140487670898,29.03158187866211,12.330510139465332,39.515254974365234,24.47608184814453
2013-05-30,136.6999969482422,79.73761749267578,25.49960708618164,12.8877534866333,34.73969650268555,13.547918319702148,28.918214797973633,12.36312484741211,39.79843521118164,24.47608184814453
2013-05-31,133.9199981689453,79.4668197631836,24.97223472595215,12.676900863647461,34.40773010253906,13.420746803283691,28.37967300415039,12.288116455078125,38.92464065551758,24.20011329650879
2013-06-03,136.50999450683594,79.8878402709961,25.214204788208008,12.689678192138672,34.5737190246582,13.48857307434082,28.691463470458984,12.314208030700684,39.13499450683594,24.307920455932617
2013-06-04,135.22999572753906,79.15010833740234,25.01566505432129,12.574664115905762,34.38401794433594,13.42922592163086,28.698549270629883,12.271810531616211,38.892276763916016,24.221668243408203
2013-06-05,135.52000427246094,80.24285888671875,24.72406768798828,12.370197296142578,33.75957107543945,13.29781436920166,28.351335525512695,12.164189338684082,38.3259162902832,23.820640563964844
2013-06-06,136.52999877929688,80.19414520263672,24.910200119018555,12.542716979980469,33.97298049926758,13.327492713928223,28.47179412841797,12.307680130004883,38.88417434692383,24.070741653442383
2013-06-07,133.27999877929688,78.76034545898438,25.2235050201416,12.759963035583496,34.61323928833008,13.450422286987305,28.826099395751953,12.382689476013184,39.240177154541016,24.510591506958008
2013-06-10,133.94000244140625,78.38448333740234,25.15216827392578,12.766353607177734,34.51047134399414,13.480094909667969,28.826099395751953,12.37942886352539,39.296817779541016,24.43727684020996
2013-06-11,133.25,79.31719970703125,24.770599365234375,12.555496215820312,34.19429016113281,13.340206146240234,28.755231857299805,12.297898292541504,39.13499450683594,24.19579315185547
2013-06-12,134.25,78.18269348144531,24.61859703063965,12.42131233215332,33.95718002319336,13.251185417175293,28.61351776123047,12.177238464355469,38.738548278808594,23.92844009399414
2013-06-13,133.74000549316406,79.40767669677734,25.031187057495117,12.65772533416748,34.455142974853516,13.403792381286621,28.9111270904541,12.376167297363281,39.33727264404297,24.376911163330078
2013-06-14,134.42999267578125,79.21965026855469,24.78921127319336,12.49160099029541,34.22591781616211,13.30205249786377,28.840267181396484,12.392471313476562,39.272544860839844,24.299285888671875
2013-06-17,133.77000427246094,78.80213165283203,25.14595603942871,12.613001823425293,34.49467849731445,13.42498779296875,29.09536361694336,12.431608200073242,39.361534118652344,24.43297576904297
2013-06-18,132.1300048828125,78.84388732910156,25.28865623474121,12.696065902709961,34.89780044555664,13.530964851379395,29.201679229736328,12.516399383544922,39.693267822265625,24.68307876586914
2013-06-19,130.58999633789062,78.02955627441406,25.05599594116211,12.52354907989502,34.36819076538086,13.374114990234375,28.620609283447266,12.229412078857422,39.06217956542969,24.402786254882812
2013-06-20,123.5999984741211,76.74893188476562,24.323881149291992,12.25518798828125,33.58565902709961,13.077387809753418,27.756107330322266,11.8837308883667,38.05892562866211,23.764572143554688
2013-06-21,125.05000305175781,75.44734191894531,24.36565589904785,12.266091346740723,33.6063232421875,12.998565673828125,28.122699737548828,12.038908004760742,38.434410095214844,23.81043243408203
2013-06-24,123.93000030517578,75.76058197021484,24.00408363342285,12.047974586486816,33.04225158691406,12.840929985046387,28.00857925415039,12.029027938842773,38.10931396484375,23.59412956237793
2013-06-25,123.47000122070312,75.08544921875,24.312665939331055,12.272506713867188,33.4156494140625,12.947441101074219,28.051380157470703,12.187176704406738,38.304386138916016,23.806100845336914
2013-06-26,118.27999877929688,75.57264709472656,24.46229362487793,12.394399642944336,33.74138259887695,13.024129867553711,28.343801498413086,12.342024803161621,38.857032775878906,24.10460090637207
2013-06-27,115.94000244140625,76.34521484375,24.509044647216797,12.554780960083008,34.07506561279297,13.088038444519043,28.472183227539062,12.36838436126709,38.99520492553711,24.31224822998047
2013-06-28,119.11000061035156,76.86719512939453,24.40618133544922,12.477797508239746,33.87644577026367,13.03265380859375,28.293865203857422,12.398036003112793,38.69449996948242,24.398771286010742
2013-07-01,121.12999725341797,77.02206420898438,24.580726623535156,12.516291618347168,34.21807098388672,13.10081958770752,28.50071144104004,12.243186950683594,38.80016326904297,24.567487716674805
2013-07-02,120.05000305175781,76.9732437133789,24.63372039794922,12.52912425994873,33.85261917114258,13.122126579284668,28.536380767822266,12.239888191223145,38.7188720703125,24.610748291015625
2013-07-03,120.73999786376953,76.7430419921875,24.618146896362305,12.490629196166992,33.86849594116211,13.198809623718262,28.479326248168945,12.193760871887207,38.661964416503906,24.723222732543945
2013-07-05,118.08999633789062,74.12703704833984,24.923614501953125,12.715166091918945,34.400787353515625,13.284019470214844,28.550642013549805,12.157525062561035,39.19026565551758,24.991437911987305
2013-07-08,119.51000213623047,74.84556579589844,25.085693359375,12.811394691467285,34.49613952636719,13.275495529174805,28.835933685302734,12.332144737243652,39.40971755981445,25.225038528442383
2013-07-09,120.62000274658203,74.92232513427734,25.34128189086914,12.920454025268555,34.98076248168945,13.32662296295166,29.049901962280273,12.421100616455078,39.52347946166992,25.324542999267578
2013-07-10,120.94999694824219,74.33631896972656,25.185436248779297,12.843472480773926,34.97282409667969,13.36922550201416,29.085569381713867,12.490288734436035,39.783565521240234,25.35049057006836
2013-07-11,124.23999786376953,75.20830535888672,25.388032913208008,12.965359687805176,35.52894973754883,13.595029830932617,29.542030334472656,12.691267967224121,40.29559326171875,25.713882446289062
2013-07-12,124.12999725341797,75.1455307006836,25.531415939331055,13.05517292022705,35.31444549560547,13.603550910949707,29.54915428161621,12.730801582336426,40.53940963745117,25.83501434326172
2013-07-15,124.18000030517578,75.54317474365234,25.509613037109375,13.1129150390625,35.44156265258789,13.641894340515137,29.591955184936523,12.938370704650879,40.58003616333008,25.770116806030273
2013-07-16,124.88999938964844,75.80130767822266,25.353748321533203,13.061593055725098,35.25090408325195,13.650415420532227,29.484970092773438,12.869175910949707,40.3443603515625,25.631683349609375
2013-07-17,123.31999969482422,75.94084167480469,25.465961456298828,13.119331359863281,35.354164123535156,13.66319751739502,29.542030334472656,12.862594604492188,40.450008392333984,25.64466094970703
2013-07-18,124.01000213623047,74.9920654296875,25.737144470214844,13.292543411254883,35.711692810058594,13.629114151000977,29.641887664794922,12.974614143371582,40.56378936767578,25.7917537689209
2013-07-19,125.11000061035156,76.17797088623047,26.095603942871094,13.298958778381348,36.077125549316406,13.39905071258545,29.813066482543945,12.9779052734375,41.10020065307617,25.770116806030273
2013-07-22,128.83999633789062,76.2895736694336,26.01144027709961,13.388772964477539,36.100975036621094,13.437392234802246,29.748868942260742,12.964728355407715,41.303382873535156,25.752817153930664
2013-07-23,129.7100067138672,75.96871185302734,26.055076599121094,13.337450981140137,36.077125549316406,13.382006645202637,29.691808700561523,12.99767780303955,41.15708541870117,25.71820831298828
2013-07-24,127.4800033569336,75.00604248046875,25.76519012451172,13.241219520568848,35.799076080322266,13.471478462219238,29.49924659729004,12.7999906539917,41.092071533203125,25.631683349609375
2013-07-25,128.6699981689453,74.97811126708984,25.936620712280273,13.254051208496094,35.81496047973633,13.479995727539062,29.656147003173828,12.91860294342041,41.29524612426758,25.66629409790039
2013-07-26,128.77999877929688,75.43852233886719,25.87118148803711,13.241219520568848,35.69580078125,13.51833724975586,29.620481491088867,12.964728355407715,41.56346893310547,25.748493194580078
2013-07-29,128.47000122070312,74.88739013671875,25.656099319458008,13.144989967346191,35.60043716430664,13.497040748596191,29.556297302246094,12.987792015075684,41.44153594970703,25.6143856048584
2013-07-30,128.1199951171875,74.85955047607422,25.60622787475586,13.13857650756836,35.751407623291016,13.565208435058594,29.527772903442383,13.030620574951172,41.449668884277344,25.54949188232422
2013-07-31,127.95999908447266,75.13159942626953,25.69039535522461,13.144989967346191,35.8785285949707,13.51833724975586,29.520627975463867,12.93507194519043,41.46592712402344,25.6835994720459
2013-08-01,126.61000061035156,73.68389892578125,26.108068466186523,13.35669231414795,36.490264892578125,13.66319751739502,29.763134002685547,13.043803215026855,41.72600555419922,26.08159637451172
2013-08-02,126.36000061035156,74.49515533447266,25.992733001708984,13.3502836227417,36.5617790222168,13.722845077514648,29.77740478515625,13.027331352233887,41.742271423339844,26.26761245727539
2013-08-05,125.69999694824219,73.92169189453125,25.93039894104004,13.32461929321289,36.41877365112305,13.752663612365723,29.798797607421875,12.941668510437012,41.685367584228516,26.211376190185547
2013-08-06,123.97000122070312,74.13851928710938,25.771440505981445,13.202728271484375,36.148643493652344,13.680237770080566,29.763134002685547,12.875773429870605,41.49030303955078,26.10322380065918
2013-08-07,124.1500015258789,74.69097900390625,25.681047439575195,13.1129150390625,36.09303665161133,13.646150588989258,29.620481491088867,12.93507194519043,41.52281188964844,25.873947143554688
2013-08-08,126.86000061035156,74.89378356933594,25.821311950683594,13.144989967346191,36.2598762512207,13.688759803771973,29.77740478515625,12.984498977661133,41.52281188964844,26.04698944091797
2013-08-09,126.86000061035156,75.01270294189453,25.743375778198242,13.10008430480957,36.14069747924805,13.620590209960938,29.64900779724121,12.89554214477539,41.37653350830078,25.99074935913086
2013-08-12,129.1300048828125,74.50216674804688,25.6342830657959,13.048758506774902,36.188358306884766,13.710061073303223,29.563432693481445,12.826350212097168,41.20585632324219,25.956140518188477
2013-08-13,127.73999786376953,73.42515563964844,25.681047439575195,13.1129150390625,36.34725570678711,13.803791999816895,29.58482551574707,12.757161140441895,41.36027526855469,25.956140518188477
2013-08-14,129.0,73.5370864868164,25.562593460083008,13.061593055725098,36.09303665161133,13.791008949279785,29.37798309326172,12.674792289733887,41.03517532348633,25.67061996459961
2013-08-15,131.69000244140625,72.54400634765625,25.422330856323242,12.869131088256836,35.687843322753906,13.569466590881348,28.907264709472656,12.513349533081055,40.3443603515625,25.22071647644043
2013-08-16,132.5800018310547,72.29216766357422,25.3194637298584,12.843472480773926,35.73552703857422,13.556684494018555,28.736082077026367,12.36838436126709,40.15742492675781,25.129873275756836
2013-08-19,132.00999450683594,71.66277313232422,24.917375564575195,12.676671028137207,35.544857025146484,13.514079093933105,28.60769271850586,12.262954711914062,40.230567932128906,25.021717071533203
2013-08-20,132.4499969482422,72.21530151367188,25.070104598999023,12.798563003540039,35.6083984375,13.535381317138672,28.61481475830078,12.378266334533691,40.3443603515625,25.276954650878906
2013-08-21,132.07000732421875,71.42501068115234,24.932958602905273,12.708747863769531,35.36211395263672,13.505558013916016,28.393728256225586,12.236592292785645,40.100528717041016,25.060646057128906
2013-08-22,132.80999755859375,72.15232849121094,25.30388641357422,12.856300354003906,35.84674835205078,13.565208435058594,28.514968872070312,12.3057861328125,40.36061096191406,25.31156349182129
2013-08-23,134.89999389648438,72.9355697631836,25.484670639038086,12.869131088256836,35.85468673706055,13.66319751739502,28.67901611328125,12.407922744750977,40.46624755859375,25.315889358520508
2013-08-26,135.4499969482422,73.29927062988281,25.441030502319336,12.785733222961426,35.77525329589844,13.59929084777832,28.343801498413086,12.315670013427734,40.52315902709961,25.263980865478516
2013-08-27,136.75,74.22240447998047,25.282052993774414,12.477797508239746,35.052268981933594,13.360709190368652,28.194019317626953,12.30907917022705,39.864830017089844,24.85300636291504
2013-08-28,136.7100067138672,73.62095642089844,25.702852249145508,12.497044563293457,35.084049224853516,13.36922550201416,27.980058670043945,12.351912498474121,40.03549575805664,24.987104415893555
2013-08-29,135.8699951171875,74.20843505859375,25.43479347229004,12.52912425994873,35.18732452392578,13.441651344299316,28.094173431396484,12.279426574707031,40.15742492675781,25.10824203491211
2013-08-30,134.6199951171875,74.12454986572266,25.425451278686523,12.471382141113281,34.988712310791016,13.377745628356934,28.179759979248047,12.289307594299316,40.003013610839844,24.952499389648438
2013-09-03,136.4199981689453,73.07904052734375,25.612462997436523,12.574028968811035,35.21116638183594,13.390527725219727,28.158367156982422,12.147635459899902,40.2630729675293,25.129873275756836
2013-09-04,134.66000366210938,72.9177017211914,25.74961280822754,12.670256614685059,35.56867599487305,13.51833724975586,28.3366641998291,12.147635459899902,40.726356506347656,25.393762588500977
2013-09-05,132.1999969482422,71.90103149414062,25.836894989013672,12.70233154296875,35.656070709228516,13.526863098144531,28.293865203857422,12.09821605682373,40.78322219848633,25.402408599853516
2013-09-06,134.14999389648438,72.25860595703125,25.83378028869629,12.70233154296875,35.640167236328125,13.535381317138672,28.365198135375977,12.183878898620605,40.79948425292969,25.37212562561035
2013-09-09,133.91000366210938,72.293701171875,26.12364959716797,12.849884986877441,36.0850944519043,13.697280883789062,28.564903259277344,12.226709365844727,41.05143356323242,25.59707260131836
2013-09-10,131.74000549316406,71.78877258300781,26.13300323486328,13.003856658935547,36.60945510864258,13.78248405456543,28.593425750732422,12.322257995605469,41.31150436401367,25.843664169311523
2013-09-11,131.6999969482422,72.42686462402344,26.33249282836914,13.016684532165527,36.76038360595703,13.718581199645996,28.800275802612305,12.20035457611084,41.587833404541016,26.03400230407715
2013-09-12,127.66999816894531,72.32870483398438,26.176639556884766,12.920454025268555,36.60945510864258,13.731358528137207,28.80741310119629,12.167407035827637,41.52281188964844,25.973451614379883
2013-09-13,127.81999969482422,72.60922241210938,26.16728401184082,12.958946228027344,36.712730407714844,13.744142532348633,29.04277229309082,12.259659767150879,41.62035369873047,26.04698944091797
2013-09-16,126.44999694824219,72.12539672851562,26.161062240600586,13.10008430480957,37.18940734863281,13.722845077514648,29.30666732788086,12.292601585388184,41.99420928955078,26.16379165649414
2013-09-17,126.5,72.72140502929688,26.279499053955078,13.164233207702637,37.348297119140625,13.791008949279785,29.406509399414062,12.365091323852539,42.01859664916992,26.315196990966797
2013-09-18,132.00999450683594,73.61894226074219,26.597429275512695,13.279714584350586,37.81703567504883,13.965682983398438,29.756004333496094,12.734098434448242,42.2786750793457,26.618019104003906
2013-09-19,131.75,73.18421936035156,26.531982421875,13.228388786315918,37.94416427612305,13.974207878112793,29.620481491088867,12.674792289733887,42.14048385620117,26.609365463256836
2013-09-20,127.95999908447266,73.56990051269531,26.316848754882812,13.15818977355957,37.48044204711914,13.874883651733398,29.41305160522461,12.48353099822998,42.061336517333984,26.44883918762207
2013-09-23,127.55000305175781,74.1097412109375,26.188457489013672,12.971407890319824,37.3607292175293,13.917696952819824,29.283863067626953,12.633213996887207,41.767547607421875,26.244918823242188
2013-09-24,127.66000366210938,74.90916442871094,26.213516235351562,12.887683868408203,37.49639892578125,13.85776138305664,29.14749526977539,12.626562118530273,41.55537033081055,26.314348220825195
2013-09-25,128.7899932861328,75.06339263916016,26.207244873046875,12.958528518676758,37.328792572021484,13.836353302001953,28.903459548950195,12.540079116821289,41.22893524169922,26.153804779052734
2013-09-26,127.79000091552734,74.53753662109375,26.254215240478516,12.958528518676758,37.49639892578125,13.887728691101074,29.0541934967041,12.523446083068848,41.37583923339844,26.401105880737305
2013-09-27,128.97000122070312,74.71979522705078,26.16341209411621,12.913443565368652,37.25697326660156,13.802106857299805,28.874759674072266,12.443619728088379,41.37583923339844,26.40544319152832
2013-09-30,128.17999267578125,74.607666015625,25.962989807128906,12.823273658752441,37.041481018066406,13.716486930847168,28.566118240356445,12.430313110351562,41.286041259765625,26.3056583404541
2013-10-01,124.58999633789062,74.38129425048828,26.128952026367188,12.913443565368652,37.27292251586914,13.836353302001953,28.738384246826172,12.46689510345459,41.80834197998047,26.51825523376465
2013-10-02,127.05999755859375,74.49372100830078,26.188457489013672,12.907005310058594,37.097347259521484,13.840642929077148,28.673789978027344,12.480209350585938,41.710418701171875,26.509572982788086
2013-10-03,127.18000030517578,74.37425231933594,25.959863662719727,12.810392379760742,36.69028091430664,13.720767974853516,28.53023910522461,12.333846092224121,41.34318161010742,26.2101993560791
2013-10-04,126.52999877929688,74.31796264648438,26.222902297973633,12.913443565368652,36.92972183227539,13.776422500610352,28.573299407958984,12.357131004333496,41.80018615722656,26.45751190185547
2013-10-07,127.63999938964844,74.62026977539062,26.006832122802734,12.76530933380127,36.6743278503418,13.716486930847168,28.479999542236328,12.297261238098145,41.335018157958984,26.08438491821289
2013-10-08,127.4000015258789,74.64131927490234,25.728130340576172,12.604293823242188,36.25929641723633,13.498153686523438,28.479999542236328,12.38374137878418,40.73927307128906,25.672210693359375
2013-10-09,126.11000061035156,74.04380798339844,25.637319564819336,12.649382591247559,36.24332809448242,13.549530982971191,28.501523971557617,12.433638572692871,40.66584396362305,25.5550594329834
2013-10-10,124.2699966430664,74.163330078125,26.11330223083496,13.010052680969238,37.17715835571289,13.776422500610352,29.032663345336914,12.61990737915039,41.612491607666016,26.149465560913086
2013-10-11,122.5999984741211,74.14220428466797,26.395139694213867,13.080903053283691,37.352745056152344,13.892012596130371,29.118799209594727,12.67978286743164,41.80834197998047,26.375076293945312
2013-10-14,122.83000183105469,73.54463958740234,26.573631286621094,13.145305633544922,37.49639892578125,13.939105987548828,29.240814208984375,12.609932899475098,42.11030960083008,26.483549118041992
2013-10-15,123.7300033569336,73.49544525146484,26.47654914855957,13.048697471618652,37.12128829956055,13.853483200073242,28.975229263305664,12.433638572692871,41.841007232666016,26.231895446777344
2013-10-16,123.54000091552734,74.41637420654297,26.874250411987305,13.325647354125977,37.36870193481445,13.986186981201172,29.405874252319336,12.546732902526855,42.6978874206543,26.557302474975586
2013-10-17,127.41999816894531,75.0913314819336,26.930614471435547,13.441575050354004,37.65602111816406,13.990473747253418,29.73602867126465,12.74963665008545,43.056968688964844,26.75255012512207
2013-10-18,126.8499984741211,75.25297546386719,27.22498321533203,13.467341423034668,38.063087463378906,14.230210304260254,29.779109954833984,12.782896041870117,42.88560104370117,26.917421340942383
2013-10-21,126.9800033569336,75.01399230957031,27.102846145629883,13.441575050354004,38.15885543823242,14.307272911071777,29.714521408081055,12.756281852722168,42.66524124145508,26.986833572387695
2013-10-22,129.33999633789062,75.8506088256836,27.253162384033203,13.467341423034668,38.41426467895508,14.302990913391113,30.087736129760742,12.919272422790527,43.06512451171875,27.16905975341797
2013-10-23,128.69000244140625,76.14588165283203,26.827272415161133,13.357844352722168,38.43022918701172,14.234492301940918,30.145164489746094,12.929252624511719,42.983524322509766,26.995512008666992
2013-10-24,129.89999389648438,75.8506088256836,26.95566749572754,13.377172470092773,38.7175407409668,14.268741607666016,30.087736129760742,12.902642250061035,42.983524322509766,27.264511108398438
2013-10-25,130.4600067138672,76.13179779052734,27.118507385253906,13.435134887695312,38.917091369628906,14.341520309448242,30.159507751464844,13.039021492004395,43.040653228759766,27.46843910217285
2013-10-28,130.55999755859375,75.87168884277344,27.140417098999023,13.402932167053223,38.861228942871094,14.388614654541016,30.55426788330078,13.012410163879395,43.187530517578125,27.416370391845703
2013-10-29,129.77000427246094,75.97007751464844,27.33144760131836,13.441575050354004,38.972965240478516,14.482792854309082,30.81983184814453,13.029040336608887,43.47317123413086,27.576906204223633
2013-10-30,129.60000610351562,75.5131607055664,27.146682739257812,13.390052795410156,38.79736328125,14.45283031463623,30.55426788330078,12.94588565826416,43.236515045166016,27.442399978637695
2013-10-31,127.73999786376953,75.6748046875,27.052743911743164,13.248358726501465,38.80534744262695,14.405740737915039,30.396364212036133,12.89931583404541,43.06512451171875,27.511821746826172
2013-11-01,126.94999694824219,74.8557357788086,26.95566749572754,13.280557632446289,39.08469772338867,14.410017013549805,30.511207580566406,12.992454528808594,43.35075378417969,27.576906204223633
2013-11-04,126.80999755859375,74.92618560791016,27.290746688842773,13.287002563476562,39.228363037109375,14.465669631958008,30.539920806884766,13.019067764282227,43.383399963378906,27.672351837158203
2013-11-05,126.55999755859375,74.03095245361328,27.043354034423828,13.216151237487793,39.18844985961914,14.427136421203613,30.597326278686523,12.925925254821777,43.236515045166016,27.672351837158203
2013-11-06,127.19999694824219,74.06620025634766,27.124778747558594,13.280557632446289,39.30018615722656,14.572698593139648,30.927492141723633,13.102224349975586,43.138580322265625,27.602933883666992
2013-11-07,126.16000366210938,74.69357299804688,26.705154418945312,13.13242244720459,38.88517379760742,14.38432788848877,30.475311279296875,12.979146957397461,42.75502014160156,27.030227661132812
2013-11-08,124.27999877929688,72.89602661132812,27.102846145629883,13.435134887695312,39.411930084228516,14.512764930725098,30.62604522705078,12.955863952636719,43.383399963378906,27.459758758544922
2013-11-11,123.87000274658203,72.62112426757812,27.152950286865234,13.441575050354004,39.3800048828125,14.529886245727539,30.53274154663086,12.952533721923828,43.48949432373047,27.503149032592773
2013-11-12,122.44999694824219,72.95947265625,26.902433395385742,13.312761306762695,39.395973205566406,14.5684175491333,30.582983016967773,12.842767715454102,43.46501159667969,27.455419540405273
2013-11-13,122.8499984741211,73.22734069824219,27.137292861938477,13.428693771362305,39.62742614746094,14.692567825317383,30.841373443603516,12.905966758728027,43.70984649658203,27.889293670654297
2013-11-14,124.2699966430664,73.67847442626953,27.300140380859375,13.544623374938965,39.77907943725586,14.654038429260254,31.063858032226562,13.019067764282227,44.07708740234375,28.084535598754883
2013-11-15,124.31999969482422,73.8265609741211,27.450441360473633,13.60903263092041,39.91474533081055,14.684004783630371,31.099756240844727,13.095568656921387,44.330074310302734,28.179983139038086
2013-11-18,122.9000015258789,74.27063751220703,27.240636825561523,13.602590560913086,39.978614807128906,14.628351211547852,31.006441116333008,13.078939437866211,44.13421630859375,27.958709716796875
2013-11-19,122.94999694824219,73.7066879272461,27.287601470947266,13.62191104888916,39.69127655029297,14.576981544494629,30.891603469848633,12.982475280761719,44.183170318603516,27.83722686767578
2013-11-20,120.12000274658203,72.451904296875,27.221837997436523,13.583266258239746,39.515689849853516,14.529886245727539,30.762414932250977,12.839442253112793,44.313758850097656,27.694046020507812
2013-11-21,119.94000244140625,72.57181549072266,27.48175621032715,13.776488304138184,39.834938049316406,14.654038429260254,30.81983184814453,12.869377136230469,44.4932975769043,27.98040199279785
2013-11-22,119.91999816894531,73.24849700927734,27.628944396972656,13.84089469909668,40.18613052368164,14.624073028564453,30.97774314880371,12.859405517578125,45.08903503417969,28.13660430908203
2013-11-25,120.45999908447266,73.4599609375,27.378427505493164,13.860214233398438,40.09832763671875,14.624073028564453,30.927492141723633,12.8095064163208,45.268585205078125,28.162633895874023
2013-11-26,119.81999969482422,73.73493957519531,27.309524536132812,13.847333908081055,40.17815399169922,14.675442695617676,30.89878273010254,12.683107376098633,45.13800048828125,28.327503204345703
2013-11-27,119.45999908447266,73.60802459716797,27.124778747558594,13.885982513427734,40.3377799987793,14.791029930114746,30.920310974121094,12.656498908996582,45.121681213378906,28.435970306396484
2013-11-29,120.69999694824219,73.629150390625,27.06839942932129,13.834454536437988,40.22603225708008,14.850967407226562,30.870059967041016,12.649847030639648,45.09720230102539,28.461997985839844
2013-12-02,117.58000183105469,73.05650329589844,27.087194442749023,13.828014373779297,40.058414459228516,14.803874969482422,30.704988479614258,12.596625328063965,45.11351776123047,28.327503204345703
2013-12-03,117.95999908447266,73.32512664794922,27.152950286865234,13.686321258544922,39.7152214050293,14.838125228881836,30.855714797973633,12.659822463989258,44.72179412841797,28.05849838256836
2013-12-04,119.95999908447266,72.62518310546875,27.065271377563477,13.718523025512695,39.55560302734375,14.850967407226562,30.783931732177734,12.716373443603516,44.566749572753906,27.993412017822266
2013-12-05,118.30000305175781,72.4201431274414,26.97445297241211,13.589704513549805,39.571571350097656,14.803874969482422,30.50402069091797,12.613255500793457,44.485130310058594,28.023784637451172
2013-12-06,118.55000305175781,72.76660919189453,27.05900764465332,13.776488304138184,40.17815399169922,14.90661907196045,30.920310974121094,12.78622055053711,45.0645637512207,28.258073806762695
2013-12-09,119.72000122070312,72.93628692626953,27.09657859802246,13.834454536437988,40.281890869140625,14.953712463378906,31.027978897094727,12.70971965789795,45.154327392578125,28.23638343811035
2013-12-10,121.81999969482422,73.45945739746094,27.01516342163086,13.782928466796875,40.19410705566406,14.923744201660156,30.762414932250977,12.583318710327148,44.974788665771484,28.25373649597168
2013-12-11,120.86000061035156,72.89387512207031,26.633127212524414,13.596150398254395,39.5635871887207,14.786751747131348,30.81264877319336,12.480209350585938,44.19950485229492,27.993412017822266
2013-12-12,118.29000091552734,72.61811828613281,26.74586296081543,13.596150398254395,39.60348129272461,14.688283920288086,30.389183044433594,12.496833801269531,43.881221771240234,27.906644821166992
2013-12-13,119.37999725341797,72.97162628173828,26.65818214416504,13.60903263092041,39.72321319580078,14.641197204589844,30.338956832885742,12.47688102722168,43.913875579833984,27.9760684967041
2013-12-16,119.69000244140625,72.70295715332031,26.88991355895996,13.69275951385498,40.09832763671875,14.786751747131348,30.331764221191406,12.54340648651123,43.995487213134766,28.158288955688477
2013-12-17,118.6500015258789,73.02818298339844,26.736465454101562,13.602590560913086,40.08236312866211,14.782468795776367,30.188217163085938,12.520123481750488,43.783294677734375,28.084535598754883
2013-12-18,117.61000061035156,72.6605224609375,27.140417098999023,13.918179512023926,40.75279998779297,14.898059844970703,30.690635681152344,12.686436653137207,44.868690490722656,28.501056671142578
2013-12-19,114.81999969482422,72.58983612060547,27.218717575073242,13.898860931396484,40.792701721191406,14.923744201660156,30.63321304321289,12.593302726745605,44.77077102661133,28.483692169189453
2013-12-20,115.94000244140625,73.70694732666016,27.2668514251709,13.983624458312988,41.120811462402344,15.040334701538086,30.77208137512207,12.718025207519531,44.996116638183594,28.60218620300293
2013-12-23,115.56999969482422,73.28984069824219,27.2951602935791,14.048340797424316,41.28124237060547,15.238227844238281,30.743146896362305,12.66759204864502,45.168190002441406,28.728506088256836
2013-12-24,116.0999984741211,72.70295715332031,27.44617462158203,14.07422161102295,41.47377395629883,15.28125286102295,30.786535263061523,12.718025207519531,45.08625411987305,28.78948974609375
2013-12-26,116.73999786376953,72.42277526855469,27.641231536865234,14.106578826904297,41.76256561279297,15.31997299194336,30.90948486328125,12.660869598388672,45.4222297668457,29.00294303894043
2013-12-27,117.12000274658203,72.21707153320312,27.776508331298828,14.100105285644531,41.714447021484375,15.307066917419434,30.981800079345703,12.71130084991455,45.381263732910156,28.867902755737305
2013-12-30,115.38999938964844,72.71361541748047,27.578311920166016,14.07422161102295,41.6743278503418,15.27695083618164,31.061359405517578,12.741560935974121,45.45500946044922,28.99858856201172
2013-12-31,116.12000274658203,72.25254821777344,27.845714569091797,14.145404815673828,41.923004150390625,15.375900268554688,31.083044052124023,12.765091896057129,45.430419921875,29.11184310913086
2014-01-02,118.0,72.47244262695312,27.449316024780273,14.067748069763184,41.33740997314453,15.225324630737305,30.699764251708984,12.57010269165039,45.176387786865234,28.976810455322266
2014-01-03,119.29000091552734,72.47244262695312,27.348648071289062,14.164815902709961,41.44969940185547,15.152193069458008,30.641904830932617,12.52976131439209,45.28290557861328,28.898393630981445
2014-01-06,119.5,72.7774429321289,27.38639259338379,14.177754402160645,41.20904541015625,15.12637710571289,30.526180267333984,12.549927711486816,45.094444274902344,28.71980094909668
2014-01-07,118.81999969482422,72.96187591552734,27.594038009643555,14.184225082397461,41.46575927734375,15.264047622680664,30.69252586364746,12.660869598388672,45.56972122192383,28.894046783447266
2014-01-08,118.12000274658203,72.76325225830078,27.402130126953125,14.229520797729492,41.39354705810547,15.264047622680664,30.46109962463379,12.593637466430664,45.97126770019531,28.81563949584961
2014-01-09,118.45999908447266,73.18887329101562,27.317182540893555,14.281291961669922,41.59410095214844,15.165093421936035,30.620195388793945,12.66759204864502,46.3154411315918,28.81126594543457
2014-01-10,120.26000213623047,74.06132507324219,27.339204788208008,14.255404472351074,41.65828323364258,15.19521427154541,30.663585662841797,12.849137306213379,46.495697021484375,28.898393630981445
2014-01-13,121.0199966430664,74.43013000488281,26.79493522644043,14.041860580444336,41.15290832519531,15.03172492980957,30.490015029907227,12.718025207519531,46.11875915527344,28.31903648376465
2014-01-14,119.88999938964844,74.08969116210938,27.14415740966797,14.158339500427246,41.58607864379883,15.285558700561523,30.649141311645508,12.73483657836914,46.700584411621094,28.562976837158203
2014-01-15,119.66000366210938,74.01168823242188,27.065494537353516,14.326582908630371,41.88290023803711,15.47054672241211,30.65636444091797,12.71130084991455,46.659603118896484,28.632678985595703
2014-01-16,119.79000091552734,74.50822448730469,27.10325813293457,14.235995292663574,41.77861785888672,15.46624755859375,30.663585662841797,12.798712730407715,46.774330139160156,28.480209350585938
2014-01-17,120.93000030517578,74.82030487060547,27.059215545654297,14.190698623657227,41.570030212402344,15.380203247070312,30.424922943115234,12.795347213745117,46.72515106201172,28.353883743286133
2014-01-21,119.69999694824219,74.87703704833984,27.282577514648438,14.20363998413086,41.61015319824219,15.457642555236816,30.54064178466797,12.936546325683594,46.995582580566406,28.32774543762207
2014-01-22,119.19000244140625,74.6926498413086,27.408411026000977,14.21010971069336,41.738502502441406,15.440437316894531,30.54064178466797,12.949993133544922,47.03654861450195,28.401798248291016
2014-01-23,121.79000091552734,75.74951934814453,27.096973419189453,13.977156639099121,41.24114227294922,15.410314559936523,30.273069381713867,12.91301441192627,46.708763122558594,28.201419830322266
2014-01-24,122.29000091552734,76.23894500732422,26.530677795410156,13.66008186340332,39.957618713378906,15.113471031188965,29.998252868652344,12.768455505371094,45.61069869995117,27.6612606048584
2014-01-27,120.95999908447266,75.70697021484375,26.436281204223633,13.575961112976074,39.99772644042969,14.971500396728516,29.87530517578125,12.798712730407715,45.241947174072266,27.552364349365234
2014-01-28,120.94999694824219,75.89141845703125,26.637632369995117,13.757147789001465,40.374759674072266,14.881155967712402,30.10673713684082,12.84577751159668,45.84833908081055,27.74402618408203
2014-01-29,122.47000122070312,76.51563262939453,26.489770889282227,13.595376968383789,39.941566467285156,14.764993667602539,29.578798294067383,12.839052200317383,45.430419921875,27.29970359802246
2014-01-30,119.7699966430664,76.29568481445312,26.574708938598633,13.789502143859863,40.334659576416016,14.945687294006348,29.6221923828125,13.037405014038086,46.258087158203125,27.757099151611328
2014-01-31,120.08999633789062,76.80644226074219,26.231801986694336,13.627732276916504,40.13408660888672,14.9801025390625,29.4775447845459,13.144986152648926,45.856536865234375,27.36505699157715
2014-02-03,121.31999969482422,77.7423095703125,25.76303482055664,13.284768104553223,39.019039154052734,14.666044235229492,28.84113121032715,13.04076862335205,44.95513153076172,26.646289825439453
2014-02-04,120.98999786376953,76.91737365722656,26.02730369567871,13.414189338684082,39.26771926879883,14.721973419189453,28.992998123168945,12.963445663452148,45.397640228271484,26.972990036010742
2014-02-05,121.29000091552734,76.20626068115234,25.772476196289062,13.4012451171875,39.251678466796875,14.734881401062012,29.014686584472656,12.906291007995605,45.14361572265625,27.00784683227539
2014-02-06,121.23999786376953,75.87908935546875,26.156295776367188,13.608314514160156,39.797176361083984,14.89836311340332,29.325685501098633,13.000422477722168,45.397640228271484,27.578493118286133
2014-02-07,122.16999816894531,75.94310760498047,26.439443588256836,13.77656078338623,40.48707962036133,15.100557327270508,29.600492477416992,13.071024894714355,46.176124572753906,27.918270111083984
2014-02-10,122.91999816894531,76.15647888183594,26.31044578552246,13.789502143859863,40.230377197265625,15.130681037902832,29.716203689575195,13.16851806640625,46.56126403808594,27.90085220336914
2014-02-11,124.36000061035156,75.71558380126953,26.65336799621582,13.93185806274414,40.679595947265625,15.315673828125,30.06334114074707,13.292911529541016,47.1922492980957,28.105581283569336
2014-02-12,124.43000030517578,75.32442474365234,26.59044647216797,13.93185806274414,40.9122314453125,15.375900268554688,29.93315887451172,13.309715270996094,47.1922492980957,28.13172721862793
2014-02-13,125.48999786376953,75.7510986328125,26.716291427612305,13.983624458312988,40.94432067871094,15.487759590148926,30.085041046142578,13.454279899597168,47.52823257446289,28.218839645385742
2014-02-14,127.1500015258789,75.79377746582031,27.065494537353516,14.00304126739502,41.20904541015625,15.51787281036377,30.258607864379883,13.541686058044434,47.70029830932617,28.38872528076172
2014-02-18,127.4000015258789,75.96443939208984,27.188196182250977,14.028926849365234,41.17695999145508,15.526473999023438,30.085041046142578,13.588756561279297,48.142818450927734,28.4235897064209
2014-02-19,126.2699966430664,75.64441680908203,27.222797393798828,13.834796905517578,40.79190444946289,15.474852561950684,30.019943237304688,13.511429786682129,47.847816467285156,28.192710876464844
2014-02-20,127.5999984741211,75.45952606201172,27.402130126953125,13.873620986938477,41.17695999145508,15.526473999023438,30.150121688842773,13.61565113067627,48.28211975097656,28.345165252685547
2014-02-21,127.58000183105469,75.85775756835938,27.185056686401367,13.899504661560059,41.225093841552734,15.46624755859375,30.085041046142578,13.632453918457031,48.191978454589844,28.401798248291016
2014-02-24,128.99000549316406,75.66577911376953,27.594038009643555,14.00304126739502,41.5379524230957,15.526473999023438,30.19352912902832,13.598841667175293,48.55253601074219,28.51942253112793
2014-02-25,129.2100067138672,76.34136962890625,27.58144760131836,13.918916702270508,41.40158462524414,15.483455657958984,30.309240341186523,13.582027435302734,48.42961502075195,28.71980094909668
2014-02-26,128.11000061035156,76.74674987792969,27.408411026000977,13.899504661560059,41.44169998168945,15.496356964111328,30.28030776977539,13.538322448730469,48.42961502075195,28.8809814453125
2014-02-27,128.1999969482422,77.16630554199219,27.436731338500977,13.97068977355957,41.68233871459961,15.621122360229492,30.41770362854004,13.504708290100098,48.708229064941406,28.99858856201172
2014-02-28,127.62000274658203,77.2089614868164,27.575164794921875,14.041860580444336,41.76256561279297,15.63833236694336,30.627429962158203,13.598841667175293,48.708229064941406,29.116201400756836
2014-03-03,130.2899932861328,77.72430419921875,27.39897918701172,13.93185806274414,41.48179626464844,15.47054672241211,30.46109962463379,13.464365005493164,48.347679138183594,28.841777801513672
2014-03-04,128.67999267578125,76.55525970458984,27.69785499572754,14.216580390930176,42.08345031738281,15.672752380371094,30.873323440551758,13.561857223510742,49.26545715332031,29.203317642211914
2014-03-05,128.88999938964844,76.71923065185547,27.439878463745117,14.365413665771484,42.13960266113281,15.694258689880371,30.77208137512207,13.471086502075195,49.142555236816406,29.325302124023438
2014-03-06,130.1699981689453,75.96355438232422,27.63808822631836,14.4107084274292,42.380271911621094,15.715766906738281,30.764848709106445,13.403848648071289,48.83934020996094,29.39934539794922
2014-03-07,129.08999633789062,75.48595428466797,27.691564559936523,14.475424766540527,42.51664352416992,15.668442726135254,30.851638793945312,13.444196701049805,48.716426849365234,29.35578727722168
2014-03-10,129.1300048828125,75.5928726196289,27.7356014251709,14.481886863708496,42.332122802734375,15.642631530761719,30.880558013916016,13.410574913024902,48.921302795410156,29.277379989624023
2014-03-11,129.86000061035156,75.79247283935547,27.42101287841797,14.3848237991333,42.02729797363281,15.608216285705566,30.86608123779297,13.3735933303833,48.822959899902344,29.107492446899414
2014-03-12,131.75999450683594,76.32003784179688,27.424144744873047,14.358942031860352,41.94708251953125,15.634027481079102,30.931171417236328,13.541686058044434,48.814754486083984,29.06393051147461
2014-03-13,132.2100067138672,77.34654998779297,27.15044593811035,14.19717025756836,41.35344696044922,15.423223495483398,30.779300689697266,13.682888984680176,48.151004791259766,28.71108055114746
2014-03-14,133.10000610351562,77.36082458496094,27.17561912536621,14.106578826904297,41.19300842285156,15.328575134277344,30.793779373168945,13.7467622756958,47.88876724243164,28.684946060180664
2014-03-17,131.63999938964844,76.78334045410156,27.32032585144043,14.255404472351074,41.69839096069336,15.50926399230957,30.974573135375977,13.837532043457031,48.35586166381836,28.87661361694336
2014-03-18,130.6199951171875,77.0613784790039,27.54999351501465,14.326582908630371,41.923004150390625,15.711472511291504,31.03965950012207,13.817359924316406,48.87211990356445,29.00294303894043
2014-03-19,128.08999633789062,76.46258544921875,27.342355728149414,14.320112228393555,41.48982238769531,15.646944046020508,30.80100440979004,13.598841667175293,48.72461700439453,28.81126594543457
2014-03-20,127.86000061035156,76.32718658447266,27.449316024780273,14.546600341796875,41.61015319824219,15.767394065856934,30.90948486328125,13.629098892211914,48.72461700439453,28.88532257080078
2014-03-21,128.47000122070312,77.154052734375,27.524246215820312,14.548551559448242,41.61419677734375,15.688328742980957,30.892026901245117,13.732492446899414,47.84066390991211,28.700923919677734
2014-03-24,126.18000030517578,77.70297241210938,27.467344284057617,14.542051315307617,41.47720718383789,15.67536449432373,30.862960815429688,13.769779205322266,47.306175231933594,28.41251564025879
2014-03-25,126.41000366210938,77.41069030761719,27.713939666748047,14.529067039489746,41.85588836669922,15.770424842834473,31.088298797607422,13.82740592956543,47.72554397583008,28.24209213256836
2014-03-26,125.41000366210938,78.01664733886719,27.58431053161621,14.379674911499023,41.42886734008789,15.580316543579102,31.015605926513672,13.769779205322266,47.742008209228516,28.014862060546875
2014-03-27,124.58999633789062,78.40870666503906,27.808778762817383,14.301737785339355,41.37247085571289,15.524144172668457,30.99380111694336,13.881641387939453,47.63508224487305,27.879392623901367
2014-03-28,124.55999755859375,77.96672821044922,28.156551361083984,14.360196113586426,41.67863082885742,15.584636688232422,31.073762893676758,13.901984214782715,47.454185485839844,28.089153289794922
2014-03-31,123.61000061035156,77.7742691040039,28.156551361083984,14.509578704833984,42.16205596923828,15.70561408996582,31.299083709716797,14.054530143737793,48.09557342529297,28.281421661376953
2014-04-01,123.38999938964844,77.10955047607422,28.324111938476562,14.535555839538574,42.460166931152344,15.891396522521973,31.248205184936523,13.956217765808105,48.399818420410156,28.674701690673828
2014-04-02,124.31999969482422,76.66646575927734,28.425277709960938,14.568024635314941,42.75827407836914,15.900038719177246,31.2845458984375,13.935882568359375,48.61363220214844,28.866966247558594
2014-04-03,123.91999816894531,77.00240325927734,28.6086483001709,14.542051315307617,42.822731018066406,15.822265625,31.32088851928711,13.979951858520508,48.5067138671875,28.727142333984375
2014-04-04,125.56999969482422,77.5169677734375,28.504316329956055,14.399164199829102,42.33125305175781,15.519819259643555,31.219141006469727,14.054530143737793,47.70087432861328,28.250837326049805
2014-04-07,124.91000366210938,77.9815444946289,28.026931762695312,14.178337097167969,41.72697448730469,15.398837089538574,31.248205184936523,14.030801773071289,47.22395324707031,27.70023536682129
2014-04-08,126.08999633789062,78.16734313964844,28.308305740356445,14.19782543182373,41.72697448730469,15.537105560302734,31.408126831054688,14.230807304382324,46.83747100830078,27.979902267456055
2014-04-09,126.31999969482422,77.7813949584961,28.43793296813965,14.321222305297852,42.25874710083008,15.74449348449707,31.546220779418945,14.200292587280273,47.84066390991211,28.281421661376953
2014-04-10,127.01000213623047,78.50325775146484,28.042736053466797,13.989988327026367,41.42081832885742,15.381566047668457,31.233673095703125,14.146058082580566,46.245426177978516,27.577882766723633
2014-04-11,126.93000030517578,79.13936614990234,27.963693618774414,13.821118354797363,41.009910583496094,15.208732604980469,31.073762893676758,14.132497787475586,45.80961227416992,27.197711944580078
2014-04-14,127.8499984741211,78.93207550048828,28.346242904663086,13.931528091430664,41.243560791015625,15.359968185424805,31.32088851928711,14.217241287231445,46.06452178955078,27.411821365356445
2014-04-15,125.48999786376953,79.42523193359375,28.725631713867188,14.061427116394043,41.53361129760742,15.43773365020752,31.400840759277344,14.413856506347656,46.557891845703125,27.446786880493164
2014-04-16,125.54000091552734,79.52529907226562,29.070228576660156,14.171839714050293,42.17011642456055,15.58895492553711,31.706134796142578,14.51894760131836,46.788150787353516,27.831327438354492
2014-04-17,124.75,78.65337371826172,29.335790634155273,14.19782543182373,42.50046157836914,15.567347526550293,31.71340560913086,14.339278221130371,46.779911041259766,27.86628532409668
2014-04-21,124.23999786376953,78.58909606933594,29.53497886657715,14.18482780456543,42.621307373046875,15.627842903137207,31.727943420410156,14.32233715057373,47.339073181152344,27.940576553344727
2014-04-22,123.77999877929688,78.85346984863281,29.487550735473633,14.28225326538086,42.64545440673828,15.692648887634277,31.71340560913086,14.342665672302246,47.85709762573242,28.1809139251709
2014-04-23,123.76000213623047,79.3037338256836,29.64246940612793,14.314735412597656,42.80662155151367,15.524144172668457,31.662527084350586,14.349451065063477,47.618648529052734,28.049821853637695
2014-04-24,124.55999755859375,79.45382690429688,29.651952743530273,14.308233261108398,42.72603988647461,15.645119667053223,31.786096572875977,14.44775676727295,47.544639587402344,28.202756881713867
2014-04-25,125.43000030517578,79.56816864013672,29.474910736083984,14.191327095031738,42.30707931518555,15.446371078491211,31.8297119140625,14.613866806030273,47.1910514831543,27.722082138061523
2014-04-28,124.87999725341797,79.1822509765625,29.525493621826172,14.106890678405762,42.33125305175781,15.593276977539062,32.19314193725586,14.685054779052734,47.47064208984375,27.65216636657715
2014-04-29,124.86000061035156,79.07503509521484,29.661428451538086,14.243285179138184,42.44405746459961,15.701290130615234,32.05503463745117,14.624031066894531,47.750213623046875,27.778894424438477
2014-04-30,124.22000122070312,79.40380859375,29.63613510131836,14.262770652770996,42.72603988647461,15.748819351196289,32.15679931640625,14.647761344909668,47.79132080078125,27.89687728881836
2014-05-01,123.80000305175781,80.255615234375,29.56974983215332,14.288751602172852,42.621307373046875,15.76610279083252,32.127716064453125,14.708779335021973,47.898216247558594,28.006118774414062
2014-05-02,125.05999755859375,80.74998474121094,29.629819869995117,14.28225326538086,42.55683898925781,15.722891807556152,32.127716064453125,14.407076835632324,47.487083435058594,28.076040267944336
2014-05-05,126.22000122070312,80.26280212402344,29.76893424987793,14.223801612854004,42.64545440673828,15.804984092712402,32.05503463745117,14.535896301269531,47.79954528808594,28.10226058959961
2014-05-06,125.9800033569336,80.585205078125,29.81318473815918,14.02246379852295,42.32318878173828,15.627842903137207,31.851512908935547,14.464705467224121,47.38016891479492,27.70023536682129
2014-05-07,124.16999816894531,80.29862213134766,30.07244110107422,14.210807800292969,42.68576431274414,15.636476516723633,32.15679931640625,14.698612213134766,47.511756896972656,27.665273666381836
2014-05-08,124.16999816894531,79.95475769042969,29.64246940612793,14.249780654907227,42.67770004272461,15.679683685302734,32.20039749145508,14.539284706115723,47.25684356689453,27.743928909301758
2014-05-09,124.0999984741211,79.6968002319336,29.614015579223633,14.243285179138184,42.70991897583008,15.696969985961914,32.35305404663086,14.325721740722656,47.544639587402344,27.89687728881836
2014-05-12,124.94000244140625,79.37440490722656,29.822675704956055,14.386171340942383,43.346431732177734,15.908681869506836,32.38212203979492,14.19351577758789,48.02978515625,28.246469497680664
2014-05-13,124.5999984741211,80.06220245361328,29.93332862854004,14.37318229675293,43.4189453125,15.917319297790527,32.447540283203125,14.227411270141602,48.103790283203125,28.167808532714844
2014-05-14,125.80999755859375,80.92906188964844,29.945972442626953,14.26926326751709,43.09663772583008,15.84387493133545,32.2730827331543,14.298602104187012,48.13668441772461,27.853174209594727
2014-05-15,124.7699966430664,81.57386779785156,29.604534149169922,14.106890678405762,42.71798324584961,15.748819351196289,31.98961067199707,14.240973472595215,47.65153503417969,27.65216636657715
2014-05-16,124.5,81.3446044921875,29.528667449951172,14.126378059387207,42.774391174316406,15.848193168640137,32.18586349487305,14.285039901733398,47.81599807739258,27.8575439453125
2014-05-19,124.58000183105469,80.74280548095703,29.620344161987305,14.19782543182373,42.94357681274414,15.951891899108887,32.12044906616211,14.064702987670898,48.112022399902344,27.98427391052246
2014-05-20,124.69000244140625,80.92192840576172,29.53497886657715,14.113388061523438,42.37152862548828,15.861164093017578,32.004146575927734,14.064702987670898,47.807769775390625,27.73082733154297
2014-05-21,124.38999938964844,80.42762756347656,29.854291915893555,14.20431900024414,42.790489196777344,15.9691743850708,32.18586349487305,14.07486629486084,48.210697174072266,28.067296981811523
2014-05-22,124.66999816894531,80.31297302246094,29.82582664489746,14.26926326751709,42.87106704711914,15.999422073364258,32.134986877441406,14.190130233764648,48.49849319458008,28.215869903564453
2014-05-23,124.51000213623047,80.74280548095703,29.765762329101562,14.314735412597656,43.14500045776367,16.133359909057617,32.18586349487305,14.156229972839355,48.52315902709961,28.438732147216797
2014-05-27,121.8499984741211,81.21565246582031,29.847963333129883,14.438131332397461,43.3705940246582,16.27161407470703,32.2730827331543,14.26809024810791,48.786285400390625,28.587308883666992
2014-05-28,121.19999694824219,82.21870422363281,29.8985538482666,14.412154197692871,43.402835845947266,16.22840690612793,32.22948455810547,14.352843284606934,48.646507263183594,28.556713104248047
2014-05-29,120.94000244140625,81.78166198730469,30.154638290405273,14.444622039794922,43.58007049560547,16.32346534729004,32.48388671875,14.393515586853027,49.032981872558594,28.674701690673828
2014-05-30,120.43000030517578,81.74583435058594,30.132511138916016,14.477099418640137,43.547855377197266,16.340747833251953,32.738304138183594,14.488435745239258,49.1645393371582,28.700923919677734
2014-06-02,119.69999694824219,81.13812255859375,30.094573974609375,14.51606559753418,43.733158111572266,16.314823150634766,32.65834045410156,14.4850492477417,49.230316162109375,28.797067642211914
2014-06-03,120.01000213623047,80.1397476196289,30.198894500732422,14.535555839538574,43.684818267822266,16.288898468017578,32.54201889038086,14.539284706115723,49.320770263671875,28.74461555480957
2014-06-04,119.76000213623047,80.11821746826172,30.183088302612305,14.57452392578125,43.6767692565918,16.31913948059082,32.65834045410156,14.532505989074707,49.460575103759766,28.884450912475586
2014-06-05,120.66000366210938,80.15412902832031,30.356977462768555,14.710918426513672,44.11989212036133,16.427160263061523,32.78916931152344,14.654541015625,49.518123626708984,29.072355270385742
2014-06-06,120.61000061035156,80.15412902832031,30.60673713684082,14.808341026306152,44.56302261352539,16.500614166259766,32.87638854980469,14.603687286376953,49.468788146972656,29.242773056030273
2014-06-09,120.6500015258789,80.03915405273438,30.654159545898438,14.87328815460205,44.78861999511719,16.552461624145508,32.82551193237305,14.505385398864746,49.213871002197266,29.25152015686035
2014-06-10,121.38999938964844,79.74470520019531,30.60357093811035,14.866792678833008,44.68388748168945,16.56110382080078,32.82551193237305,14.47148609161377,49.378334045410156,29.194711685180664
2014-06-11,121.41000366210938,79.88834381103516,30.720565795898438,14.769370079040527,44.35354232788086,16.522214889526367,32.738304138183594,14.288431167602539,49.320770263671875,29.107322692871094
2014-06-12,122.63999938964844,80.59941864013672,30.821718215942383,14.678446769714355,43.75732421875,16.379636764526367,32.50568389892578,14.332497596740723,49.074100494384766,28.735881805419922
2014-06-13,122.95999908447266,80.55634307861328,31.115737915039062,14.68493938446045,43.9104118347168,16.474693298339844,32.49842071533203,14.424029350280762,49.032981872558594,28.748994827270508
2014-06-16,122.41999816894531,80.75746154785156,31.302274703979492,14.613493919372559,43.862064361572266,16.474693298339844,32.62199020385742,14.522334098815918,49.13166046142578,28.814544677734375
2014-06-17,122.27999877929688,80.11821746826172,31.280134201049805,14.762880325317383,43.98292541503906,16.51357078552246,32.62199020385742,14.50200366973877,49.10697937011719,28.928144454956055
2014-06-18,122.66999816894531,80.73589324951172,31.517257690429688,14.847310066223145,44.23269271850586,16.599985122680664,33.007232666015625,14.830815315246582,49.501686096191406,29.146638870239258
2014-06-19,126.94000244140625,79.70157623291016,31.741714477539062,14.827825546264648,44.34549331665039,16.56974983215332,33.19620132446289,14.952849388122559,49.66614532470703,29.07672691345215
2014-06-20,126.5,80.30496978759766,32.05744171142578,14.886510848999023,44.53165054321289,16.53327751159668,33.0944938659668,14.861908912658691,50.083770751953125,28.968006134033203
2014-06-23,126.8499984741211,80.05351257324219,32.171783447265625,14.919116973876953,44.27264404296875,16.58102798461914,32.91152572631836,14.810632705688477,49.893943786621094,29.003084182739258
2014-06-24,126.9800033569336,80.86524963378906,31.495241165161133,14.821308135986328,43.82749557495117,16.494218826293945,32.79443359375,14.855071067810059,49.926963806152344,28.932937622070312
2014-06-25,126.98999786376953,81.07347869873047,31.733461380004883,14.834343910217285,43.867958068847656,16.559324264526367,32.74319076538086,14.909777641296387,50.471710205078125,29.17841911315918
2014-06-26,126.7300033569336,81.46138763427734,31.768404006958008,14.78217887878418,43.83558654785156,16.54196548461914,32.62610626220703,14.954216957092285,50.53772735595703,29.20035171508789
2014-06-27,126.66000366210938,81.33928680419922,31.768404006958008,14.840869903564453,43.94080352783203,16.641794204711914,32.68464279174805,15.012335777282715,50.405677795410156,29.27049446105957
2014-06-30,128.0399932861328,81.54035949707031,31.79380989074707,14.827824592590332,43.754638671875,16.64614486694336,32.6553840637207,15.131997108459473,50.20759201049805,29.257339477539062
2014-07-01,127.69999694824219,80.85772705078125,31.8128719329834,14.919116973876953,44.02174758911133,16.815420150756836,32.72856140136719,14.981576919555664,50.84312438964844,29.568586349487305
2014-07-02,127.69999694824219,79.99349212646484,31.765230178833008,14.906072616577148,43.94890213012695,16.83278465270996,32.816383361816406,14.69096851348877,51.23104476928711,29.61241912841797
2014-07-03,127.16000366210938,79.70549774169922,31.885934829711914,15.023443222045898,44.313106536865234,16.906570434570312,32.99934768676758,14.530281066894531,51.43739318847656,29.84037971496582
2014-07-07,127.0199966430664,80.28880310058594,31.641355514526367,14.958240509033203,43.99746322631836,16.92393684387207,33.05057144165039,14.598658561706543,51.04945755004883,29.656259536743164
2014-07-08,127.06999969482422,81.18895721435547,31.590530395507812,14.827824592590332,43.697994232177734,16.77201271057129,32.98471450805664,14.697802543640137,50.57074737548828,29.3669376373291
2014-07-09,127.83999633789062,81.25379943847656,31.800174713134766,14.866950988769531,43.77083206176758,16.8544864654541,33.13108444213867,14.656780242919922,50.78535079956055,29.722015380859375
2014-07-10,128.5399932861328,81.27540588378906,31.495241165161133,14.76914119720459,43.5118408203125,16.806739807128906,33.079856872558594,14.755927085876465,50.75233459472656,29.445833206176758
2014-07-11,128.77999877929688,81.79387664794922,31.253854751586914,14.795228958129883,43.76273727416992,16.893550872802734,33.12377166748047,14.643107414245605,50.8596305847168,29.542282104492188
2014-07-14,125.72000122070312,81.44103240966797,31.523836135864258,14.886510848999023,44.01364517211914,17.015087127685547,33.240867614746094,14.475577354431152,51.02470397949219,29.625568389892578
2014-07-15,124.52999877929688,81.27540588378906,31.387248992919922,14.990832328796387,44.03791809082031,16.984703063964844,32.94810485839844,14.550792694091797,50.58726501464844,29.524751663208008
2014-07-16,124.97000122070312,81.70745086669922,31.863689422607422,14.964756965637207,44.22407150268555,17.14096450805664,32.955440521240234,14.598658561706543,50.422176361083984,29.59927749633789
2014-07-17,127.08999633789062,82.73727416992188,31.349138259887695,14.76914119720459,43.53610610961914,16.91959571838379,32.75052261352539,14.465312957763672,49.86919403076172,29.318706512451172
2014-07-18,126.12999725341797,82.4708251953125,31.441251754760742,14.938677787780762,43.90034484863281,17.123611450195312,33.079856872558594,14.612335205078125,50.686302185058594,29.59051513671875
2014-07-21,126.33999633789062,82.88129425048828,31.488895416259766,14.899552345275879,43.87605667114258,17.101898193359375,32.926170349121094,14.598658561706543,50.47996139526367,29.454614639282227
2014-07-22,125.73999786376953,83.05413818359375,31.714397430419922,14.94520092010498,44.03791809082031,17.24513816833496,32.867610931396484,14.567888259887695,50.91741180419922,29.577350616455078
2014-07-23,125.62000274658203,82.94612121582031,31.917680740356445,14.977804183959961,43.85985565185547,17.275524139404297,32.82370376586914,14.581560134887695,51.330101013183594,29.555431365966797
2014-07-24,124.3499984741211,82.32681274414062,31.946271896362305,15.010397911071777,43.6494255065918,17.26250457763672,32.91152572631836,14.62601089477539,51.22278594970703,29.621192932128906
2014-07-25,125.79000091552734,83.29901123046875,31.711227416992188,14.92563247680664,43.53610610961914,17.240795135498047,32.77980041503906,14.509764671325684,51.032958984375,29.292409896850586
2014-07-28,125.58000183105469,83.18376159667969,31.63499641418457,14.932151794433594,43.31759262084961,17.271181106567383,32.61145782470703,14.711479187011719,51.082496643066406,29.349407196044922
2014-07-29,125.19999694824219,83.48623657226562,31.555599212646484,14.853904724121094,42.77531051635742,17.236454010009766,32.46509552001953,14.57472038269043,51.12376022338867,29.26610565185547
2014-07-30,124.83000183105469,82.32681274414062,31.36819076538086,14.919116973876953,42.81578063964844,17.25381851196289,32.121116638183594,14.328561782836914,51.330101013183594,29.428306579589844
2014-07-31,123.38999938964844,82.08194732666016,30.691669464111328,14.612646102905273,41.94975662231445,16.928274154663086,31.572235107421875,14.10291862487793,50.27362060546875,28.884716033935547
2014-08-01,124.37999725341797,82.7173843383789,30.443925857543945,14.488752365112305,41.90928268432617,16.837125778198242,31.813737869262695,14.157615661621094,50.31489562988281,28.77951431274414
2014-08-04,123.98999786376953,82.50070190429688,30.955297470092773,14.606131553649902,42.054962158203125,16.958656311035156,31.916200637817383,14.082405090332031,50.52949905395508,29.0600643157959
2014-08-05,123.87000274658203,82.76789093017578,30.278770446777344,14.456151962280273,41.804054260253906,16.798059463500977,31.777145385742188,13.91146183013916,50.042518615722656,28.85841178894043
2014-08-06,125.66999816894531,82.81846618652344,30.367704391479492,14.514838218688965,41.5936279296875,16.745975494384766,32.04794692993164,13.73367691040039,50.017738342285156,28.797046661376953
2014-08-07,126.18000030517578,83.59101104736328,30.1771183013916,14.449631690979004,41.634090423583984,16.67652130126953,31.784469604492188,13.890942573547363,49.37395477294922,28.647987365722656
2014-08-08,126.19000244140625,83.4105224609375,30.682132720947266,14.593085289001465,42.22492599487305,16.785032272338867,32.10648727416992,14.167875289916992,49.959964752197266,29.090749740600586
2014-08-11,125.95999908447266,83.4032974243164,30.685319900512695,14.606131553649902,42.3949089050293,16.867509841918945,32.333370208740234,14.116592407226562,49.935211181640625,29.22226905822754
2014-08-12,125.98999786376953,82.86177825927734,30.459810256958008,14.638729095458984,42.29776382446289,16.858823776245117,32.31139373779297,14.106334686279297,49.893943786621094,29.14774513244629
2014-08-13,126.19999694824219,83.4032974243164,30.558265686035156,14.703935623168945,42.7105598449707,17.023767471313477,32.40653610229492,14.171294212341309,50.496482849121094,29.252960205078125
2014-08-14,126.30999755859375,84.07479095458984,30.383581161499023,14.795228958129883,42.89670944213867,17.054157257080078,32.53828430175781,14.29437255859375,51.09074020385742,29.480913162231445
2014-08-15,125.4800033569336,84.99180603027344,30.60909080505371,14.723494529724121,42.80769348144531,17.054157257080078,32.58218765258789,14.349077224731445,51.140262603759766,29.423917770385742
2014-08-18,124.95999908447266,84.1469955444336,30.691669464111328,14.886510848999023,43.45518112182617,17.214752197265625,32.77248001098633,14.311474800109863,51.536441802978516,29.695716857910156
2014-08-19,124.68000030517578,83.88705444335938,30.926706314086914,14.912591934204102,43.560394287109375,17.323265075683594,32.86030578613281,14.492670059204102,51.87483596801758,29.919286727905273
2014-08-20,124.22000122070312,83.74986267089844,30.993404388427734,14.951714515686035,44.02174758911133,17.323265075683594,32.83833312988281,14.523444175720215,51.86660385131836,30.059572219848633
2014-08-21,122.87999725341797,84.21917724609375,31.018827438354492,15.127769470214844,43.981266021728516,17.405738830566406,32.896881103515625,14.55763053894043,51.94086837768555,30.033275604248047
2014-08-22,123.19000244140625,84.68852233886719,30.812366485595703,15.075605392456055,43.82749557495117,17.410083770751953,32.816383361816406,14.513184547424316,51.99039077758789,30.090248107910156
2014-08-25,122.73999786376953,85.00618743896484,31.08551597595215,15.206023216247559,43.99746322631836,17.42744255065918,32.99934768676758,14.612335205078125,52.38658905029297,30.177919387817383
2014-08-26,123.3499984741211,84.73182678222656,31.24433708190918,15.23862075805664,43.85177230834961,17.43613052368164,32.97739791870117,14.437966346740723,52.576412200927734,30.182302474975586
2014-08-27,123.31999969482422,85.4538803100586,31.180809020996094,15.206023216247559,43.82749557495117,17.431779861450195,32.992034912109375,14.595239639282227,52.53513717651367,30.2130069732666
2014-08-28,124.0,85.90158081054688,31.18715476989746,15.160372734069824,43.76273727416992,17.405738830566406,33.00666809082031,14.701223373413086,52.51864242553711,30.17354965209961
2014-08-29,123.86000061035156,85.95932006835938,31.36185073852539,15.232101440429688,43.722267150878906,17.48387336730957,33.02863693237305,14.796948432922363,52.70846939086914,30.169158935546875
2014-09-02,121.6500015258789,84.47649383544922,30.964820861816406,15.29079532623291,43.867958068847656,17.48821258544922,33.04326248168945,14.663615226745605,52.68372344970703,30.226144790649414
2014-09-03,122.1500015258789,84.94688415527344,31.047407150268555,15.2647066116333,43.81129455566406,17.392723083496094,33.065216064453125,14.735408782958984,52.92308044433594,30.14723777770996
2014-09-04,121.4800033569336,83.91199493408203,30.628143310546875,15.27774715423584,43.82749557495117,17.3840389251709,33.16766357421875,14.728571891784668,52.65895462036133,30.26121711730957
2014-09-05,122.05999755859375,83.75279998779297,30.834604263305664,15.297314643859863,43.97318649291992,17.48821258544922,33.35795974731445,14.91319751739502,52.96433639526367,30.362051010131836
2014-09-08,120.7300033569336,83.7889633178711,30.354984283447266,15.303827285766602,43.93271255493164,17.514249801635742,33.109127044677734,14.824307441711426,52.97258758544922,30.234926223754883
2014-09-09,120.87000274658203,83.7238540649414,30.221586227416992,15.147331237792969,43.795108795166016,17.388376235961914,33.02863693237305,14.65335464477539,52.83229064941406,29.932443618774414
2014-09-10,120.26000213623047,83.19554138183594,30.148540496826172,15.225584030151367,43.82749557495117,17.492549896240234,33.18962860107422,14.588400840759277,53.203697204589844,30.03765869140625
2014-09-11,119.47000122070312,82.92054748535156,30.167591094970703,15.2647066116333,43.84367752075195,17.5316219329834,33.20427322387695,14.711479187011719,53.055137634277344,30.050798416137695
2014-09-12,118.37999725341797,82.0521240234375,29.71657371520996,15.251663208007812,43.697994232177734,17.45783233642578,32.97006607055664,14.448230743408203,52.667205810546875,29.96312713623047
2014-09-15,118.63999938964844,82.17515563964844,29.926204681396484,15.245136260986328,43.68181228637695,17.353652954101562,33.13108444213867,14.492670059204102,52.52690124511719,29.84037971496582
2014-09-16,118.83000183105469,81.84231567382812,30.288286209106445,15.310349464416504,43.924617767333984,17.48387336730957,33.379905700683594,14.677289009094238,53.24496841430664,29.993810653686523
2014-09-17,117.54000091552734,81.63240051269531,30.12312889099121,15.375561714172363,44.09458923339844,17.518596649169922,33.30671310424805,14.64993667602539,53.286231994628906,29.980655670166016
2014-09-18,117.77999877929688,81.89290618896484,29.967491149902344,15.52552318572998,44.305030822753906,17.62277603149414,33.37259292602539,14.543960571289062,53.68241500854492,30.112171173095703
2014-09-19,117.08999633789062,82.93502044677734,29.942909240722656,15.484936714172363,44.261924743652344,17.585281372070312,33.45875549316406,14.67504596710205,53.741233825683594,30.124927520751953
2014-09-22,116.8499984741211,83.03636932373047,29.50234031677246,15.380175590515137,43.765872955322266,17.46758460998535,33.399837493896484,14.564654350280762,53.4513053894043,29.70267105102539
2014-09-23,117.5999984741211,83.55014038085938,29.416149139404297,15.275412559509277,43.40807342529297,17.4283447265625,33.10524368286133,14.523259162902832,53.13654327392578,29.447559356689453
2014-09-24,117.05000305175781,83.08704376220703,29.44167709350586,15.360530853271484,43.63576889038086,17.541690826416016,33.532413482666016,14.471508026123047,54.06427764892578,29.781864166259766
2014-09-25,117.38999938964844,84.07122039794922,28.99152946472168,15.105178833007812,42.95269012451172,17.15806770324707,33.09051513671875,14.38526725769043,53.177974700927734,29.34640884399414
2014-09-26,117.05999755859375,83.94818878173828,29.365068435668945,15.24923038482666,43.35115051269531,17.345521926879883,33.21572494506836,14.405964851379395,53.34363555908203,29.64989471435547
2014-09-29,117.02999877929688,84.62123107910156,29.29801368713379,15.196844100952148,43.28609848022461,17.341163635253906,33.2083625793457,14.499106407165527,53.22768783569336,29.495954513549805
2014-09-30,116.20999908447266,84.14360809326172,28.93088722229004,15.170654296875,43.22103500366211,17.393474578857422,33.223087310791016,14.519803047180176,52.937767028808594,29.333208084106445
2014-10-01,116.7699966430664,85.77523803710938,28.340251922607422,14.987318992614746,42.407840728759766,17.12318992614746,33.01688003540039,14.602602005004883,52.382789611816406,28.94175148010254
2014-10-02,116.73999786376953,85.0279541015625,28.19339370727539,15.026603698730469,42.35905456542969,17.114477157592773,33.0757942199707,14.581901550292969,52.27510070800781,29.07369613647461
2014-10-03,114.61000061035156,85.3907241821289,28.14869499206543,15.24267578125,42.936424255371094,17.25397300720215,33.46613311767578,14.67504596710205,53.3519172668457,29.447559356689453
2014-10-06,116.02999877929688,85.44146728515625,28.18062400817871,15.196844100952148,42.806304931640625,17.258333206176758,33.480873107910156,14.67504596710205,53.10342788696289,29.289226531982422
2014-10-07,116.36000061035156,86.59501647949219,27.813486099243164,14.941484451293945,41.76542663574219,16.988061904907227,33.282012939453125,14.654341697692871,52.258548736572266,28.853776931762695
2014-10-08,117.47000122070312,86.61679077148438,28.0848445892334,15.223033905029297,42.5135612487793,17.31064796447754,33.76808166503906,14.985515594482422,53.59211349487305,29.30681610107422
2014-10-09,117.63999938964844,86.23954772949219,27.053653717041016,14.902206420898438,41.52959442138672,17.022930145263672,33.42930603027344,14.74059009552002,52.4821891784668,28.642654418945312
2014-10-10,117.58999633789062,87.09561920166016,26.673755645751953,14.784346580505371,40.91972351074219,16.587005615234375,33.59133529663086,14.809578895568848,52.15913391113281,28.391942977905273
2014-10-13,118.5199966430664,87.62525939941406,25.850059509277344,14.653404235839844,40.28543472290039,16.403921127319336,33.127342224121094,14.795784950256348,50.924949645996094,27.815750122070312
2014-10-14,118.58999633789062,88.19835662841797,25.5244197845459,14.712321281433105,40.846527099609375,16.430076599121094,33.11260986328125,14.930318832397461,50.543914794921875,28.01807403564453
2014-10-15,118.98999786376953,88.89481353759766,25.71917724609375,14.43078327178955,40.74894332885742,16.31673240661621,32.714908599853516,14.733688354492188,50.1297607421875,27.784955978393555
2014-10-16,119.22000122070312,88.32893371582031,26.17889404296875,14.43078327178955,41.049835205078125,16.22083282470703,32.471866607666016,14.747486114501953,49.872982025146484,27.815750122070312
2014-10-17,118.98999786376953,87.83557891845703,26.402379989624023,14.614108085632324,41.86301040649414,16.412641525268555,32.869571685791016,14.83372974395752,50.66816711425781,28.123645782470703
2014-10-20,119.80000305175781,88.15487670898438,26.632238388061523,14.69923210144043,41.9849967956543,16.53033447265625,33.34092330932617,15.040714263916016,51.281131744384766,28.515092849731445
2014-10-21,120.0199966430664,87.45110321044922,27.443140029907227,14.974221229553223,42.920162200927734,16.852924346923828,33.480873107910156,15.092458724975586,52.63957595825195,29.069297790527344
2014-10-22,119.33999633789062,87.54542541503906,26.922767639160156,14.836727142333984,42.35905456542969,16.774456024169922,33.554500579833984,15.185599327087402,52.374488830566406,28.81858253479004
2014-10-23,118.5199966430664,86.76912689208984,27.42398452758789,14.980777740478516,43.294227600097656,16.961904525756836,33.532413482666016,15.213197708129883,53.26908493041992,29.21004867553711
2014-10-24,118.3499984741211,86.856201171875,27.328208923339844,15.124824523925781,43.676422119140625,17.110116958618164,33.812278747558594,15.361534118652344,54.014564514160156,29.18366241455078
2014-10-27,118.05999755859375,87.01583862304688,26.75355339050293,15.144463539123535,43.660160064697266,17.127559661865234,33.89329528808594,15.32703685760498,54.07254409790039,29.24083709716797
2014-10-28,118.0999984741211,86.47172546386719,27.36333656311035,15.30815315246582,44.432682037353516,17.36295509338379,34.0258674621582,15.433979988098145,54.47014236450195,29.557514190673828
2014-10-29,116.41000366210938,86.66756439208984,27.45272445678711,15.347434997558594,44.27819061279297,17.345521926879883,33.966941833496094,15.344286918640137,54.494998931884766,29.46956443786621
2014-10-30,115.19000244140625,86.74009704589844,27.353750228881836,15.432550430297852,44.45708465576172,17.402193069458008,34.18052291870117,15.68235969543457,55.49725341796875,29.663087844848633
2014-10-31,112.66000366210938,86.51518249511719,27.909259796142578,15.609336853027344,44.89620590209961,17.67247200012207,34.4014778137207,15.685803413391113,55.72092056274414,29.953388214111328
2014-11-03,112.1500015258789,86.51518249511719,27.468687057495117,15.668262481689453,44.839290618896484,17.74656867980957,34.53403854370117,15.789300918579102,55.78718185424805,29.953388214111328
2014-11-04,112.22000122070312,86.78433227539062,26.903608322143555,15.674816131591797,44.81489562988281,17.742212295532227,34.71815872192383,15.706503868103027,55.79545974731445,29.59272003173828
2014-11-05,109.79000091552734,86.66069030761719,27.376100540161133,15.779576301574707,45.09137725830078,17.7901668548584,34.96120834350586,16.06182098388672,55.73747253417969,29.71148109436035
2014-11-06,109.87999725341797,86.1006851196289,27.720901489257812,15.805767059326172,45.56300354003906,17.781444549560547,35.03485870361328,15.789300918579102,56.07707214355469,29.962182998657227
2014-11-07,112.97000122070312,87.08975982666016,28.027385711669922,15.812310218811035,45.628074645996094,17.80324935913086,35.160064697265625,15.954882621765137,55.5221061706543,29.91380500793457
2014-11-10,110.45999908447266,86.289794921875,27.775171279907227,15.897433280944824,45.85576248168945,17.851194381713867,35.31471633911133,16.03422737121582,56.085350036621094,29.896217346191406
2014-11-11,112.04000091552734,86.34796142578125,27.85818099975586,15.845048904418945,45.79884719848633,17.859912872314453,35.248443603515625,15.975580215454102,56.29243850708008,30.02376365661621
2014-11-12,111.5,86.27525329589844,27.612350463867188,15.812310218811035,45.8639030456543,17.916582107543945,35.248443603515625,15.696152687072754,56.20962142944336,30.164514541625977
2014-11-13,111.66999816894531,86.47884368896484,27.24521255493164,15.805767059326172,45.73378372192383,18.012487411499023,35.373634338378906,15.568511962890625,56.168190002441406,30.353641510009766
2014-11-14,114.47000122070312,86.9007339477539,27.522951126098633,15.753378868103027,45.79071044921875,18.138906478881836,35.17477798461914,15.502974510192871,55.70433044433594,30.472393035888672
2014-11-17,114.05000305175781,86.68248748779297,27.379295349121094,15.753378868103027,45.725650787353516,18.10403060913086,35.41046905517578,15.706503868103027,55.97768783569336,30.437217712402344
2014-11-18,115.05000305175781,86.92249298095703,27.401655197143555,15.805767059326172,46.067203521728516,18.165054321289062,35.543025970458984,15.751354217529297,56.88054656982422,30.494400024414062
2014-11-19,113.68000030517578,86.36979675292969,27.545310974121094,15.773028373718262,45.928951263427734,18.04736328125,35.69032669067383,15.737554550170898,56.56580352783203,30.62194061279297
2014-11-20,114.86000061035156,86.82064056396484,27.89011001586914,15.773028373718262,46.05094528198242,18.138906478881836,35.535667419433594,15.703056335449219,56.325584411621094,30.753896713256836
2014-11-21,115.38999938964844,87.3442611694336,28.254051208496094,15.851597785949707,46.498199462890625,18.165054321289062,35.682952880859375,15.765151977539062,56.59064483642578,30.828672409057617
2014-11-24,115.11000061035156,87.41703796386719,28.036968231201172,15.956354141235352,46.62016296386719,18.260969161987305,35.6608772277832,15.634060859680176,56.88054656982422,31.11457633972168
2014-11-25,115.37999725341797,88.14429473876953,27.580429077148438,15.943262100219727,46.75841522216797,18.269685745239258,35.69032669067383,15.634060859680176,56.95508575439453,31.21133804321289
2014-11-26,115.16000366210938,88.3843002319336,27.232444763183594,15.962912559509277,46.66896438598633,18.435340881347656,35.85236358642578,15.703056335449219,57.302978515625,31.206937789916992
2014-11-28,112.11000061035156,89.08246612548828,25.482927322387695,15.97599983215332,46.27864456176758,18.522523880004883,36.3089714050293,15.868642807006836,57.659175872802734,31.5852108001709
2014-12-01,116.58000183105469,88.56278228759766,25.57230567932129,15.864688873291016,45.68500900268555,18.313278198242188,36.073307037353516,15.899688720703125,57.518341064453125,31.237735748291016
2014-12-02,115.13999938964844,87.7026596069336,25.850059509277344,16.01528549194336,46.07533264160156,18.3176326751709,36.198509216308594,16.00663185119629,58.15616226196289,31.356502532958984
2014-12-03,116.33000183105469,88.04521179199219,26.166128158569336,16.087310791015625,46.693363189697266,18.383024215698242,35.940738677978516,15.961783409118652,58.24726867675781,31.40927505493164
2014-12-04,115.87999725341797,88.78144073486328,25.939456939697266,16.10695457458496,46.45752716064453,18.383024215698242,35.911277770996094,15.947991371154785,58.1727294921875,31.391674041748047
2014-12-05,114.43000030517578,88.26388549804688,25.629783630371094,16.251001358032227,46.56324768066406,18.36122703552246,35.977561950683594,15.823793411254883,58.63657760620117,31.462055206298828
2014-12-08,115.77999877929688,89.3426742553711,24.592199325561523,16.32956314086914,46.05094528198242,18.17378044128418,35.903907775878906,15.951432228088379,58.843658447265625,31.206937789916992
2014-12-09,118.19000244140625,89.80191040039062,24.860374450683594,16.290285110473633,46.05906677246094,18.16942596435547,35.78607940673828,16.030776977539062,58.59516906738281,31.1497745513916
2014-12-10,117.95999908447266,90.45792388916016,24.094161987304688,16.080760955810547,45.18083572387695,17.894790649414062,35.447288513183594,15.83069133758545,57.69231033325195,30.736316680908203
2014-12-11,117.69000244140625,90.82967376708984,24.07819938659668,16.120040893554688,45.400386810302734,17.97325325012207,35.741886138916016,15.9893798828125,57.85796356201172,30.98702621459961
2014-12-12,117.41000366210938,92.0615463256836,23.631244659423828,15.805767059326172,44.57905960083008,17.70734214782715,35.285247802734375,15.837591171264648,56.97165298461914,30.789091110229492
2014-12-15,114.38999938964844,91.87202453613281,23.420536041259766,15.661714553833008,44.432682037353516,17.598360061645508,35.04958724975586,15.703056335449219,56.44983673095703,30.604351043701172
2014-12-16,114.94999694824219,93.00908660888672,23.628049850463867,15.511126518249512,44.47335433959961,17.36295509338379,34.91702651977539,15.689261436462402,55.79545974731445,30.13372039794922
2014-12-17,114.2699966430664,92.17083740234375,24.60816192626953,15.864688873291016,44.88807678222656,17.689905166625977,35.42517852783203,15.968679428100586,56.8391227722168,30.709917068481445
2014-12-18,115.1500015258789,90.53084564208984,25.080657958984375,16.23134994506836,46.01842498779297,18.19557762145996,36.10276412963867,16.282604217529297,58.39636993408203,31.215740203857422
2014-12-19,114.7699966430664,91.74809265136719,25.882156372070312,16.241886138916016,46.27682876586914,18.215742111206055,36.06566619873047,16.309410095214844,58.53770446777344,31.30097007751465
2014-12-22,112.55000305175781,91.87202453613281,25.618738174438477,16.353759765625,46.71840286254883,18.434831619262695,36.41431427001953,16.351171493530273,57.98067855834961,31.605730056762695
2014-12-23,112.73999786376953,90.04976654052734,25.930334091186523,16.44589614868164,46.89015197753906,18.483028411865234,36.66653060913086,16.392932891845703,56.65044403076172,31.78240394592285
2014-12-24,112.7699966430664,90.53987121582031,25.74081039428711,16.419572830200195,46.939208984375,18.465503692626953,36.62944030761719,16.69573402404785,57.06614685058594,31.72939682006836
2014-12-26,114.83000183105469,90.87590026855469,25.734376907348633,16.419572830200195,46.939208984375,18.54437828063965,36.688777923583984,16.897598266601562,57.47351837158203,31.901649475097656
2014-12-29,113.66999816894531,91.55518341064453,25.827539443969727,16.478803634643555,47.01280975341797,18.452360153198242,36.57750701904297,17.09250831604004,57.67307662963867,32.144561767578125
2014-12-30,115.19999694824219,91.80354309082031,25.621950149536133,16.459060668945312,46.734764099121094,18.32090187072754,36.41431427001953,16.73750114440918,57.423641204833984,31.99440574645996
2014-12-31,113.58000183105469,91.97884368896484,25.429203033447266,16.274784088134766,46.268646240234375,18.119333267211914,35.96925354003906,16.434701919555664,56.8499870300293,31.866315841674805
2015-01-02,114.08000183105469,93.0014877319336,25.54806137084961,16.274784088134766,46.21140670776367,18.08427619934082,35.86538314819336,16.511274337768555,57.0578498840332,31.636653900146484
2015-01-05,115.80000305175781,94.46244049072266,24.491188049316406,15.932578086853027,45.1319694519043,17.80821418762207,35.613182067871094,16.309410095214844,56.766849517822266,31.031566619873047
2015-01-06,117.12000274658203,96.16436767578125,24.131399154663086,15.689079284667969,44.57589340209961,17.59349822998047,35.56869125366211,16.319847106933594,56.575653076171875,30.722396850585938
2015-01-07,116.43000030517578,95.97442626953125,24.182798385620117,15.853610038757324,44.911163330078125,17.742477416992188,36.176937103271484,16.479949951171875,57.905853271484375,31.20824432373047
2015-01-08,115.94000244140625,94.7034683227539,24.7257022857666,16.09052085876465,45.810691833496094,18.132476806640625,36.725860595703125,16.594802856445312,58.89520263671875,31.676408767700195
2015-01-09,117.26000213623047,95.74068450927734,24.529739379882812,15.8733549118042,45.32005310058594,18.07551383972168,36.42914581298828,16.490388870239258,58.371429443359375,31.309816360473633
2015-01-12,118.55999755859375,96.28851318359375,23.823020935058594,15.741731643676758,45.00929641723633,17.86518096923828,36.3178825378418,16.452102661132812,58.39636993408203,31.141986846923828
2015-01-13,118.16000366210938,96.28851318359375,23.63348960876465,15.689079284667969,44.919349670410156,17.852033615112305,36.310462951660156,16.49735450744629,58.13865661621094,31.141986846923828
2015-01-14,117.97000122070312,97.01898193359375,23.70737075805664,15.465331077575684,44.67401123046875,17.75124168395996,36.19919967651367,16.640050888061523,58.04719543457031,30.766572952270508
2015-01-15,120.94000244140625,98.54566192626953,23.405397415161133,15.2744779586792,44.46139907836914,17.523393630981445,36.25852966308594,16.772308349609375,57.423641204833984,30.36907196044922
2015-01-16,122.5199966430664,97.28926086425781,24.166738510131836,15.458745002746582,44.75578308105469,17.69428825378418,36.54784393310547,16.921968460083008,58.50445556640625,30.7709903717041
2015-01-20,124.19999694824219,98.58216857910156,24.195648193359375,15.392938613891602,45.074729919433594,17.84326934814453,36.69620132446289,16.963729858398438,58.50445556640625,30.594314575195312
2015-01-21,124.2300033569336,97.442626953125,24.68714714050293,15.43242073059082,45.44271469116211,17.873939514160156,36.87422180175781,17.127309799194336,58.620849609375,30.79305648803711
2015-01-22,125.2300033569336,97.092041015625,24.80278205871582,15.814119338989258,46.1705207824707,18.167539596557617,37.245121002197266,17.054224014282227,59.3192253112793,31.371652603149414
2015-01-23,124.2300033569336,98.44340515136719,24.62610626220703,15.643013954162598,45.786170959472656,18.163145065307617,36.8297119140625,17.102949142456055,58.978328704833984,31.327484130859375
2015-01-26,122.98999786376953,98.1438980102539,24.979469299316406,15.721989631652832,45.8433952331543,18.088655471801758,36.8297119140625,17.09250831604004,59.28595733642578,31.49089813232422
2015-01-27,124.4000015258789,98.29730987548828,24.963407516479492,15.55087947845459,45.23827362060547,17.56720733642578,36.40690231323242,17.116870880126953,58.86195373535156,31.23916244506836
2015-01-28,123.41999816894531,99.9043197631836,23.980417251586914,15.267897605895996,44.845741271972656,17.536535263061523,35.98407745361328,16.970693588256836,58.013938903808594,30.832822799682617
2015-01-29,120.76000213623047,99.24691009521484,24.060728073120117,15.392938613891602,45.360931396484375,17.703048706054688,36.27338790893555,17.19692039489746,58.50445556640625,31.252408981323242
2015-01-30,123.44999694824219,101.00725555419922,24.2695369720459,15.142857551574707,44.62495803833008,17.483949661254883,35.620601654052734,16.81755256652832,57.58992385864258,30.91231346130371
2015-02-02,122.41999816894531,100.62592315673828,25.0115909576416,15.38634967803955,45.28733444213867,17.66360855102539,36.04343032836914,16.890634536743164,57.914154052734375,31.19057846069336
2015-02-03,121.05000305175781,98.49605560302734,25.69582748413086,15.643013954162598,46.02330780029297,17.86518096923828,36.36240005493164,16.953290939331055,58.3049201965332,31.853073120117188
2015-02-04,121.58000183105469,98.66433715820312,25.271793365478516,15.603523254394531,45.67168045043945,17.90022850036621,36.377220153808594,16.747943878173828,57.573307037353516,32.065067291259766
2015-02-05,121.79000091552734,97.58109283447266,25.634807586669922,15.761475563049316,46.06420135498047,18.06674575805664,36.56266784667969,16.901079177856445,58.5460205078125,32.26382064819336
2015-02-06,118.63999938964844,95.853759765625,25.64122772216797,15.886513710021973,45.9578857421875,18.009782791137695,36.399471282958984,16.204986572265625,58.013938903808594,32.215232849121094
2015-02-09,119.16999816894531,95.70005798339844,25.666921615600586,15.807535171508789,45.835243225097656,17.983497619628906,36.125022888183594,16.06229019165039,57.33219909667969,32.0915641784668
2015-02-10,118.47000122070312,94.93885803222656,25.65407371520996,15.932578086853027,46.088741302490234,18.25079345703125,36.54784393310547,16.392932891845703,58.296592712402344,32.48466110229492
2015-02-11,117.06999969482422,95.11451721191406,25.474184036254883,15.932578086853027,46.10508346557617,18.32090187072754,36.71844482421875,16.03792953491211,58.35480880737305,32.49348449707031
2015-02-12,117.33999633789062,94.79975128173828,25.808263778686523,16.09052085876465,46.538509368896484,18.570667266845703,36.88906478881836,15.964841842651367,58.56264114379883,32.87776184082031
2015-02-13,117.9800033569336,93.8262939453125,26.354372024536133,16.07735824584961,46.75111770629883,18.688987731933594,36.71844482421875,15.721209526062012,58.79545593261719,33.076480865478516
2015-02-17,116.01000213623047,92.41368865966797,26.434669494628906,16.130001068115234,46.816551208496094,18.69774627685547,36.725860595703125,15.707280158996582,59.21944046020508,33.00140380859375
2015-02-18,116.33999633789062,92.96261596679688,26.119861602783203,16.031293869018555,47.078216552734375,18.71527671813965,36.926143646240234,16.07969093322754,59.28595733642578,32.983734130859375
2015-02-19,115.94000244140625,92.34780883789062,25.997793197631836,15.965486526489258,47.15998840332031,18.781003952026367,36.688777923583984,15.898712158203125,59.38573455810547,33.085323333740234
2015-02-20,115.27999877929688,92.6186294555664,25.87251091003418,16.08394432067871,47.560707092285156,18.877405166625977,36.7926025390625,15.902193069458008,60.00926208496094,33.319400787353516
2015-02-23,115.43000030517578,93.67992401123047,25.76650619506836,16.044452667236328,47.35625457763672,18.890552520751953,36.896480560302734,16.01008415222168,60.283592224121094,33.28848648071289
2015-02-24,115.26000213623047,94.90957641601562,25.83716583251953,16.123428344726562,47.544349670410156,18.947521209716797,37.022586822509766,16.12841796875,60.208770751953125,33.44748306274414
2015-02-25,115.69999694824219,95.31944274902344,25.97852325439453,16.123428344726562,47.44622039794922,18.82920265197754,36.896480560302734,15.863907814025879,60.1838493347168,33.70365524291992
2015-02-26,116.06999969482422,94.01660919189453,25.49666404724121,16.08394432067871,47.23358917236328,18.947521209716797,36.948394775390625,15.759493827819824,60.35012435913086,33.597652435302734
2015-02-27,116.16000366210938,94.80705261230469,25.384227752685547,16.02471160888672,47.01280975341797,18.881793975830078,37.09674835205078,15.742088317871094,60.059120178222656,33.553489685058594
2015-03-02,115.68000030517578,93.0411376953125,25.207557678222656,16.143169403076172,47.44622039794922,19.03077507019043,37.163516998291016,15.439291954040527,60.59953308105469,33.95539855957031
2015-03-03,115.47000122070312,92.70384216308594,25.30071258544922,16.097105026245117,47.143653869628906,18.90369987487793,37.022586822509766,15.533262252807617,60.05083465576172,33.8626594543457
2015-03-04,115.11000061035156,92.733154296875,25.2653751373291,15.998385429382324,46.77565002441406,18.82920265197754,36.762962341308594,15.446252822875977,60.34181594848633,33.68599319458008
2015-03-05,115.0,92.61582946777344,25.11438751220703,16.06419563293457,46.8083610534668,18.807296752929688,36.88906478881836,15.568068504333496,60.557945251464844,33.70808410644531
2015-03-06,111.86000061035156,90.56974792480469,24.664657592773438,15.945737838745117,46.1705207824707,18.575057983398438,36.169532775878906,15.101686477661133,59.36909103393555,33.3061408996582
2015-03-09,111.97000122070312,91.40576934814453,24.487985610961914,16.018123626708984,46.60393142700195,18.662689208984375,36.369815826416016,15.12952709197998,59.73490905761719,33.49607467651367
2015-03-10,111.41999816894531,92.60846710205078,24.14745330810547,15.675922393798828,45.74528884887695,18.28145980834961,35.85056686401367,15.101686477661133,59.06979751586914,32.974910736083984
2015-03-11,110.75,93.28312683105469,24.2181396484375,15.774629592895508,45.696231842041016,18.163145065307617,35.57609176635742,15.004232406616211,59.036537170410156,32.79381561279297
2015-03-12,110.72000122070312,93.21714782714844,24.063945770263672,16.116849899291992,46.284996032714844,18.28145980834961,36.09534454345703,15.289628982543945,59.81801986694336,33.46074295043945
2015-03-13,110.87999725341797,92.93112182617188,23.973995208740234,16.004966735839844,45.85978317260742,18.180681228637695,35.81346130371094,15.133012771606445,59.701637268066406,33.195743560791016
2015-03-16,110.80999755859375,93.82588958740234,24.298446655273438,16.2023983001709,46.62027359008789,18.395389556884766,36.25112533569336,15.39404296875,61.02353286743164,33.58440017700195
2015-03-17,110.20999908447266,94.60326385498047,24.20528793334961,16.162912368774414,46.43218231201172,18.399778366088867,35.99148941040039,15.369685173034668,60.848960876464844,33.39889907836914
2015-03-18,112.37000274658203,96.42926788330078,24.908802032470703,16.255041122436523,46.98008346557617,18.649545669555664,36.23629379272461,15.783857345581055,61.638736724853516,33.694820404052734
2015-03-19,112.29000091552734,95.93793487548828,24.513673782348633,16.10367774963379,46.661163330078125,18.596961975097656,36.07309341430664,15.637677192687988,61.99626922607422,33.64624786376953
2015-03-20,113.56999969482422,96.44390869140625,24.87429428100586,16.322328567504883,46.924869537353516,18.717077255249023,36.52537155151367,15.77834415435791,62.44477844238281,34.020694732666016
2015-03-23,114.29000091552734,96.32658386230469,24.786968231201172,16.229848861694336,46.53053665161133,18.717077255249023,36.585086822509766,15.78886604309082,62.26973342895508,33.96309280395508
2015-03-24,114.56999969482422,97.25789642333984,24.622026443481445,16.097736358642578,46.37445831298828,18.655488967895508,36.3761100769043,15.613471031188965,61.727787017822266,33.785831451416016
2015-03-25,114.7300033569336,96.4366226196289,24.942211151123047,15.840118408203125,45.5858154296875,18.175899505615234,36.28654098510742,15.43106746673584,60.60232162475586,33.236324310302734
2015-03-26,115.4800033569336,94.93321990966797,24.913101196289062,15.826911926269531,45.46257781982422,18.1890926361084,36.12981033325195,15.301275253295898,60.46056365966797,33.02803039550781
2015-03-27,115.05999755859375,96.11389923095703,24.7093505859375,15.80709457397461,45.635101318359375,18.20229721069336,36.353702545166016,15.39248275756836,60.894081115722656,33.19643783569336
2015-03-30,113.75,95.63726806640625,25.23975944519043,16.03829574584961,46.275882720947266,18.42228889465332,36.719417572021484,15.581902503967285,61.511043548583984,33.537662506103516
2015-03-31,113.66000366210938,95.84259033203125,25.09098243713379,15.925996780395508,45.81583786010742,18.233095169067383,36.3761100769043,15.585410118103027,60.44389343261719,33.39142608642578
2015-04-01,115.5999984741211,97.10149383544922,25.08451271057129,15.912787437438965,45.511863708496094,18.206695556640625,36.42087936401367,15.59943675994873,59.835289001464844,33.24519348144531
2015-04-02,115.27999877929688,96.07266998291016,25.13626480102539,15.992050170898438,45.53651428222656,18.20229721069336,36.66716384887695,15.6274995803833,60.0186882019043,33.54209518432617
2015-04-06,116.69000244140625,95.53614044189453,25.589040756225586,16.018470764160156,45.88154983520508,18.378286361694336,36.95823287963867,15.84499454498291,60.110382080078125,33.70164108276367
2015-04-07,116.11000061035156,96.33718872070312,25.605228424072266,15.93260669708252,45.7747688293457,18.338685989379883,36.78659439086914,15.66258716583252,60.252140045166016,33.515506744384766
2015-04-08,115.47000122070312,96.36660766601562,25.398231506347656,15.992050170898438,45.93084716796875,18.39588737487793,36.84629440307617,15.616978645324707,60.76069641113281,33.83014678955078
2015-04-09,114.66999816894531,95.11726379394531,25.805744171142578,16.018470764160156,46.15265655517578,18.44428825378418,36.95076370239258,15.550333023071289,61.219234466552734,33.861175537109375
2015-04-10,115.97000122070312,95.25688171386719,25.91893768310547,16.01186752319336,46.801658630371094,18.514684677124023,37.01793670654297,15.666089057922363,61.744468688964844,33.97639846801758
2015-04-13,115.13999938964844,95.38915252685547,25.660202026367188,16.071313858032227,46.3580322265625,18.461889266967773,36.84629440307617,15.511747360229492,61.41102600097656,33.79026794433594
2015-04-14,114.44000244140625,96.06524658203125,26.122690200805664,16.071313858032227,46.41552734375,18.404691696166992,36.92837905883789,15.588920593261719,61.511043548583984,33.77254104614258
2015-04-15,115.43000030517578,95.98442840576172,26.746902465820312,16.130769729614258,46.49768829345703,18.567481994628906,36.82390594482422,15.6274995803833,61.66944122314453,33.77254104614258
2015-04-16,115.02999877929688,95.50675201416016,26.685441970825195,16.15719223022461,46.39909744262695,18.501489639282227,36.95823287963867,15.525775909423828,61.6360969543457,33.839019775390625
2015-04-17,115.5999984741211,96.60169982910156,26.491392135620117,15.939202308654785,45.840484619140625,18.246295928955078,36.614933013916016,15.469651222229004,61.102516174316406,33.33824920654297
2015-04-20,114.72000122070312,95.74927520751953,26.59166145324707,16.005258560180664,46.37445831298828,18.55868148803711,36.74181365966797,15.701163291931152,61.477684020996094,33.706058502197266
2015-04-21,115.37999725341797,95.315673828125,26.310274124145508,15.925996780395508,46.31695556640625,18.54988670349121,36.80896759033203,15.5608549118042,61.88623809814453,33.74151611328125
2015-04-22,113.83000183105469,93.86058807373047,26.484920501708984,16.03829574584961,46.51412582397461,18.739072799682617,36.83137512207031,15.592425346374512,61.986244201660156,33.77254104614258
2015-04-23,114.66000366210938,94.26480102539062,26.666038513183594,16.064708709716797,46.46482849121094,18.813875198364258,36.70448684692383,15.680122375488281,62.219661712646484,33.940921783447266
2015-04-24,113.05000305175781,94.85272216796875,26.5140323638916,16.03829574584961,46.267662048339844,18.97667121887207,36.71196365356445,15.837972640991211,62.01960754394531,34.401817321777344
2015-04-27,115.33000183105469,94.85272216796875,26.484920501708984,15.978838920593262,46.25123977661133,19.02947235107422,36.51043701171875,15.64855670928955,60.894081115722656,34.1004638671875
2015-04-28,116.33000183105469,93.5445785522461,26.61752700805664,16.071313858032227,46.33339309692383,19.09107208251953,36.547760009765625,15.760798454284668,61.1942253112793,33.98081970214844
2015-04-29,115.51000213623047,92.39814758300781,26.824508666992188,16.064708709716797,46.10335922241211,18.998676300048828,36.21937942504883,15.694154739379883,60.635643005371094,33.750370025634766
2015-04-30,113.47000122070312,92.55979919433594,26.74043083190918,15.939202308654785,45.70083236694336,18.734676361083984,36.09996032714844,15.511747360229492,59.785247802734375,33.37369918823242
2015-05-01,113.08000183105469,91.31383514404297,26.801883697509766,16.077917098999023,46.275882720947266,18.963468551635742,36.42835235595703,15.59943675994873,60.5939826965332,33.8345832824707
2015-05-04,114.0999984741211,90.45225524902344,26.733959197998047,16.236459732055664,46.349815368652344,18.981075286865234,36.4805793762207,15.715200424194336,60.97747039794922,33.905479431152344
2015-05-05,114.41999816894531,90.32704162597656,26.404069900512695,16.09113311767578,45.725467681884766,18.686277389526367,36.18952941894531,15.36441707611084,60.2104606628418,33.550960540771484
2015-05-06,114.36000061035156,88.78055572509766,26.300579071044922,16.01186752319336,45.70083236694336,18.527883529663086,36.301483154296875,15.280226707458496,59.977012634277344,33.41358947753906
2015-05-07,113.41999816894531,89.9736099243164,26.015968322753906,16.12415885925293,45.939064025878906,18.66427993774414,36.39103698730469,15.33635139465332,60.260475158691406,33.58641815185547
2015-05-08,113.97000122070312,90.2165756225586,26.442880630493164,16.35535430908203,46.481258392333984,18.932676315307617,36.69701385498047,15.445098876953125,61.23590850830078,33.94536209106445
2015-05-11,113.52999877929688,88.02213287353516,25.9448184967041,16.295900344848633,46.44017791748047,18.835874557495117,36.547760009765625,15.339858055114746,61.269256591796875,33.79469680786133
2015-05-12,114.5,88.25041198730469,26.064470291137695,16.236459732055664,46.39088821411133,18.734676361083984,36.465660095214844,15.322319030761719,60.877418518066406,33.73265838623047
2015-05-13,116.55000305175781,87.54347229003906,25.996557235717773,16.243057250976562,46.48947525024414,18.813875198364258,36.45072937011719,15.171479225158691,60.944114685058594,33.51993179321289
2015-05-14,117.18000030517578,87.7790756225586,25.986846923828125,16.388381958007812,46.95773696899414,19.117464065551758,37.01048278808594,15.346878051757812,61.78615188598633,33.67061233520508
2015-05-15,117.52999877929688,89.53910827636719,26.090343475341797,16.315715789794922,46.916664123535156,19.055871963500977,37.12987518310547,15.54682445526123,61.911216735839844,33.940921783447266
2015-05-18,117.5199966430664,88.03681182861328,26.112995147705078,16.408203125,47.007022857666016,19.148277282714844,37.01048278808594,15.606463432312012,62.27806091308594,34.06944274902344
2015-05-19,115.88999938964844,87.25625610351562,25.74104881286621,16.50067138671875,46.87558364868164,19.099868774414062,36.9134635925293,15.641533851623535,62.569854736328125,34.060585021972656
2015-05-20,116.08000183105469,87.40351104736328,25.789566040039062,16.454437255859375,46.70305252075195,19.113069534301758,36.83137512207031,15.666089057922363,62.653221130371094,34.020694732666016
2015-05-21,115.69000244140625,88.62596130371094,26.032136917114258,16.41480255126953,46.95773696899414,19.19666290283203,36.9134635925293,15.65907096862793,62.66154479980469,34.153656005859375
2015-05-22,115.5999984741211,88.66277313232422,25.938344955444336,16.421417236328125,46.74414825439453,19.183473587036133,36.75674057006836,15.634521484375,62.51150131225586,34.096038818359375
2015-05-26,113.91000366210938,90.17976379394531,25.52759552001953,16.236459732055664,46.234798431396484,18.906274795532227,36.465660095214844,15.536295890808105,61.87785720825195,33.85230255126953
2015-05-27,113.88999938964844,90.38599395751953,25.482322692871094,16.41480255126953,46.53053665161133,19.262664794921875,36.69701385498047,15.59943675994873,62.594852447509766,34.10490417480469
2015-05-28,114.0199966430664,90.16507720947266,25.382062911987305,16.394990921020508,46.308746337890625,19.223068237304688,36.6447868347168,15.634521484375,62.63653564453125,34.04729461669922
2015-05-29,114.0999984741211,90.36386108398438,25.35295295715332,16.24966812133789,45.848690032958984,19.0822696685791,36.413421630859375,15.609967231750488,62.47815704345703,33.81242752075195
2015-06-01,114.0,89.39266204833984,25.28826904296875,16.262876510620117,46.05406188964844,19.135061264038086,36.413421630859375,15.631012916564941,62.72828674316406,33.90991973876953
2015-06-02,114.45999908447266,88.1454849243164,25.462919235229492,16.289297103881836,46.14443588256836,19.095470428466797,36.31639862060547,15.42404842376709,62.31974411010742,33.98527145385742
2015-06-03,113.63999938964844,86.72848510742188,25.28826904296875,16.428014755249023,46.37445831298828,19.135061264038086,36.29401779174805,15.196041107177734,62.43645095825195,34.25114059448242
2015-06-04,112.83999633789062,87.85767364501953,24.9454402923584,16.282691955566406,45.856903076171875,18.95907211303711,36.03278732299805,15.174989700317383,62.00291061401367,34.00741195678711
2015-06-05,112.23999786376953,86.78758239746094,25.12009048461914,16.375171661376953,45.88976287841797,18.897472381591797,35.51781463623047,14.985562324523926,61.97791290283203,33.90991973876953
2015-06-08,112.56999969482422,86.69161224365234,24.977783203125,16.276090621948242,45.55295181274414,18.686277389526367,35.50289535522461,14.897868156433105,61.66944122314453,33.67061233520508
2015-06-09,112.81999969482422,86.00531005859375,24.97454833984375,16.315715789794922,45.54472732543945,18.64228630065918,35.67454528808594,14.862788200378418,61.65275573730469,33.63515853881836
2015-06-10,113.77999877929688,85.25248718261719,25.28179931640625,16.546916961669922,45.99656295776367,18.932676315307617,36.02531814575195,14.936457633972168,62.41144943237305,33.98081970214844
2015-06-11,113.26000213623047,87.04583740234375,25.16860008239746,16.61296844482422,46.25944900512695,18.941476821899414,36.01039505004883,15.05572509765625,62.83662033081055,34.096038818359375
2015-06-12,113.2300033569336,87.04583740234375,24.887231826782227,16.540313720703125,45.98834991455078,18.77427101135254,35.86859893798828,14.922428131103516,62.06130599975586,33.940921783447266
2015-06-15,113.7300033569336,87.18606567382812,24.82900619506836,16.467647552490234,45.60222625732422,18.659879684448242,35.60738754272461,14.897868156433105,62.13631820678711,33.781402587890625
2015-06-16,113.31999969482422,87.87239837646484,25.02305793762207,16.560129165649414,45.64331817626953,18.783082962036133,35.99546813964844,14.968027114868164,62.44477844238281,33.98527145385742
2015-06-17,113.8499984741211,87.19348907470703,24.96161651611328,16.540313720703125,45.76654815673828,18.791873931884766,36.18952941894531,15.094311714172363,62.50316619873047,34.14036178588867
2015-06-18,115.31999969482422,86.76543426513672,24.9454402923584,16.69223976135254,46.2265739440918,18.95907211303711,36.592533111572266,15.294258117675781,63.38688278198242,34.552486419677734
2015-06-19,115.12000274658203,87.87982177734375,24.71396255493164,16.41359519958496,46.002037048339844,18.80129051208496,36.541465759277344,15.146652221679688,63.33754348754883,34.431121826171875
2015-06-22,113.63999938964844,86.08648681640625,25.01673126220703,16.66570472717285,46.28271484375,18.955976486206055,36.68415451049805,15.125411033630371,63.83112716674805,34.62228775024414
2015-06-23,112.88999938964844,85.5698471069336,25.098134994506836,16.698871612548828,46.167144775390625,18.96923828125,36.52644729614258,14.920108795166016,63.956600189208984,34.76009750366211
2015-06-24,112.58999633789062,86.3078842163086,24.941858291625977,16.559551239013672,45.73782730102539,18.880842208862305,36.36124801635742,14.803292274475098,63.312435150146484,34.5200309753418
2015-06-25,112.44000244140625,86.00531005859375,24.68792152404785,16.46002960205078,45.38282012939453,18.836645126342773,36.29365921020508,14.704182624816895,63.66378402709961,34.493350982666016
2015-06-26,112.55999755859375,85.03854370117188,24.769311904907227,16.51310920715332,45.46540451049805,18.677541732788086,36.36875534057617,14.792671203613281,63.57176971435547,34.631168365478516
2015-06-29,113.06999969482422,87.28939819335938,24.300493240356445,16.115032196044922,44.60675811767578,18.27977180480957,35.80553436279297,14.714797019958496,62.015724182128906,33.84874725341797
2015-06-30,112.37000274658203,86.68424224853516,24.46977996826172,16.17475700378418,44.631534576416016,18.29745101928711,35.74546432495117,14.675861358642578,62.23323440551758,33.99989700317383
2015-07-01,111.9800033569336,85.51419067382812,24.157238006591797,16.42021942138672,44.854454040527344,18.42119598388672,36.20354461669922,14.764355659484863,62.90250778198242,34.386661529541016
2015-07-02,111.76000213623047,85.79524993896484,24.264677047729492,16.347248077392578,44.77189254760742,18.447717666625977,36.17350769042969,14.948420524597168,62.60969161987305,34.31999206542969
2015-07-06,112.05999755859375,87.38542175292969,23.945621490478516,16.280908584594727,44.59852600097656,18.37257957458496,36.14346694946289,15.00859546661377,62.584617614746094,34.25328826904297
2015-07-07,110.76000213623047,88.2064208984375,24.163747787475586,16.314077377319336,44.96176528930664,18.399099349975586,36.88690948486328,15.380271911621094,62.88577651977539,34.5511589050293
2015-07-08,111.08999633789062,88.96813201904297,23.67538833618164,16.02879524230957,44.15269470214844,18.09856414794922,36.47389221191406,15.298863410949707,61.806602478027344,33.89319610595703
2015-07-09,111.36000061035156,87.21531677246094,23.795854568481445,16.15485382080078,44.2600212097168,18.027843475341797,36.503929138183594,15.128949165344238,62.14118957519531,34.035465240478516
2015-07-10,111.48999786376953,85.83220672607422,23.92608642578125,16.347248077392578,44.72235870361328,18.315128326416016,36.931968688964844,15.210363388061523,62.97780227661133,34.52892303466797
2015-07-13,110.98999786376953,85.56592559814453,24.095378875732422,16.546276092529297,45.217708587646484,18.593563079833984,37.27741241455078,15.21744441986084,63.513221740722656,35.02682876586914
2015-07-14,110.73999786376953,85.8470230102539,24.26793670654297,16.586088180541992,45.34154510498047,18.664281845092773,37.33749008178711,15.196206092834473,64.14901733398438,35.0712890625
2015-07-15,110.16000366210938,86.75677490234375,23.84143829345703,16.725406646728516,45.15165710449219,18.668697357177734,37.239864349365234,15.270540237426758,64.23267364501953,35.03572082519531
2015-07-16,109.76000213623047,87.35581970214844,23.87399673461914,16.891273498535156,45.35806655883789,18.9073543548584,37.62284469604492,15.497082710266113,64.53385162353516,35.249114990234375
2015-07-17,108.6500015258789,87.8069839477539,23.584238052368164,16.84482765197754,45.34154510498047,19.199058532714844,37.60032272338867,15.344876289367676,64.39160919189453,35.18687057495117
2015-07-20,105.69999694824219,87.43714141845703,23.271690368652344,16.864736557006836,45.34980773925781,19.30071258544922,37.667903900146484,15.267001152038574,64.60076904296875,35.204647064208984
2015-07-21,105.37000274658203,87.9105224609375,23.28145408630371,16.84482765197754,44.86269760131836,19.172544479370117,37.577789306640625,15.128949165344238,64.31632995605469,35.09352493286133
2015-07-22,104.80000305175781,88.4578628540039,23.092626571655273,16.97088050842285,44.66455841064453,18.863170623779297,37.660396575927734,15.196206092834473,64.45856475830078,35.26243591308594
2015-07-23,104.33000183105469,89.55989837646484,23.073101043701172,16.82492446899414,44.251766204833984,18.823387145996094,37.51771545410156,14.9696626663208,64.22429656982422,35.053497314453125
2015-07-24,105.3499984741211,89.78179168701172,22.630311965942383,16.66570472717285,43.673858642578125,18.721738815307617,37.30745315551758,14.983821868896484,62.618072509765625,35.053497314453125
2015-07-27,104.86000061035156,90.26252746582031,22.304746627807617,16.546276092529297,43.459205627441406,18.553791046142578,37.284915924072266,15.174966812133789,62.55950927734375,34.79120635986328
2015-07-28,105.0199966430664,89.60425567626953,22.942859649658203,16.612628936767578,44.301307678222656,18.721738815307617,37.70545196533203,15.245760917663574,63.68889236450195,35.062400817871094
2015-07-29,105.16999816894531,89.27140808105469,23.255407333374023,16.778486251831055,44.8462028503418,18.845489501953125,37.83311080932617,15.302397727966309,63.797637939453125,35.422481536865234
2015-07-30,104.2699966430664,89.95928192138672,23.092626571655273,16.778486251831055,44.80491256713867,18.880842208862305,37.70545196533203,15.415675163269043,63.70561599731445,35.55141830444336
2015-07-31,104.93000030517578,90.62493133544922,22.587993621826172,16.725406646728516,44.763633728027344,18.8189754486084,37.780555725097656,15.571423530578613,64.0737075805664,35.66254806518555
2015-08-03,104.0999984741211,91.57887268066406,22.112661361694336,16.705509185791016,44.54898452758789,18.717317581176758,37.83311080932617,15.652838706970215,64.02352142333984,35.54252243041992
2015-08-04,104.30999755859375,90.8525161743164,22.037782669067383,16.678966522216797,44.52421569824219,18.606826782226562,37.83311080932617,15.401515007019043,63.990055084228516,35.69365692138672
2015-08-05,103.93000030517578,90.17056274414062,21.871742248535156,16.74531364440918,44.77189254760742,18.788028717041016,38.16352844238281,15.440451622009277,64.52546691894531,35.30690002441406
2015-08-06,104.38999938964844,90.9710693359375,22.22010040283203,16.685606002807617,44.54072952270508,18.602405548095703,37.878173828125,15.521859169006348,63.12001419067383,34.8267707824707
2015-08-07,104.6500015258789,92.1644515991211,21.82291030883789,16.71877670288086,44.32606887817383,18.615671157836914,37.667903900146484,15.713008880615234,63.01124954223633,34.80010986328125
2015-08-10,105.72000122070312,91.02298736572266,22.51962661743164,16.87799835205078,45.19295120239258,18.9073543548584,37.810585021972656,15.649300575256348,63.52158737182617,35.08018112182617
2015-08-11,106.26000213623047,92.4683609008789,22.561946868896484,16.725406646728516,44.63979721069336,18.624500274658203,37.675411224365234,15.72716999053955,62.98616027832031,34.764530181884766
2015-08-12,107.75,91.96431732177734,22.972164154052734,16.572818756103516,44.64805603027344,18.70847511291504,37.69794845581055,16.00681495666504,63.02800750732422,34.6133918762207
2015-08-13,106.86000061035156,91.66781616210938,22.623802185058594,16.632532119750977,44.615028381347656,18.65544319152832,37.54775619506836,16.010347366333008,62.88577651977539,34.81344985961914
2015-08-14,106.8499984741211,91.8827896118164,22.574979782104492,16.751951217651367,44.895729064941406,18.74825096130371,37.667903900146484,16.130704879760742,63.06143569946289,34.83566665649414
2015-08-17,107.12999725341797,92.29792022705078,22.623802185058594,16.785125732421875,45.11863708496094,18.854326248168945,37.70545196533203,16.208574295043945,63.697269439697266,35.16909408569336
2015-08-18,107.11000061035156,91.57147216796875,22.539155960083008,16.7718448638916,45.036075592041016,18.75710105895996,37.51771545410156,16.169645309448242,63.605224609375,35.200199127197266
2015-08-19,108.55000305175781,92.47578430175781,21.917322158813477,16.619258880615234,44.615028381347656,18.63334083557129,37.172271728515625,16.23689842224121,63.345909118652344,35.137962341308594
2015-08-20,110.44000244140625,93.40972900390625,21.422452926635742,16.267641067504883,43.690364837646484,18.178115844726562,36.8343505859375,16.14132308959961,61.873512268066406,34.15105056762695
2015-08-21,111.12999725341797,93.69137573242188,20.673643112182617,15.683804512023926,42.48500442504883,17.484228134155273,35.828060150146484,15.946636199951172,59.982818603515625,33.05744171142578
2015-08-24,110.52999877929688,93.66172790527344,19.563461303710938,15.013727188110352,40.97417068481445,16.79475975036621,34.58147048950195,15.348418235778809,57.43128204345703,31.737091064453125
2015-08-25,109.16000366210938,92.15707397460938,19.28021240234375,14.814697265625,40.437530517578125,16.662174224853516,34.31865310668945,14.87762451171875,56.8540153503418,31.608156204223633
2015-08-26,107.66999816894531,90.37808990478516,19.944372177124023,15.371987342834473,41.7006721496582,17.50190544128418,35.33243942260742,15.143115997314453,59.25502395629883,32.808475494384766
2015-08-27,107.7300033569336,90.4299545288086,20.930849075317383,15.750151634216309,42.70790100097656,17.908517837524414,35.8505973815918,15.320096015930176,60.40949630737305,33.57756042480469
2015-08-28,108.69999694824219,90.69686126708984,21.40618133544922,15.677167892456055,42.724422454833984,17.943872451782227,35.7755126953125,15.274077415466309,60.06648254394531,33.59088897705078
2015-08-31,108.81999969482422,90.00005340576172,21.627565383911133,15.544483184814453,42.34465026855469,17.780351638793945,35.527687072753906,15.029838562011719,58.970577239990234,33.33306121826172
2015-09-01,109.19999694824219,90.64854431152344,20.865726470947266,15.040264129638672,41.22184753417969,17.210206985473633,34.79925537109375,14.622760772705078,57.422889709472656,32.488407135009766
2015-09-02,108.62000274658203,89.86858367919922,21.057811737060547,15.245931625366211,42.13824462890625,17.625656127929688,35.27235412597656,14.633384704589844,58.60245895385742,33.17301940917969
2015-09-03,107.83999633789062,90.30685424804688,21.116424560546875,15.332184791564941,42.16300964355469,17.638916015625,35.512657165527344,14.70063591003418,58.18418502807617,33.18635559082031
2015-09-04,107.48999786376953,91.13142395019531,20.7680606842041,15.02699089050293,41.576847076416016,17.369321823120117,34.93442916870117,14.49887466430664,57.456363677978516,32.8306999206543
2015-09-08,107.5199966430664,89.78681182861328,21.0936336517334,15.411787986755371,42.724422454833984,17.855480194091797,35.662864685058594,14.806836128234863,59.062591552734375,33.59088897705078
2015-09-09,106.12999725341797,90.21771240234375,20.69643783569336,15.199488639831543,42.27035140991211,17.62123680114746,35.077110290527344,14.622760772705078,58.15072250366211,33.230796813964844
2015-09-10,106.37999725341797,89.60860443115234,20.8169002532959,15.272467613220215,42.29511642456055,17.798023223876953,35.137184143066406,14.597986221313477,58.71124267578125,33.32417297363281
2015-09-11,106.16000366210938,90.17316436767578,20.63132095336914,15.338810920715332,42.52627944946289,17.88199234008789,35.36997985839844,14.707720756530762,59.08769226074219,33.573116302490234
2015-09-14,106.22000122070312,90.31429290771484,20.452260971069336,15.305644989013672,42.311607360839844,17.837800979614258,35.25733947753906,14.743115425109863,58.903648376464844,33.39529800415039
2015-09-15,105.9000015258789,88.58346557617188,20.680160522460938,15.524580955505371,43.04640197753906,18.067623138427734,35.67787170410156,14.820991516113281,59.74857711791992,33.746482849121094
2015-09-16,107.30999755859375,88.24917602539062,21.266183853149414,15.624099731445312,43.36012268066406,18.142749786376953,36.08339309692383,14.9696626663208,59.91592025756836,34.128822326660156
2015-09-17,108.41000366210938,89.32630920410156,21.25316047668457,15.405153274536133,43.170249938964844,18.01900863647461,36.08339309692383,15.174966812133789,60.459693908691406,34.21773147583008
2015-09-18,109.20999908447266,90.70053100585938,20.694955825805664,15.107146263122559,42.216514587402344,17.785037994384766,35.66618347167969,15.089566230773926,59.53696060180664,33.67288589477539
2015-09-21,108.52999877929688,89.22229766845703,20.813018798828125,15.280486106872559,42.42402648925781,17.96261978149414,35.93071365356445,15.150307655334473,58.74771499633789,33.96739959716797
2015-09-22,107.79000091552734,90.46286010742188,20.593284606933594,15.087145805358887,41.809791564941406,17.66072654724121,35.5377082824707,14.96093463897705,58.38665771484375,33.51669692993164
2015-09-23,108.22000122070312,90.4554443359375,20.3276309967041,15.093814849853516,41.51926803588867,17.705129623413086,35.598167419433594,15.000244140625,58.327911376953125,33.42744445800781
2015-09-24,110.48999786376953,91.07198333740234,20.416179656982422,14.98714542388916,41.26194381713867,17.705129623413086,35.658626556396484,15.121729850769043,57.731781005859375,33.33820724487305
2015-09-25,109.80999755859375,90.28457641601562,20.455535888671875,15.207151412963867,41.3449592590332,17.674049377441406,35.8853645324707,15.268227577209473,56.15330505371094,33.333740234375
2015-09-28,108.41999816894531,91.82967376708984,19.638893127441406,14.853799819946289,40.531497955322266,17.270042419433594,35.35630798339844,15.19318962097168,53.97871398925781,32.374332427978516
2015-09-29,107.9800033569336,92.08969116210938,19.609373092651367,14.880472183227539,40.797122955322266,17.194578170776367,35.34119415283203,15.196763038635254,54.474082946777344,32.267234802246094
2015-09-30,106.86000061035156,91.7702865600586,20.071809768676758,15.107146263122559,41.411354064941406,17.536420822143555,35.66618347167969,15.468321800231934,55.607574462890625,33.13739776611328
2015-10-01,106.7300033569336,92.16178894042969,20.111162185668945,15.113815307617188,41.320037841796875,17.545305252075195,35.66618347167969,15.286100387573242,56.17009735107422,33.382816314697266
2015-10-02,108.98999786376953,92.72008514404297,20.940933227539062,15.133822441101074,41.842987060546875,17.793920516967773,36.1574592590332,15.489766120910645,57.33719253540039,33.860294342041016
2015-10-05,108.7699966430664,91.46207427978516,21.57391357421875,15.453824996948242,43.029972076416016,18.144649505615234,36.77720642089844,15.68985652923584,57.48829650878906,34.36007308959961
2015-10-06,109.86000061035156,91.85657501220703,22.052751541137695,15.380491256713867,42.98846435546875,18.16684913635254,36.527809143066406,15.58266544342041,56.13652038574219,34.10572052001953
2015-10-07,109.69999694824219,91.5514144897461,22.331531524658203,15.500496864318848,43.55289840698242,18.251203536987305,36.860355377197266,15.529071807861328,57.03489685058594,34.22175598144531
2015-10-08,109.13999938964844,90.7846908569336,22.757896423339844,15.59383773803711,44.158836364746094,18.335552215576172,37.298709869384766,15.722023010253906,57.20281982421875,34.64120101928711
2015-10-09,110.87000274658203,91.02294921875,22.610309600830078,15.493826866149902,44.308250427246094,18.41546058654785,37.38185501098633,15.646988868713379,57.463104248046875,34.68138122558594
2015-10-12,111.30999755859375,91.71517944335938,22.31841468811035,15.50716495513916,44.31654739379883,18.43766212463379,37.480098724365234,15.786340713500977,57.61423110961914,34.84648513793945
2015-10-13,111.86000061035156,91.87145233154297,22.085546493530273,15.387154579162598,43.843414306640625,18.397706985473633,37.25337600708008,15.750609397888184,56.89217758178711,34.6590576171875
2015-10-14,113.80999755859375,92.67540740966797,22.275774002075195,15.260482788085938,43.370277404785156,18.362192153930664,36.82256317138672,15.747032165527344,56.78302764892578,34.3065185546875
2015-10-15,113.29000091552734,92.2213134765625,22.67589569091797,15.60716724395752,43.843414306640625,18.597490310668945,37.155113220214844,15.979288101196289,58.05082321166992,34.752777099609375
2015-10-16,112.48999786376953,92.25110626220703,22.705415725708008,15.70050048828125,43.619285583496094,18.633012771606445,37.51033401489258,16.000728607177734,58.57139205932617,34.935733795166016
2015-10-19,112.0199966430664,91.99803161621094,22.256092071533203,15.687167167663574,43.67740249633789,18.70404052734375,37.67661666870117,16.011449813842773,58.78129959106445,35.10083770751953
2015-10-20,112.7300033569336,91.4322738647461,22.31841468811035,15.78050708770752,43.96791076660156,18.655202865600586,37.65393829345703,16.065053939819336,57.85773468017578,35.05621337890625
2015-10-21,111.7300033569336,92.34046936035156,22.042909622192383,15.667165756225586,43.976226806640625,18.513134002685547,37.661502838134766,16.032888412475586,57.33719253540039,34.9000244140625
2015-10-22,111.69000244140625,92.49679565429688,22.439760208129883,15.920507431030273,45.2047004699707,18.93045997619629,38.40973663330078,16.218698501586914,56.992916107177734,35.35964584350586
2015-10-23,111.5,91.7077407836914,22.387283325195312,16.093843460083008,45.37070846557617,19.45877456665039,38.34927749633789,15.932840347290039,58.21037673950195,35.53365707397461
2015-10-26,111.43000030517578,92.31812286376953,21.839569091796875,16.027175903320312,45.27111053466797,19.383296966552734,38.27370071411133,15.875667572021484,58.43706130981445,35.7835693359375
2015-10-27,111.68000030517578,92.54885864257812,21.577198028564453,15.933842658996582,44.77307891845703,19.272308349609375,38.326602935791016,15.818497657775879,59.51176452636719,35.61399841308594
2015-10-28,110.77999877929688,92.17669677734375,22.0560359954834,16.307193756103516,45.130001068115234,19.56087875366211,38.107418060302734,15.650561332702637,60.00712203979492,35.95314407348633
2015-10-29,109.72000122070312,90.71025085449219,22.16754150390625,16.287187576293945,45.105079650878906,19.50760269165039,38.122535705566406,15.561233520507812,60.27582550048828,36.05577087402344
2015-10-30,109.30000305175781,91.39507293701172,22.31184959411621,16.05384635925293,45.04698944091797,19.378864288330078,37.69928741455078,15.63269329071045,59.897979736328125,36.13163375854492
2015-11-02,108.58999633789062,90.97506713867188,22.833324432373047,16.273855209350586,45.569923400878906,19.552001953125,37.926029205322266,15.650561332702637,61.1741828918457,36.296722412109375
2015-11-03,106.9800033569336,90.2290267944336,23.417118072509766,16.300521850585938,45.603126525878906,19.65411376953125,37.74463653564453,15.697005271911621,60.955894470214844,36.4350700378418
2015-11-04,105.97000122070312,90.33349609375,23.207210540771484,16.253849029541016,45.47862243652344,19.676307678222656,37.58591842651367,15.779194831848145,60.68722152709961,36.19856643676758
2015-11-05,105.63999938964844,90.09478759765625,23.01043128967285,16.320526123046875,45.53672790527344,19.61859130859375,37.5783576965332,15.64340877532959,60.494110107421875,36.327972412109375
2015-11-06,104.0999984741211,88.7744140625,22.89236068725586,16.487192153930664,45.53672790527344,19.685192108154297,37.170223236083984,15.096718788146973,60.24222946166992,36.33243179321289
2015-11-09,104.4000015258789,88.2745590209961,22.666065216064453,16.307193756103516,45.188106536865234,19.494291305541992,36.920814514160156,15.136021614074707,59.780433654785156,35.83266830444336
2015-11-10,104.18000030517578,88.53567504882812,22.71526336669922,16.380523681640625,45.179813385009766,19.365543365478516,37.019073486328125,15.271799087524414,60.18345642089844,36.171791076660156
2015-11-11,103.83000183105469,88.34915161132812,22.23313331604004,16.32718849182129,45.2379035949707,19.356657028198242,36.966163635253906,15.404010772705078,59.58733367919922,35.95759201049805
2015-11-12,103.8499984741211,88.7744140625,21.728065490722656,16.08051300048828,44.62366485595703,19.187955856323242,36.46733856201172,15.257511138916016,58.55459976196289,35.622928619384766
2015-11-13,103.55999755859375,89.28162384033203,21.639516830444336,15.94717788696289,44.4244499206543,18.810592651367188,36.14990234375,15.200342178344727,58.4118537902832,34.68583679199219
2015-11-16,103.70999908447266,89.19962310791016,22.361040115356445,16.140514373779297,44.99718475341797,19.099157333374023,36.769657135009766,15.457608222961426,59.14234161376953,35.10529708862305
2015-11-17,102.33999633789062,89.34880828857422,22.115076065063477,16.107177734375,44.905879974365234,19.10360336303711,36.754547119140625,15.178898811340332,59.39421844482422,35.1722297668457
2015-11-18,102.43000030517578,89.53531646728516,22.479124069213867,16.39385986328125,45.52841567993164,19.39217758178711,37.26093673706055,15.275374412536621,60.55288314819336,35.7746467590332
2015-11-19,103.55999755859375,90.13212585449219,22.177383422851562,16.420522689819336,45.72763442993164,19.480968475341797,37.35919189453125,15.439739227294922,59.53696060180664,35.81926345825195
2015-11-20,103.08999633789062,89.85608673095703,21.94124412536621,16.447193145751953,45.96004104614258,19.623035430908203,37.09465408325195,15.504059791564941,60.04910659790039,36.24765396118164
2015-11-23,102.26000213623047,90.13212585449219,22.098669052124023,16.380523681640625,45.72763442993164,19.50760269165039,37.41963577270508,15.36113166809082,59.897979736328125,36.38152313232422
2015-11-24,102.94000244140625,90.12462615966797,22.57094955444336,16.333850860595703,45.652931213378906,19.51204490661621,37.517906188964844,15.339692115783691,60.08269119262695,36.3056755065918
2015-11-25,102.45999908447266,90.33349609375,22.387283325195312,16.34718894958496,45.652931213378906,19.449892044067383,37.616153717041016,15.24679183959961,60.41014099121094,36.48863220214844
2015-11-27,101.25,90.24402618408203,22.22657585144043,16.387189865112305,45.735931396484375,19.494291305541992,37.759761810302734,15.275374412536621,60.5277099609375,36.354740142822266
2015-11-30,101.91999816894531,90.60210418701172,22.30857276916504,16.373857498168945,45.4371223449707,19.516490936279297,37.35162353515625,15.300384521484375,59.70486831665039,36.04685592651367
2015-12-01,102.27999877929688,91.82587432861328,22.485675811767578,16.553861618041992,45.652931213378906,19.68962287902832,37.669063568115234,15.421875953674316,60.7124137878418,36.41721725463867
2015-12-02,100.69000244140625,91.8558120727539,21.790374755859375,16.360523223876953,45.188106536865234,19.565326690673828,37.480098724365234,15.07884693145752,60.20024871826172,36.10039138793945
2015-12-03,101.76000213623047,89.35888671875,21.354177474975586,16.093843460083008,44.62366485595703,19.312259674072266,37.283592224121094,14.964509963989258,58.88205337524414,35.55598449707031
2015-12-04,104.0199966430664,90.14380645751953,21.219707489013672,16.520524978637695,45.28771209716797,19.78729820251465,38.122535705566406,15.175326347351074,60.26740646362305,36.24319839477539
2015-12-07,102.66999816894531,91.01850128173828,20.412899017333984,16.3671875,45.06358337402344,19.68962287902832,38.228355407714844,15.243212699890137,59.93156051635742,36.09147644042969
2015-12-08,102.83999633789062,91.06338500976562,20.20299530029297,16.160503387451172,44.34143829345703,19.640790939331055,38.13009262084961,15.221778869628906,60.06592559814453,35.984375
2015-12-09,102.63999938964844,90.96614074707031,20.468656539916992,15.973841667175293,44.20863723754883,19.352216720581055,37.76731491088867,15.225351333618164,59.46139144897461,35.524742126464844
2015-12-10,102.55000305175781,91.08576202392578,20.59984016418457,15.987173080444336,44.41615676879883,19.405498504638672,37.812660217285156,14.975220680236816,59.90639114379883,35.64522933959961
2015-12-11,103.11000061035156,92.52108764648438,19.829111099243164,15.633837699890137,43.669105529785156,19.001493453979492,37.39697265625,14.93234634399414,59.02478790283203,34.833091735839844
2015-12-14,101.79000091552734,91.32501220703125,19.934059143066406,15.667165756225586,43.82681655883789,19.148000717163086,37.76731491088867,15.007386207580566,59.4110107421875,35.01158905029297
2015-12-15,101.5199966430664,90.78678131103516,20.435855865478516,16.033843994140625,43.83510971069336,19.232351303100586,38.0091667175293,15.125303268432617,60.18345642089844,35.20347213745117
2015-12-16,102.75,90.59236145019531,20.3013916015625,16.293851852416992,44.615360260009766,19.494291305541992,38.74229431152344,15.5076322555542,60.96430587768555,35.79249572753906
2015-12-17,100.5,91.6165542602539,19.802873611450195,16.060514450073242,43.87662887573242,19.187955856323242,38.243465423583984,15.539787292480469,60.30938720703125,35.20347213745117
2015-12-18,102.04000091552734,92.12491607666016,19.456050872802734,15.6311616897583,43.20771026611328,18.815832138061523,37.565853118896484,15.346643447875977,59.43500900268555,34.650089263916016
2015-12-21,103.1500015258789,92.10248565673828,19.47589874267578,15.7854585647583,43.54172897338867,19.007694244384766,37.99220657348633,15.33581829071045,59.97466278076172,34.8248291015625
2015-12-22,102.61000061035156,91.4371337890625,19.704252243041992,15.933049201965332,44.14301681518555,19.146015167236328,38.48710632324219,15.465780258178711,60.37936782836914,35.08024978637695
2015-12-23,102.30999755859375,90.74937438964844,20.561389923095703,16.12088966369629,44.660770416259766,19.306642532348633,38.768821716308594,15.704050064086914,61.02861785888672,35.25947189331055
2015-12-24,103.05000305175781,91.26927185058594,20.37606430053711,16.10747528076172,44.64405822753906,19.297718048095703,38.730751037597656,15.693218231201172,61.087642669677734,35.165374755859375
2015-12-28,102.2699966430664,91.53895568847656,20.005409240722656,16.09405517578125,44.543861389160156,19.28433609008789,38.67744445800781,15.7221040725708,60.800968170166016,35.25498962402344
2015-12-29,102.19999694824219,90.01818084716797,20.1444034576416,16.261768341064453,44.969757080078125,19.547584533691406,39.01244354248047,15.808747291564941,61.54292678833008,35.66274642944336
2015-12-30,101.41999816894531,89.92828369140625,19.873031616210938,16.147727966308594,44.593963623046875,19.38249397277832,38.87538528442383,15.794302940368652,61.28157424926758,35.375980377197266
2015-12-31,101.45999908447266,90.33283233642578,19.962387084960938,15.986715316772461,44.26826858520508,19.110319137573242,38.44142150878906,15.624626159667969,60.7335205078125,35.02199172973633
2016-01-04,102.88999938964844,90.984619140625,19.955768585205078,15.678121566772461,43.67536163330078,18.860456466674805,37.95414733886719,15.592133522033691,59.63739013671875,34.42156219482422
2016-01-05,103.18000030517578,90.61749267578125,20.03188705444336,15.738503456115723,43.79227066040039,18.81137466430664,38.19778060913086,15.704050064086914,59.9240608215332,34.37675094604492
2016-01-06,104.66999816894531,91.838623046875,19.260791778564453,15.496989250183105,43.1158447265625,18.579357147216797,38.06834411621094,15.675166130065918,59.43500900268555,34.04069900512695
2016-01-07,106.1500015258789,92.0034408569336,18.790855407714844,15.060917854309082,41.94670486450195,18.03053855895996,37.61152267456055,15.570475578308105,58.22930145263672,33.3416862487793
2016-01-08,105.68000030517578,92.41545104980469,18.54926872253418,14.826119422912598,41.52082061767578,17.887758255004883,37.32221984863281,15.563257217407227,57.35239791870117,32.983219146728516
2016-01-11,104.73999786376953,91.40408325195312,18.152143478393555,14.846245765686035,41.545875549316406,18.00375747680664,37.67244338989258,15.64629077911377,56.66941833496094,33.24311447143555
2016-01-12,104.20999908447266,92.7226333618164,18.195158004760742,14.960287094116211,41.879913330078125,18.217939376831055,37.87800216674805,15.584914207458496,57.39456558227539,33.610530853271484
2016-01-13,104.72000122070312,93.6366195678711,17.758317947387695,14.571191787719727,40.869441986083984,17.727128982543945,37.18516540527344,15.577692985534668,55.69136428833008,32.47690200805664
2016-01-14,103.0199966430664,92.76008605957031,18.522796630859375,14.698660850524902,41.353797912597656,18.06177520751953,37.36027526855469,15.812355995178223,57.18378448486328,32.70989227294922
2016-01-15,104.08000183105469,94.20594024658203,17.98667335510254,14.369933128356934,40.62727355957031,17.55311393737793,36.77402114868164,15.671562194824219,56.38276290893555,32.037776947021484
2016-01-19,103.9800033569336,93.91376495361328,17.599470138549805,14.363224983215332,40.61891555786133,17.57095718383789,37.21561813354492,15.906210899353027,56.374324798583984,32.15874481201172
2016-01-20,105.37000274658203,94.9026107788086,17.13283920288086,14.081462860107422,40.09280776977539,17.432649612426758,36.75118637084961,15.548811912536621,56.483943939208984,31.8764705657959
2016-01-21,105.48999786376953,94.25837707519531,17.66565704345703,14.021080017089844,40.26818084716797,17.530803680419922,36.895851135253906,15.534369468688965,56.3152961730957,32.28421401977539
2016-01-22,105.0,93.89879608154297,18.446678161621094,14.276009559631348,40.61891555786133,18.01715087890625,37.52779006958008,15.812355995178223,57.209049224853516,32.84880065917969
2016-01-25,106.08000183105469,94.4082260131836,17.586233139038086,13.987537384033203,40.11786651611328,17.80744171142578,37.19277572631836,15.67878246307373,56.6778678894043,32.472415924072266
2016-01-26,107.29000091552734,94.45318603515625,18.251420974731445,14.22234058380127,40.87779998779297,17.981456756591797,37.535404205322266,15.787084579467773,57.107887268066406,32.947364807128906
2016-01-27,107.69000244140625,94.4306869506836,18.165374755859375,14.168667793273926,40.41849136352539,17.61111831665039,37.49733352661133,15.823192596435547,56.45864486694336,32.43208694458008
2016-01-28,106.54000091552734,94.56556701660156,18.718050003051758,14.17538070678711,40.65231704711914,17.83867645263672,37.87800216674805,16.075891494750977,55.14329528808594,32.84880065917969
2016-01-29,106.94999694824219,95.36712646484375,19.264101028442383,14.571191787719727,41.74629592895508,18.40087890625,38.64698791503906,16.39719581604004,56.04548645019531,33.20725631713867
2016-02-01,108.05000305175781,95.07515716552734,18.943090438842773,14.510810852050781,41.64608383178711,18.467809677124023,38.776424407958984,16.552431106567383,56.12980270385742,33.40889358520508
2016-02-02,108.08999633789062,96.83905029296875,18.310985565185547,14.108295440673828,40.81099319458008,18.137622833251953,38.28153610229492,16.6246280670166,55.32036590576172,32.75918960571289
2016-02-03,109.25,96.03587341308594,18.962940216064453,14.121709823608398,41.47071838378906,18.115312576293945,38.19778060913086,16.830411911010742,55.68292236328125,32.674049377441406
2016-02-04,110.56999969482422,96.50126647949219,18.953022003173828,14.242465019226074,42.188899993896484,18.13316535949707,37.84754943847656,16.758207321166992,55.379371643066406,32.4858512878418
2016-02-05,112.31999969482422,96.61383819580078,18.512863159179688,14.054627418518066,41.78805160522461,17.6245059967041,37.78663635253906,16.812353134155273,54.30012893676758,31.437347412109375
2016-02-08,113.83000183105469,98.69293212890625,18.416893005371094,13.699069023132324,41.43729782104492,17.370180130004883,37.687660217285156,16.754596710205078,53.558135986328125,30.82794952392578
2016-02-09,113.58000183105469,98.79798889160156,17.97342872619629,13.678936958312988,41.68785095214844,17.289859771728516,37.93892288208008,16.812353134155273,53.954429626464844,30.778661727905273
2016-02-10,114.45999908447266,99.66862487792969,17.900623321533203,13.605143547058105,41.47071838378906,17.316635131835938,37.89323806762695,16.7943115234375,54.435028076171875,30.724895477294922
2016-02-11,119.05999755859375,100.36673736572266,17.824504852294922,13.189208984375,40.660675048828125,17.280933380126953,37.58869171142578,16.498275756835938,53.558135986328125,30.706958770751953
2016-02-12,118.36000061035156,98.70044708251953,18.294445037841797,13.746027946472168,41.479061126708984,17.521879196166992,38.12165832519531,16.447734832763672,54.274837493896484,31.27155303955078
2016-02-16,114.7699966430664,97.65711212158203,18.476459503173828,13.967413902282715,42.31416702270508,17.834211349487305,38.42618942260742,16.552431106567383,55.29507827758789,32.02881622314453
2016-02-17,115.4800033569336,97.05665588378906,19.08208656311035,14.155254364013672,42.96553421020508,18.200090408325195,38.822113037109375,16.51993751525879,55.99489974975586,32.7188606262207
2016-02-18,118.29000091552734,98.25008392333984,18.84380531311035,14.07475471496582,42.94047927856445,18.128704071044922,38.64698791503906,16.790700912475586,55.64920425415039,32.50376510620117
2016-02-19,117.58000183105469,98.33264923095703,18.800779342651367,14.07475471496582,42.856956481933594,18.142091751098633,38.70789337158203,16.67878532409668,55.590179443359375,32.593379974365234
2016-02-22,115.48999786376953,98.28010559082031,19.2806453704834,14.296134948730469,43.58348846435547,18.383033752441406,38.89825439453125,16.873729705810547,56.38276290893555,33.225181579589844
2016-02-23,117.22000122070312,98.67789459228516,18.62207794189453,14.041211128234863,43.14925003051758,18.09300422668457,38.890628814697266,16.888174057006836,55.96116256713867,33.041473388671875
2016-02-24,117.61000061035156,98.4827651977539,18.810712814331055,14.007664680480957,43.174293518066406,18.231321334838867,39.01244354248047,16.967594146728516,56.14665603637695,33.23415756225586
2016-02-25,117.91999816894531,98.83552551269531,18.827259063720703,14.202213287353516,43.74216842651367,18.458873748779297,39.45404815673828,17.140880584716797,56.84647750854492,33.56571578979492
2016-02-26,117.11000061035156,97.88226318359375,18.93977928161621,14.302848815917969,43.800628662109375,18.4097957611084,38.89825439453125,16.667953491210938,56.74531555175781,33.5298957824707
2016-02-29,118.63999938964844,98.31013488769531,18.724668502807617,14.148548126220703,43.52504348754883,18.280406951904297,38.768821716308594,16.714881896972656,55.8431282043457,33.355140686035156
2016-03-01,117.7699966430664,96.57904052734375,19.214458465576172,14.624861717224121,44.3768424987793,18.82474708557129,39.141868591308594,16.631855010986328,57.04043197631836,34.237850189208984
2016-03-02,118.68000030517578,96.97760009765625,19.684396743774414,14.785869598388672,44.410240173339844,18.878299713134766,39.25608825683594,16.718494415283203,57.133174896240234,34.206485748291016
2016-03-03,120.7300033569336,97.3310317993164,19.982240676879883,14.886503219604492,44.727577209472656,18.878299713134766,39.45404815673828,16.819576263427734,56.972984313964844,34.40812683105469
2016-03-04,120.54000091552734,96.70689392089844,20.174192428588867,14.946874618530273,44.911285400390625,18.927383422851562,39.62154769897461,17.007305145263672,56.83806610107422,34.37675094604492
2016-03-07,121.13999938964844,96.67678833007812,20.64743423461914,14.940169334411621,45.0449104309082,18.81137466430664,39.377891540527344,17.10116195678711,57.293373107910156,34.2288932800293
2016-03-08,120.58000183105469,97.74462127685547,19.780370712280273,14.698660850524902,44.410240173339844,18.69536590576172,39.49209976196289,17.270843505859375,56.59355163574219,33.96003341674805
2016-03-09,119.58000183105469,97.15050506591797,20.101383209228516,14.718782424926758,44.55221176147461,18.855985641479492,39.789031982421875,17.350271224975586,56.69472885131836,34.02725601196289
2016-03-10,121.5,96.7519760131836,20.11793327331543,14.70535945892334,44.48539733886719,18.8381404876709,39.80427169799805,17.364713668823242,56.72844696044922,34.11238479614258
2016-03-11,119.41000366210938,95.7744140625,20.63751220703125,15.087753295898438,45.128414154052734,19.12816619873047,39.93368911743164,17.38275718688965,57.8330078125,34.63664627075195
2016-03-14,117.87000274658203,96.07521057128906,20.501819610595703,15.040797233581543,45.17018127441406,19.150474548339844,39.91086196899414,17.404422760009766,57.5885009765625,34.76658248901367
2016-03-15,117.95999908447266,96.16539764404297,20.462114334106445,15.034090042114258,45.14512252807617,19.221872329711914,40.00984191894531,17.436906814575195,56.69472885131836,34.75763702392578
2016-03-16,120.58999633789062,96.451171875,20.816211700439453,15.000545501708984,45.30379104614258,19.44495964050293,40.1012077331543,17.70406150817871,56.559818267822266,35.0399055480957
2016-03-17,120.12999725341797,96.84976959228516,21.10082244873047,15.181678771972656,46.29755783081055,19.516347885131836,40.344844818115234,17.80153465270996,55.902137756347656,35.089202880859375
2016-03-18,119.80000305175781,97.05281066894531,21.1614933013916,15.316445350646973,46.69457244873047,19.54774284362793,40.29203414916992,17.688047409057617,56.55963134765625,35.1346435546875
2016-03-21,118.95999908447266,96.30831909179688,21.088159561157227,15.289494514465332,46.971561431884766,19.61501121520996,40.31499481201172,17.66986846923828,56.88965606689453,35.15262985229492
2016-03-22,119.30999755859375,96.28575134277344,20.97150421142578,15.242327690124512,46.70296096801758,19.619491577148438,40.077762603759766,17.611665725708008,57.45662307739258,35.09415054321289
2016-03-23,116.61000061035156,97.37616729736328,20.51154327392578,15.127769470214844,46.400794982910156,19.507383346557617,40.08540725708008,17.742612838745117,57.050411224365234,34.84668731689453
2016-03-24,116.33000183105469,97.41374969482422,20.611536026000977,15.033429145812988,46.2664794921875,19.561199188232422,40.039485931396484,17.789897918701172,57.025047302246094,34.89168167114258
2016-03-28,116.5999984741211,97.54158020019531,20.501537322998047,15.080601692199707,46.283294677734375,19.51186752319336,40.25376892089844,17.724424362182617,56.86427307128906,35.049156188964844
2016-03-29,118.76000213623047,98.56432342529297,20.598207473754883,15.107552528381348,46.585445404052734,19.81681251525879,40.55222702026367,17.986305236816406,57.52430725097656,35.40460205078125
2016-03-30,117.0999984741211,97.52654266357422,20.638200759887695,15.19515609741211,46.66939163208008,19.93340301513672,40.8200798034668,17.94266128540039,57.532779693603516,35.629573822021484
2016-03-31,117.63999938964844,98.2183837890625,20.62819480895996,15.161463737487793,46.560272216796875,19.89304542541504,40.60579299926758,18.04814338684082,57.355079650878906,35.58905792236328
2016-04-01,116.93000030517578,98.4745864868164,20.351560592651367,15.296236038208008,46.778507232666016,20.045515060424805,41.03436279296875,18.117246627807617,58.00663757324219,35.737545013427734
2016-04-04,116.1500015258789,98.53485870361328,20.20157241821289,15.222108840942383,46.249698638916016,19.969280242919922,41.04966354370117,18.04086685180664,58.70050811767578,35.45859909057617
2016-04-05,117.66000366210938,99.61245727539062,20.06492042541504,15.006478309631348,45.96430969238281,19.776451110839844,40.7741584777832,17.702600479125977,57.938934326171875,35.157142639160156
2016-04-06,116.94000244140625,98.88900756835938,20.498214721679688,15.0873441696167,46.19095230102539,19.969280242919922,41.095584869384766,17.680776596069336,59.49592971801758,35.49006271362305
2016-04-07,118.61000061035156,100.10979461669922,20.37822151184082,14.804327964782715,45.7460823059082,19.682275772094727,40.65171432495117,17.673500061035156,58.84434509277344,35.08964920043945
2016-04-08,118.43000030517578,99.476806640625,20.788185119628906,14.858232498168945,45.92234802246094,19.682275772094727,40.87364196777344,17.7680721282959,58.68360137939453,35.03566360473633
2016-04-11,120.02999877929688,99.34872436523438,20.70153045654297,14.918883323669434,45.93913269042969,19.628461837768555,40.58283233642578,17.691692352294922,58.23511505126953,34.905181884765625
2016-04-12,120.05000305175781,98.66302490234375,21.318140029907227,15.107552528381348,46.207733154296875,19.76300048828125,40.835384368896484,17.815353393554688,58.70897674560547,35.17063522338867
2016-04-13,118.7699966430664,99.00959014892578,21.41813087463379,15.451217651367188,46.896026611328125,19.964799880981445,40.52162170410156,17.706241607666016,59.25901412963867,35.665550231933594
2016-04-14,117.11000061035156,98.53485870361328,21.468124389648438,15.484910011291504,46.97996139526367,19.960311889648438,40.33795928955078,17.684419631958008,59.29283905029297,35.665550231933594
2016-04-15,117.91999816894531,99.37886810302734,21.178152084350586,15.431000709533691,47.0471305847168,19.884077072143555,40.59050369262695,17.782623291015625,59.25053787231445,35.7645378112793
2016-04-18,117.73999786376953,98.94937133789062,21.528121948242188,15.545555114746094,47.08908462524414,19.969280242919922,40.8200798034668,17.851730346679688,59.800567626953125,36.10198211669922
2016-04-19,119.58000183105469,98.64036560058594,21.958084106445312,15.740966796875,47.42484664916992,19.857173919677734,40.797119140625,17.880821228027344,60.01210021972656,35.90401840209961
2016-04-20,118.97000122070312,97.55528259277344,22.154735565185547,15.862257957458496,47.34928512573242,19.89752960205078,40.33795928955078,17.433443069458008,60.333675384521484,35.94902038574219
2016-04-21,119.41999816894531,96.9749755859375,22.024744033813477,15.720748901367188,47.231781005859375,19.825780868530273,39.618587493896484,17.06971549987793,60.68906784057617,35.82303237915039
2016-04-22,117.88999938964844,96.72632598876953,22.344722747802734,15.869001388549805,47.34928512573242,19.48047637939453,39.76399612426758,17.222482681274414,60.81601333618164,35.751041412353516
2016-04-25,118.2300033569336,96.32695007324219,22.09473419189453,15.835308074951172,47.12266540527344,19.484956741333008,40.039485931396484,17.255212783813477,60.57905960083008,35.791542053222656
2016-04-26,118.69999694824219,95.88986206054688,22.448043823242188,15.936384201049805,47.54235076904297,19.39078712463379,39.878780364990234,17.280672073364258,60.350589752197266,35.877010345458984
2016-04-27,119.04000091552734,96.84693908691406,22.874670028686523,15.963330268859863,47.87810516357422,19.301101684570312,40.070106506347656,17.531646728515625,60.28290939331055,35.841033935546875
2016-04-28,121.29000091552734,97.24629974365234,22.53470230102539,15.794873237609863,47.416439056396484,19.058940887451172,40.10837936401367,17.50619125366211,59.99518585205078,35.454078674316406
2016-04-29,123.6500015258789,97.49496459960938,22.49803352355957,15.707274436950684,47.139442443847656,18.89301109313965,40.024192810058594,17.611665725708008,59.0559196472168,35.63405227661133
2016-05-02,123.23999786376953,96.51341247558594,22.474714279174805,15.848783493041992,47.382869720458984,19.032032012939453,40.48335266113281,17.753524780273438,59.3944206237793,36.13346862792969
2016-05-03,122.95999908447266,97.72903442382812,21.94475555419922,15.646627426147461,46.99675750732422,18.85713768005371,40.40682601928711,17.738971710205078,59.2082405090332,35.80052947998047
2016-05-04,122.20999908447266,98.26515197753906,21.628114700317383,15.525341987609863,46.41757583618164,18.798839569091797,40.52928161621094,17.946298599243164,58.64126968383789,35.63856887817383
2016-05-05,122.06999969482422,98.92207336425781,21.804767608642578,15.51860237121582,46.39240264892578,18.80780601501465,40.53693389892578,17.87718963623047,58.88667297363281,35.40909957885742
2016-05-06,123.18000030517578,98.49919128417969,21.754770278930664,15.585982322692871,46.70296096801758,18.946823120117188,40.74354934692383,17.76079559326172,58.539737701416016,35.67005157470703
2016-05-09,120.6500015258789,98.80876159667969,21.438129425048828,15.545555114746094,46.49312210083008,18.946823120117188,40.965484619140625,17.862638473510742,59.2082405090332,35.7690315246582
2016-05-10,120.9800033569336,98.81634521484375,21.814760208129883,15.767919540405273,47.2905387878418,19.19346809387207,41.371089935302734,17.880821228027344,59.70746994018555,36.22795867919922
2016-05-11,122.12000274658203,99.37506103515625,21.88142967224121,15.59946060180664,46.896026611328125,19.05445098876953,41.042015075683594,17.946298599243164,58.98822784423828,35.499088287353516
2016-05-12,121.16000366210938,98.92207336425781,21.94142723083496,15.606201171875,46.79529571533203,19.000638961791992,41.263938903808594,18.05178451538086,58.64126968383789,35.56655502319336
2016-05-13,121.70999908447266,99.88101196289062,21.661439895629883,15.417518615722656,46.207733154296875,18.928884506225586,40.74354934692383,17.96448516845703,58.50587844848633,35.143638610839844
2016-05-16,121.80000305175781,99.02024841308594,22.028078079223633,15.498385429382324,46.778507232666016,19.19346809387207,41.003746032714844,17.986305236816406,59.30130386352539,35.36410140991211
2016-05-17,122.22000122070312,99.18629455566406,22.13140869140625,15.410789489746094,46.551876068115234,19.000638961791992,40.20020294189453,17.680776596069336,58.68360137939453,34.96367263793945
2016-05-18,120.0999984741211,97.77436065673828,21.918087005615234,15.680328369140625,46.39240264892578,19.036516189575195,39.733375549316406,17.349782943725586,58.928977966308594,34.761199951171875
2016-05-19,119.87000274658203,98.19715881347656,21.921415328979492,15.532075881958008,45.9559211730957,18.933372497558594,40.12367248535156,17.52437400817871,58.42972946166992,34.729713439941406
2016-05-20,119.70999908447266,98.2726821899414,22.051408767700195,15.639888763427734,46.19095230102539,19.162080764770508,39.91704559326172,17.56438636779785,58.971309661865234,34.95917892456055
2016-05-23,119.37000274658203,98.49164581298828,21.994747161865234,15.626415252685547,46.107017517089844,19.126203536987305,39.95531463623047,17.407983779907227,58.734371185302734,34.83769226074219
2016-05-24,117.30000305175781,98.05375671386719,22.104740142822266,15.862257957458496,46.585445404052734,19.484956741333008,40.29203414916992,17.582563400268555,59.58057403564453,35.25613021850586
2016-05-25,116.9800033569336,97.68370819091797,22.45470428466797,16.03072166442871,46.904415130615234,19.619491577148438,40.353275299072266,17.531646728515625,59.952880859375,35.4495849609375
2016-05-26,116.58000183105469,98.18960571289062,22.36138343811035,15.936384201049805,46.77011489868164,19.682275772094727,40.51396179199219,17.731693267822266,59.961326599121094,35.521583557128906
2016-05-27,115.62000274658203,98.04618072509766,22.374711990356445,16.04419708251953,46.94638442993164,19.776451110839844,40.55988311767578,17.76079559326172,60.232120513916016,35.68804931640625
2016-05-31,116.05999755859375,98.2802734375,22.288057327270508,16.00377082824707,46.937992095947266,19.81681251525879,40.299686431884766,17.87718963623047,60.3759880065918,35.65205383300781
2016-06-01,115.94000244140625,98.67898559570312,22.294723510742188,16.03746223449707,46.97996139526367,19.767484664916992,40.71294021606445,17.924467086791992,60.59597396850586,35.629573822021484
2016-06-02,115.66999816894531,99.39022064208984,22.264726638793945,16.071149826049805,47.038726806640625,19.749540328979492,40.72824478149414,17.93174934387207,61.374488830566406,35.8275260925293
2016-06-03,118.87999725341797,100.80511474609375,22.178064346313477,15.842041015625,46.99675750732422,19.704692840576172,40.988441467285156,18.21546173095703,61.17141342163086,35.59358215332031
2016-06-06,118.91999816894531,100.05603790283203,22.66802406311035,15.936384201049805,47.44162368774414,19.740571975708008,41.03436279296875,18.189990997314453,61.50141525268555,35.683536529541016
2016-06-07,118.81999969482422,100.29814147949219,23.18131446838379,15.902691841125488,47.66825485229492,19.821290969848633,40.988441467285156,18.175445556640625,61.120628356933594,35.72856140136719
2016-06-08,120.58000183105469,100.83538818359375,23.127986907958984,15.916166305541992,47.97042465209961,19.861658096313477,41.233333587646484,18.284564971923828,61.332176208496094,35.7690315246582
2016-06-09,121.25,101.48604583740234,22.951330184936523,15.801609992980957,47.962032318115234,19.86613655090332,41.39404296875,18.440967559814453,61.23065185546875,35.68804931640625
2016-06-10,121.73999786376953,101.97786712646484,22.45470428466797,15.606201171875,47.399654388427734,19.713668823242188,41.42464828491211,18.3936824798584,60.73983383178711,35.31461715698242
2016-06-13,122.63999938964844,102.43184661865234,22.388046264648438,15.498385429382324,46.887630462646484,19.493928909301758,41.08028030395508,18.37186050415039,60.25750732421875,35.12113952636719
2016-06-14,122.7699966430664,102.35621643066406,22.374711990356445,15.269278526306152,46.896026611328125,19.53877067565918,41.24098205566406,18.47006607055664,60.350589752197266,35.03116226196289
2016-06-15,123.68000030517578,102.74966430664062,22.321382522583008,15.289494514465332,46.91282272338867,19.48944091796875,41.11853790283203,18.35367774963379,59.935970306396484,35.13014602661133
2016-06-16,122.37999725341797,103.24897766113281,22.21472930908203,15.329924583435059,46.99675750732422,19.529802322387695,41.33281707763672,18.47006607055664,60.14751434326172,35.24262237548828
2016-06-17,123.94999694824219,102.60592651367188,22.4415283203125,15.317049026489258,47.03642272949219,19.399568557739258,41.1657600402832,18.53680992126465,59.523048400878906,35.18709182739258
2016-06-20,123.20999908447266,101.50875854492188,22.636117935180664,15.405122756958008,47.46686553955078,19.480680465698242,41.296630859375,18.467130661010742,59.896873474121094,35.50315475463867
2016-06-21,120.83999633789062,101.0396728515625,22.904516220092773,15.49319076538086,47.433109283447266,19.615867614746094,41.404422760009766,18.492801666259766,59.69295120239258,35.421875
2016-06-22,120.9000015258789,101.20611572265625,22.777023315429688,15.479640007019043,47.29806137084961,19.548280715942383,41.42751693725586,18.4047908782959,59.86287307739258,35.37221908569336
2016-06-23,120.11000061035156,100.0484619140625,23.15278434753418,15.804811477661133,47.84666061401367,19.81415557861328,41.68156433105469,18.456134796142578,60.6445198059082,35.71988296508789
2016-06-24,126.0,102.73445129394531,22.404619216918945,14.958006858825684,45.89701461791992,19.052587509155273,40.88089370727539,18.485471725463867,58.8858528137207,34.39240646362305
2016-06-27,126.68000030517578,105.2994155883789,21.6866512298584,14.531217575073242,44.81667709350586,18.669557571411133,40.796199798583984,18.71282386779785,58.09569549560547,33.76027297973633
2016-06-28,125.31999969482422,105.51886749267578,22.290552139282227,14.903809547424316,45.576290130615234,19.03907012939453,41.05027770996094,18.782495498657227,59.22570037841797,34.43305206298828
2016-06-29,125.83999633789062,104.70928192138672,22.713279724121094,15.242533683776855,46.386539459228516,19.331985473632812,41.527587890625,18.833833694458008,60.35563659667969,34.98841094970703
2016-06-30,126.47000122070312,105.09512329101562,22.89444351196289,15.486411094665527,47.272735595703125,19.54377555847168,42.45915985107422,19.240873336791992,60.92490005493164,35.24577713012695
2016-07-01,128.41000366210938,106.55433654785156,23.015226364135742,15.405122756958008,47.4246711730957,19.588838577270508,42.25897979736328,19.24454116821289,61.30720901489258,35.61152267456055
2016-07-05,129.47000122070312,107.88845825195312,22.552236557006836,15.17479133605957,46.994224548339844,19.444637298583984,42.497650146484375,19.38755226135254,61.24773406982422,35.32255935668945
2016-07-06,130.22999572753906,108.06283569335938,22.649539947509766,15.215435028076172,47.230533599853516,19.57982063293457,42.536155700683594,19.427886962890625,61.93589782714844,35.62506866455078
2016-07-07,129.74000549316406,108.05521392822266,22.418039321899414,15.235764503479004,47.357139587402344,19.57982063293457,42.45145797729492,19.068527221679688,61.84246826171875,35.7785758972168
2016-07-08,130.52000427246094,108.85111999511719,22.716632843017578,15.527063369750977,48.30242919921875,19.886249542236328,42.87489700317383,19.266538619995117,62.607093811035156,36.401695251464844
2016-07-11,129.2899932861328,107.89598846435547,22.760251998901367,15.615128517150879,48.60626983642578,20.00341033935547,42.88260269165039,19.251869201660156,62.43719482421875,36.61390686035156
2016-07-12,127.1500015258789,106.12224578857422,23.323883056640625,15.811585426330566,49.053592681884766,20.165639877319336,42.651634216308594,18.98784637451172,62.7430534362793,36.75839614868164
2016-07-13,128.32000732421875,107.37300109863281,23.12258529663086,15.811585426330566,49.17174530029297,20.170148849487305,42.89030075073242,19.13819694519043,62.71754837036133,36.57777404785156
2016-07-14,127.33000183105469,105.81153869628906,23.240013122558594,15.960626602172852,49.543113708496094,20.30083465576172,42.88260269165039,19.013521194458008,62.98940658569336,36.726776123046875
2016-07-15,126.83999633789062,104.90188598632812,23.226598739624023,15.933526039123535,49.53468322753906,20.282800674438477,42.88260269165039,19.068527221679688,62.938438415527344,36.564247131347656
2016-07-18,127.04000091552734,104.80335235595703,23.243362426757812,15.987726211547852,49.49247360229492,20.41799545288086,42.83639907836914,19.123531341552734,62.963932037353516,36.7042121887207
2016-07-19,127.20999908447266,105.39453125,23.112524032592773,15.994501113891602,49.51779556274414,20.37293815612793,42.80561447143555,19.09052848815918,62.82802200317383,36.63646697998047
2016-07-20,125.38999938964844,104.81851196289062,23.07897186279297,16.02159881591797,49.61063003540039,20.638805389404297,42.651634216308594,18.980514526367188,63.3972053527832,36.78998947143555
2016-07-21,127.30000305175781,105.03071594238281,22.850833892822266,15.940302848815918,49.104244232177734,20.530649185180664,42.52845001220703,19.094188690185547,63.584144592285156,36.69065475463867
2016-07-22,126.3499984741211,105.21269989013672,22.921287536621094,16.041921615600586,49.197078704833984,20.652318954467773,42.7286262512207,19.347219467163086,63.7115592956543,36.844173431396484
2016-07-25,125.47000122070312,105.13685607910156,22.46501350402832,16.008047103881836,48.93543243408203,20.625286102294922,42.68242263793945,19.314208984375,63.64362716674805,36.90287780761719
2016-07-26,126.0,105.30357360839844,22.59585189819336,16.02159881591797,49.34056091308594,20.670347213745117,42.35136795043945,19.14552879333496,63.533145904541016,36.857723236083984
2016-07-27,128.02999877929688,106.61503601074219,22.374427795410156,16.01482391357422,49.146427154541016,20.841583251953125,41.72006607055664,18.925506591796875,63.8220329284668,36.744842529296875
2016-07-28,127.66000366210938,106.41789245605469,22.377782821655273,16.04869270324707,49.129547119140625,20.8550968170166,41.904842376708984,18.998849868774414,63.762569427490234,36.81256103515625
2016-07-29,128.97999572753906,107.30479431152344,22.60591697692871,16.02159881591797,48.98606872558594,20.931711196899414,42.11271286010742,19.112529754638672,63.88998794555664,36.853206634521484
2016-08-01,129.22000122070312,106.141357421875,21.861120223999023,15.980953216552734,48.926998138427734,20.972261428833008,42.158905029296875,19.123531341552734,64.29782104492188,36.91189193725586
2016-08-02,130.27000427246094,105.04781341552734,22.059057235717773,15.845460891723633,48.47122573852539,20.814544677734375,42.09730529785156,18.998849868774414,64.05140686035156,36.361045837402344
2016-08-03,129.64999389648438,105.10858154296875,22.485137939453125,16.008047103881836,48.70754623413086,20.886646270751953,41.86634826660156,18.885173797607422,63.87300109863281,36.46490478515625
2016-08-04,129.8699951171875,105.89838409423828,22.45159912109375,15.967403411865234,48.724430084228516,20.999305725097656,41.958736419677734,18.87417221069336,63.779541015625,36.446834564208984
2016-08-05,127.55000305175781,104.7972640991211,22.656246185302734,16.27225685119629,49.21394348144531,21.20208740234375,42.02802276611328,18.60281753540039,63.93247604370117,36.830631256103516
2016-08-08,127.44000244140625,104.99469757080078,22.95819091796875,16.292579650878906,49.2814826965332,21.19757843017578,41.98183059692383,18.595474243164062,63.38875198364258,36.70872497558594
2016-08-09,127.95999908447266,106.02748107910156,22.83741569519043,16.306129455566406,49.26459503173828,21.242650985717773,42.11271286010742,18.59181022644043,63.54166030883789,36.60036087036133
2016-08-10,128.55999755859375,106.4375228881836,22.58914566040039,16.17741584777832,49.23927688598633,21.175050735473633,42.26668930053711,18.595474243164062,63.329246520996094,36.67711639404297
2016-08-11,127.66999816894531,105.48827362060547,22.921287536621094,16.211284637451172,49.56000900268555,21.251657485961914,42.26668930053711,18.639480590820312,63.694618225097656,37.0428466796875
2016-08-12,127.4000015258789,106.37681579589844,23.04877471923828,16.16385269165039,49.424949645996094,21.2291259765625,42.41297149658203,18.665151596069336,63.533145904541016,37.02478790283203
2016-08-15,127.83999633789062,105.37442016601562,23.23330307006836,16.27225685119629,49.754127502441406,21.332775115966797,42.30519104003906,18.379119873046875,63.64362716674805,37.09701919555664
2016-08-16,128.47000122070312,105.0934066772461,23.27020263671875,16.231605529785156,49.53468322753906,21.175050735473633,42.12040710449219,18.162763595581055,63.07436752319336,36.88481903076172
2016-08-17,128.5,105.7237319946289,23.34066390991211,16.285799026489258,49.678157806396484,21.166034698486328,42.23589324951172,18.434131622314453,63.201812744140625,36.79901885986328
2016-08-18,129.11000061035156,105.8907699584961,23.82042121887207,16.27225685119629,49.830078125,21.175050735473633,42.382171630859375,18.66148567199707,63.2273063659668,36.77643966674805
2016-08-19,127.97000122070312,105.33639526367188,23.622486114501953,16.265474319458008,49.81320571899414,21.188573837280273,42.282081604003906,18.434131622314453,63.17632293701172,36.79901885986328
2016-08-22,127.77999877929688,106.22486877441406,23.350725173950195,16.265474319458008,49.770999908447266,21.188573837280273,42.34367752075195,18.481801986694336,63.30379867553711,36.76288986206055
2016-08-23,127.76000213623047,106.33879852294922,23.515121459960938,16.285799026489258,49.81320571899414,21.265178680419922,42.25897979736328,18.401123046875,63.36325454711914,36.94803237915039
2016-08-24,126.33999633789062,106.08824920654297,23.421180725097656,16.27902603149414,49.661277770996094,21.148012161254883,42.189693450927734,18.39379119873047,62.36922836303711,36.771934509277344
2016-08-25,126.2300033569336,105.68574523925781,23.357440948486328,16.31290054321289,49.652828216552734,21.193078994750977,42.02802276611328,18.4047908782959,61.84246826171875,36.6500244140625
2016-08-26,126.05000305175781,105.07061004638672,23.27692222595215,16.333215713500977,49.50935363769531,21.20208740234375,41.81245422363281,18.023420333862305,62.08034896850586,36.54617691040039
2016-08-29,126.30000305175781,106.47551727294922,23.434602737426758,16.475481033325195,49.86383819580078,21.2831974029541,42.058815002441406,18.170101165771484,62.216285705566406,36.67259216308594
2016-08-30,125.02999877929688,106.06544494628906,23.35408592224121,16.624528884887695,49.728797912597656,21.211101531982422,41.81245422363281,17.979415893554688,62.00389862060547,36.46940231323242
2016-08-31,124.77999877929688,106.21732330322266,22.98503303527832,16.6380672454834,49.45027542114258,21.175050735473633,41.86634826660156,18.052759170532227,61.81695556640625,36.37459945678711
2016-09-01,125.29000091552734,106.33445739746094,22.91793441772461,16.570327758789062,49.49247360229492,21.242650985717773,41.88175964355469,17.961082458496094,61.65556335449219,36.446834564208984
2016-09-02,126.56999969482422,105.46719360351562,23.1762752532959,16.644838333129883,49.73723602294922,21.3372802734375,42.20509719848633,18.199445724487305,61.723506927490234,36.519065856933594
2016-09-06,128.7100067138672,106.23558044433594,23.525188446044922,16.617752075195312,49.59375762939453,21.445425033569336,42.29747772216797,18.397457122802734,61.94442367553711,36.58679962158203
2016-09-07,128.27000427246094,106.15950012207031,23.659395217895508,16.610973358154297,49.652828216552734,21.499502182006836,41.92792892456055,18.401123046875,61.94442367553711,36.6048583984375
2016-09-08,127.58999633789062,104.82813262939453,24.10224723815918,16.597429275512695,49.61063003540039,21.323760986328125,41.69697570800781,18.46346092224121,61.99538040161133,36.288818359375
2016-09-09,126.75,103.10115814208984,23.3842716217041,16.285799026489258,48.2095832824707,20.801025390625,40.56524658203125,17.77039337158203,60.75497055053711,35.4128532409668
2016-09-12,126.58999633789062,103.15441131591797,23.61577796936035,16.468706130981445,48.82571792602539,21.148012161254883,41.32743835449219,18.08576202392578,61.65556335449219,35.90953063964844
2016-09-13,125.75,101.9828109741211,22.94141960144043,16.17741584777832,48.10830307006836,20.994800567626953,40.819297790527344,17.836397171020508,60.83142852783203,35.39931106567383
2016-09-14,126.18000030517578,102.1349868774414,22.669662475585938,16.136764526367188,48.06611633300781,21.09393882751465,40.696128845214844,17.90607261657715,60.83142852783203,35.40380859375
2016-09-15,125.37000274658203,101.69365692138672,22.951486587524414,16.231605529785156,48.445919036865234,21.44092559814453,41.02717208862305,18.041749954223633,61.46011734008789,35.661197662353516
2016-09-16,125.05999755859375,102.51536560058594,22.76618194580078,16.077775955200195,48.0402717590332,21.362186431884766,40.89393615722656,18.21779441833496,61.501930236816406,35.58414840698242
2016-09-19,125.31999969482422,102.18058013916016,22.752681732177734,16.180282592773438,48.252418518066406,21.32146644592285,40.80873107910156,18.399011611938477,61.28018569946289,35.55693817138672
2016-09-20,125.44000244140625,102.53814697265625,22.587295532226562,16.18866729736328,48.29484939575195,21.30789566040039,40.917171478271484,18.365724563598633,61.46784210205078,35.58414840698242
2016-09-21,127.2699966430664,103.36740112304688,23.1104679107666,16.289222717285156,48.922821044921875,21.547710418701172,41.14181900024414,18.739253997802734,62.08190155029297,35.92860794067383
2016-09-22,127.56999969482422,104.1890640258789,23.13746452331543,16.32273292541504,49.2707633972168,21.67892837524414,41.50591278076172,18.853904724121094,62.55098342895508,36.19146728515625
2016-09-23,127.6500015258789,104.0901870727539,22.830312728881836,16.23894691467285,48.98224639892578,21.488889694213867,41.31998825073242,18.839107513427734,62.354827880859375,36.109893798828125
2016-09-26,127.55000305175781,104.75199890136719,22.729053497314453,15.979186058044434,48.770084381103516,21.362186431884766,40.97139358520508,18.791027069091797,61.62986373901367,35.7110481262207
2016-09-27,126.62000274658203,105.52044677734375,22.577171325683594,16.104877471923828,49.10953140258789,21.597484588623047,41.14181900024414,18.54694366455078,62.0648307800293,36.073638916015625
2016-09-28,126.22000122070312,105.29218292236328,23.55261993408203,16.180282592773438,49.49140548706055,21.638206481933594,41.211544036865234,18.521060943603516,61.971012115478516,36.17334747314453
2016-09-29,126.06999969482422,105.55847930908203,23.512115478515625,15.95405387878418,49.101043701171875,21.506988525390625,40.80873107910156,18.243684768676758,60.87931442260742,35.98753356933594
2016-09-30,125.63999938964844,104.61510467529297,23.832767486572266,16.171907424926758,49.54231643676758,21.620113372802734,41.21929168701172,18.11794662475586,61.501930236816406,36.27759552001953
2016-10-03,125.31999969482422,104.26982879638672,23.81588363647461,16.096494674682617,49.584754943847656,21.5567569732666,40.95590591430664,17.86275863647461,61.450767517089844,36.25493621826172
2016-10-04,120.97000122070312,103.05042266845703,23.572866439819336,16.163530349731445,49.1689338684082,21.47983741760254,40.60730743408203,17.489233016967773,61.331356048583984,36.12802505493164
2016-10-05,120.77999877929688,102.57022857666016,23.93402671813965,16.42328643798828,49.482913970947266,21.5567569732666,40.56857681274414,17.452247619628906,61.57015609741211,36.27759552001953
2016-10-06,119.66000366210938,101.9986801147461,23.971153259277344,16.448421478271484,49.482913970947266,21.606536865234375,40.64604949951172,17.44855308532715,61.33987045288086,36.30479049682617
2016-10-07,119.73999786376953,102.06723022460938,23.832767486572266,16.440048217773438,48.84646987915039,21.547710418701172,40.5375862121582,17.426361083984375,61.297245025634766,36.1416015625
2016-10-10,120.16000366210938,101.46513366699219,24.207427978515625,16.52383804321289,48.89737319946289,21.697032928466797,40.5375862121582,17.57059097290039,61.57869338989258,36.20054626464844
2016-10-11,119.55000305175781,101.23649597167969,23.930654525756836,16.373008728027344,48.388214111328125,21.45268440246582,40.32844543457031,17.37088394165039,60.03495407104492,35.76091384887695
2016-10-12,119.73999786376953,101.3355712890625,23.829395294189453,16.356250762939453,48.48154067993164,21.488889694213867,40.55308532714844,17.541004180908203,59.753501892089844,35.92860794067383
2016-10-13,120.02999877929688,101.7166748046875,23.69775390625,16.197050094604492,48.464576721191406,21.35313606262207,40.560848236083984,17.759204864501953,59.77907943725586,35.79716491699219
2016-10-14,119.36000061035156,100.29145050048828,23.55937385559082,16.272462844848633,48.566410064697266,21.434589385986328,40.56857681274414,17.65935516357422,59.378231048583984,35.75636672973633
2016-10-17,119.68000030517578,100.93162536621094,23.444610595703125,16.197050094604492,48.43912887573242,21.38934326171875,40.374916076660156,17.75550651550293,59.182071685791016,35.46176528930664
2016-10-18,120.41999816894531,101.2593765258789,23.539121627807617,16.331113815307617,48.54096221923828,21.506988525390625,40.49885559082031,17.90713882446289,59.88998031616211,35.697444915771484
2016-10-19,121.11000061035156,101.34319305419922,23.87326431274414,16.473562240600586,48.693702697753906,21.547710418701172,40.26647186279297,17.866455078125,59.66820526123047,35.8560905456543
2016-10-20,120.73999786376953,101.44994354248047,23.846271514892578,16.473562240600586,48.43062973022461,21.448162078857422,40.243221282958984,17.85536003112793,59.94967269897461,35.78809356689453
2016-10-21,120.83000183105469,101.60228729248047,23.691001892089844,16.46518325805664,48.36275100708008,21.506988525390625,40.46013641357422,17.75181007385254,59.45500946044922,36.073638916015625
2016-10-24,120.55999755859375,101.16024780273438,23.620132446289062,16.51545524597168,48.456092834472656,21.715137481689453,40.723506927490234,17.81838035583496,59.3441162109375,36.331993103027344
2016-10-25,121.47000122070312,101.42704010009766,23.512115478515625,16.498699188232422,48.32880401611328,21.638206481933594,40.870697021484375,17.9293270111084,59.173519134521484,35.905948638916016
2016-10-26,120.79000091552734,100.74111938476562,23.566125869750977,16.5992488861084,48.49851608276367,21.516036987304688,40.816471099853516,17.973709106445312,58.81532669067383,35.751827239990234
2016-10-27,121.01000213623047,99.64356994628906,23.478368759155273,16.641149520874023,48.16756057739258,21.488889694213867,40.630558013916016,17.866455078125,59.0882453918457,35.452693939208984
2016-10-28,121.58000183105469,99.42256164550781,23.414230346679688,16.56573486328125,48.456092834472656,21.466259002685547,40.800987243652344,17.921932220458984,57.80891799926758,35.37112045288086
2016-10-31,121.94000244140625,100.03234100341797,23.161087036132812,16.540592193603516,48.5494270324707,21.457204818725586,40.901668548583984,18.28066635131836,57.450706481933594,35.39829635620117
2016-11-01,122.7300033569336,100.03990173339844,23.164464950561523,16.473562240600586,48.13362121582031,21.271690368652344,40.723506927490234,17.94782066345215,57.14365768432617,35.149024963378906
2016-11-02,123.63999938964844,100.47517395019531,22.907943725585938,16.3646297454834,47.955413818359375,21.135944366455078,40.622802734375,17.72222328186035,56.84514617919922,34.93599319458008
2016-11-03,124.30000305175781,99.70396423339844,22.99907684326172,16.381393432617188,47.8790283203125,20.932321548461914,40.343929290771484,17.788789749145508,56.307823181152344,34.845340728759766
2016-11-04,124.38999938964844,100.59738159179688,22.874189376831055,16.331113815307617,47.92146301269531,20.8961181640625,39.97983932495117,17.733318328857422,56.70014953613281,34.77735900878906
2016-11-07,122.1500015258789,99.74209594726562,23.36697769165039,16.74169158935547,49.101043701171875,21.348617553710938,40.65379333496094,18.043977737426758,58.15007400512695,35.5796012878418
2016-11-08,121.63999938964844,99.33738708496094,23.397356033325195,16.750078201293945,49.39804458618164,21.45268440246582,40.824214935302734,18.184511184692383,58.312129974365234,35.724647521972656
2016-11-09,121.55999755859375,95.1223373413086,23.778766632080078,17.462308883666992,50.63703155517578,21.425539016723633,40.26647186279297,17.51512336730957,60.367584228515625,35.79716491699219
2016-11-10,119.75,93.71731567382812,23.880022048950195,18.107515335083008,51.71479034423828,21.081645965576172,39.189697265625,17.09351348876953,61.0328254699707,35.92860794067383
2016-11-11,117.0999984741211,93.19042205810547,23.444610595703125,18.15778923034668,51.808135986328125,21.144990921020508,39.150970458984375,17.023244857788086,60.12024688720703,36.13256072998047
2016-11-14,116.11000061035156,92.63301086425781,23.57624626159668,18.601884841918945,52.028778076171875,20.8237247467041,39.08123016357422,17.01215362548828,59.932621002197266,36.13710021972656
2016-11-15,117.12000274658203,93.09115600585938,24.241167068481445,18.585128784179688,52.223960876464844,21.11784553527832,39.32138442993164,17.28583335876465,60.103179931640625,36.27759552001953
2016-11-16,116.7699966430664,93.93109893798828,24.072412490844727,18.316993713378906,51.926937103271484,21.312408447265625,39.32912063598633,17.167476654052734,59.847320556640625,36.47703170776367
2016-11-17,116.16999816894531,92.5489730834961,23.910398483276367,18.568363189697266,52.037261962890625,21.448162078857422,39.25941848754883,17.171171188354492,60.086143493652344,36.91667175292969
2016-11-18,115.1500015258789,92.28170776367188,24.008283615112305,18.568363189697266,52.02029037475586,21.4300594329834,39.11997985839844,17.119396209716797,59.44644546508789,36.80336380004883
2016-11-21,115.58000183105469,92.51075744628906,24.578699111938477,18.63540267944336,52.30033874511719,21.64725685119629,39.38335418701172,17.300615310668945,59.65969467163086,37.043582916259766
2016-11-22,115.54000091552734,92.48027038574219,24.565200805664062,18.643783569335938,52.53794860839844,21.715137481689453,39.58477020263672,17.367191314697266,58.798255920410156,37.48322677612305
2016-11-23,113.25,92.12134552001953,24.666461944580078,18.752708435058594,52.92831039428711,21.6291561126709,39.36786651611328,17.19337272644043,59.028564453125,37.51948928833008
2016-11-25,112.61000061035156,92.25879669189453,24.544944763183594,18.777847290039062,53.21684265136719,21.71965789794922,39.67772674560547,17.441152572631836,59.258819580078125,37.61014175415039
2016-11-28,113.80000305175781,92.93844604492188,24.20405387878418,18.559980392456055,52.85194396972656,21.73775291442871,39.762939453125,17.777698516845703,58.81532669067383,37.31099319458008
2016-11-29,113.2699966430664,93.32781982421875,23.907026290893555,18.610265731811523,52.894371032714844,21.751338958740234,39.817169189453125,17.85166358947754,59.19913101196289,37.410709381103516
2016-11-30,111.75,91.81592559814453,25.12211799621582,18.86163902282715,52.962249755859375,21.4934139251709,39.181941986083984,17.289520263671875,58.636226654052734,37.09796142578125
2016-12-01,111.54000091552734,90.84645080566406,25.182870864868164,19.18842887878418,53.31020736694336,21.04996681213379,38.92632293701172,17.152690887451172,58.20977020263672,37.11610412597656
2016-12-02,112.13999938964844,91.51213073730469,25.257122039794922,18.97895050048828,53.30170822143555,21.12689208984375,39.1741943359375,17.308013916015625,58.34622573852539,36.912147521972656
2016-12-05,111.54000091552734,91.41267395019531,25.47989845275879,19.205190658569336,53.25926971435547,21.330514907836914,39.22068405151367,17.33020782470703,58.24388885498047,37.315528869628906
2016-12-06,111.43000030517578,91.34378814697266,25.432647705078125,19.372772216796875,53.36109924316406,21.393863677978516,39.336875915527344,17.296920776367188,58.405948638916016,37.40163803100586
2016-12-07,111.83000183105469,92.124267578125,25.635160446166992,19.674428939819336,54.354000091552734,21.80110740661621,39.902366638183594,17.52251625061035,57.902732849121094,38.126834869384766
2016-12-08,111.56999969482422,91.03775024414062,25.773542404174805,19.8587703704834,54.048492431640625,21.855405807495117,39.73970413208008,17.552104949951172,58.01360321044922,38.126834869384766
2016-12-09,110.4000015258789,89.90533447265625,25.85454750061035,19.900663375854492,54.29458236694336,22.013784408569336,40.31294250488281,17.737022399902344,58.72150421142578,38.21293640136719
2016-12-12,110.81999969482422,90.07366180419922,25.97606658935547,19.70794105529785,54.09939956665039,21.945905685424805,40.47562789916992,17.921932220458984,59.002967834472656,37.89567947387695
2016-12-13,110.44999694824219,90.39498901367188,26.269712448120117,19.758216857910156,54.02302551269531,22.2219295501709,40.661537170410156,18.106853485107422,59.480587005615234,38.235599517822266
2016-12-14,108.83000183105469,89.3850326538086,25.7431697845459,19.666044235229492,53.47990798950195,22.14499855041504,40.21997833251953,17.733318328857422,59.173519134521484,37.977256774902344
2016-12-15,107.33999633789062,89.83646392822266,25.80055046081543,19.833633422851562,53.53932189941406,22.244548797607422,40.390411376953125,17.859058380126953,59.55735397338867,37.88661193847656
2016-12-16,108.05000305175781,89.62986755371094,25.960704803466797,19.662757873535156,53.43173599243164,22.083660125732422,40.62141036987305,18.076757431030273,59.60444641113281,37.700592041015625
2016-12-19,108.58999633789062,90.59393310546875,25.841943740844727,19.671178817749023,53.730567932128906,22.24272918701172,40.699462890625,18.14397430419922,59.35602951049805,37.80089569091797
2016-12-20,107.79000091552734,90.14253997802734,25.784263610839844,19.915281295776367,54.0379524230957,22.324542999267578,40.62141036987305,18.1663761138916,59.313194274902344,38.10181427001953
2016-12-21,107.8499984741211,90.54037475585938,25.82497787475586,19.86477279663086,53.83302688598633,22.279088973999023,40.61361312866211,18.09169578552246,58.97911071777344,38.08356475830078
2016-12-22,107.58999633789062,90.37855529785156,25.930160522460938,19.81427001953125,53.730567932128906,22.233642578125,40.55118179321289,18.155174255371094,59.05620193481445,37.67323684692383
2016-12-23,107.93000030517578,90.56263732910156,25.90641975402832,19.84794044494629,53.78181457519531,22.256366729736328,40.629207611083984,18.151437759399414,59.50167465209961,37.5911750793457
2016-12-27,108.55999755859375,90.27111053466797,25.964096069335938,19.873193740844727,53.89279556274414,22.347265243530273,40.62141036987305,18.1663761138916,59.6215934753418,37.737064361572266
2016-12-28,108.86000061035156,90.93087768554688,25.68247413635254,19.671178817749023,53.329280853271484,22.147289276123047,40.371665954589844,17.99460792541504,59.16758346557617,37.47718811035156
2016-12-29,110.29000091552734,91.25312805175781,25.631572723388672,19.52808380126953,53.31220245361328,22.151838302612305,40.558990478515625,18.237319946289062,59.27035903930664,37.427032470703125
2016-12-30,109.61000061035156,91.39114379882812,25.55692481994629,19.570171356201172,53.12436294555664,21.9791316986084,40.35607147216797,18.13650131225586,59.05620193481445,37.11245346069336
2017-01-03,110.47000122070312,91.78240966796875,25.845338821411133,19.789018630981445,53.440269470214844,22.174560546875,40.504337310791016,18.09169578552246,59.82716751098633,37.3312873840332
2017-01-04,110.86000061035156,92.13529968261719,25.791048049926758,19.948951721191406,53.75619125366211,22.251819610595703,40.504337310791016,18.158906936645508,60.298316955566406,37.8282585144043
2017-01-05,112.58000183105469,93.57759094238281,25.726577758789062,19.746932983398438,53.602500915527344,22.288185119628906,40.63703155517578,18.177579879760742,60.606727600097656,37.80089569091797
2017-01-06,111.75,92.71837615966797,25.750335693359375,19.81427001953125,53.90986251831055,22.45180320739746,40.676048278808594,18.23358726501465,60.778045654296875,37.987815856933594
2017-01-09,112.66999816894531,93.4625244140625,25.377090454101562,19.679594039916992,53.49149703979492,22.447254180908203,40.34827423095703,17.99460792541504,61.03504180908203,37.955909729003906
2017-01-10,113.1500015258789,93.40116882324219,25.14635467529297,19.721683502197266,53.7134895324707,22.45180320739746,40.145355224609375,17.938594818115234,61.24920654296875,38.092681884765625
2017-01-11,113.5,93.71563720703125,25.417804718017578,19.84794044494629,53.99524688720703,22.55632972717285,40.2234001159668,18.12529945373535,60.63240432739258,38.174766540527344
2017-01-12,113.91000366210938,93.50851440429688,25.3126220703125,19.679594039916992,53.77326583862305,22.501787185668945,40.18437957763672,18.140241622924805,60.6923828125,38.13828659057617
2017-01-13,114.20999908447266,93.06365203857422,25.237966537475586,19.789018630981445,53.97816848754883,22.569963455200195,40.207794189453125,18.114097595214844,60.75232696533203,38.279605865478516
2017-01-17,115.8499984741211,94.03785705566406,25.394054412841797,19.317649841308594,53.55980682373047,22.483606338500977,40.77750015258789,18.3120059967041,60.4439582824707,38.34345626831055
2017-01-18,114.87000274658203,92.83341217041016,25.336368560791016,19.477582931518555,53.76472473144531,22.54269790649414,40.91797637939453,18.289600372314453,60.366844177246094,38.27507019042969
2017-01-19,114.7699966430664,92.19670104980469,25.197242736816406,19.393407821655273,54.1574821472168,22.51087760925293,40.76970291137695,18.12904167175293,59.98137283325195,38.15652847290039
2017-01-20,115.05000305175781,92.0125961303711,25.292259216308594,19.486000061035156,54.16600799560547,22.63359832763672,41.0350341796875,18.162639617919922,59.82716751098633,38.26594161987305
2017-01-23,115.79000091552734,92.93315124511719,25.024211883544922,19.359739303588867,53.8671875,22.67449951171875,41.019439697265625,18.069284439086914,59.57875061035156,38.29329299926758
2017-01-24,115.2699966430664,92.29637908935547,25.29903793334961,19.603839874267578,54.405086517333984,22.815393447875977,41.2925910949707,18.0655574798584,59.16758346557617,38.60789108276367
2017-01-25,114.31999969482422,91.13802337646484,25.43138313293457,19.932113647460938,54.977134704589844,23.03354263305664,41.28477478027344,18.0655574798584,59.724388122558594,38.844974517822266
2017-01-26,113.26000213623047,91.44486999511719,25.451738357543945,19.982616424560547,55.10519790649414,22.96991539001465,41.105289459228516,18.073030471801758,59.26180648803711,38.90424728393555
2017-01-27,113.48999786376953,91.77474212646484,25.187076568603516,19.906862258911133,55.062530517578125,23.060813903808594,40.878963470458984,18.069284439086914,59.750091552734375,38.78114700317383
2017-01-30,113.97000122070312,91.4985580444336,24.72560691833496,19.746932983398438,54.59291076660156,22.874467849731445,40.847740173339844,18.084228515625,59.458831787109375,38.73555374145508
2017-01-31,115.55000305175781,92.13529968261719,24.73579216003418,19.620676040649414,54.11478042602539,22.76085090637207,41.042850494384766,18.364282608032227,60.40969467163086,38.6762809753418
2017-02-01,115.19999694824219,91.56558990478516,24.552560806274414,19.64592933654785,54.0208625793457,22.93355369567871,40.72287368774414,18.04688262939453,60.9322395324707,38.603336334228516
2017-02-02,115.83999633789062,91.52722930908203,24.691679000854492,19.570171356201172,53.91840362548828,22.888107299804688,41.09746551513672,18.237319946289062,60.915096282958984,38.571407318115234
2017-02-03,116.12999725341797,91.48876953125,24.90545082092285,19.965782165527344,54.31969451904297,23.0380859375,41.362815856933594,18.259729385375977,61.18067169189453,38.52125930786133
2017-02-06,117.69999694824219,92.04232025146484,24.695072174072266,19.873193740844727,54.396549224853516,23.051719665527344,41.13650894165039,18.222379684448242,61.24920654296875,38.407283782958984
2017-02-07,117.45999908447266,92.71887969970703,24.345577239990234,19.82268714904785,54.49047088623047,23.142623901367188,41.472076416015625,18.26719856262207,61.30914306640625,38.37080383300781
2017-02-08,118.19000244140625,93.9797134399414,24.403263092041016,19.688011169433594,54.41362380981445,23.183528900146484,41.643775939941406,18.446435928344727,61.21492004394531,38.60789108276367
2017-02-09,117.29000091552734,92.89567565917969,24.6781063079834,19.957361221313477,54.83198928833008,23.25623893737793,41.81547546386719,18.289600372314453,61.43766403198242,38.849525451660156
2017-02-10,117.5999984741211,92.84182739257812,24.864727020263672,20.01629066467285,55.267433166503906,23.324417114257812,41.846683502197266,18.405357360839844,61.55758285522461,39.08662414550781
2017-02-13,116.80000305175781,92.54966735839844,24.9122314453125,20.24355125427246,55.822425842285156,23.428945541381836,41.846683502197266,18.49497413635254,61.934478759765625,39.13220977783203
2017-02-14,116.93000030517578,91.88082122802734,24.993669509887695,20.47924041748047,55.848045349121094,23.506214141845703,41.854496002197266,18.360549926757812,62.42277145385742,39.35560989379883
2017-02-15,117.44999694824219,91.45797729492188,24.895263671875,20.63916778564453,56.1468620300293,23.583477020263672,42.23691940307617,18.315738677978516,63.099517822265625,39.560768127441406
2017-02-16,118.08000183105469,91.95771026611328,24.55595588684082,20.588659286499023,56.163944244384766,23.638017654418945,42.291534423828125,18.498706817626953,63.01384353637695,39.36016082763672
2017-02-17,117.68000030517578,92.50361633300781,24.420230865478516,20.597076416015625,56.257850646972656,23.719823837280273,42.50225067138672,18.509916305541992,63.099517822265625,39.487831115722656
2017-02-21,117.75,92.34214782714844,24.586488723754883,20.698083877563477,56.53962326049805,23.842533111572266,42.88466262817383,18.704084396362305,63.38221740722656,39.71579360961914
2017-02-22,117.91000366210938,92.49586486816406,24.213254928588867,20.714921951293945,56.38595199584961,23.869802474975586,42.89246368408203,18.78250503540039,63.28798294067383,39.71579360961914
2017-02-23,118.94000244140625,92.77266693115234,24.31504249572754,20.714921951293945,56.01879119873047,23.865257263183594,42.993927001953125,18.976675033569336,63.750553131103516,39.44680404663086
2017-02-24,119.69999694824219,93.80284881591797,24.087697982788086,20.55499839782715,56.257850646972656,23.919803619384766,43.14220428466797,19.26420021057129,64.05892181396484,39.62915802001953
2017-02-27,119.12000274658203,93.24935150146484,24.29468536376953,20.664413452148438,56.4627685546875,23.90616798400879,42.94710159301758,19.15591049194336,64.36732482910156,39.67475891113281
2017-02-28,119.2300033569336,93.59526824951172,24.22003746032715,20.65599822998047,56.23224639892578,23.792543411254883,43.00173568725586,19.3314151763916,64.23882293701172,39.3784065246582
2017-03-01,119.05999755859375,92.02693939208984,24.705249786376953,21.24521255493164,57.179988861083984,24.12885856628418,43.20464324951172,19.159652709960938,64.88133239746094,39.82065200805664
2017-03-02,117.58000183105469,91.69575500488281,24.47112464904785,20.91693878173828,56.56523132324219,23.96979331970215,43.19683074951172,19.297807693481445,64.67572021484375,39.724891662597656
2017-03-03,117.51000213623047,91.93451690673828,24.427019119262695,21.0179386138916,56.62499237060547,24.024337768554688,43.0329475402832,19.23806381225586,64.93273162841797,39.665645599365234
2017-03-06,116.72000122070312,91.49543762207031,24.481304168701172,20.858013153076172,56.4884033203125,23.98796844482422,42.845645904541016,19.200719833374023,64.68427276611328,39.5379753112793
2017-03-07,115.77999877929688,91.21814727783203,24.264150619506836,20.799095153808594,56.326171875,23.98796844482422,42.791011810302734,19.189517974853516,64.23027801513672,39.41032028198242
2017-03-08,115.05999755859375,90.72515106201172,23.63302993774414,20.807504653930664,56.129791259765625,24.015243530273438,42.697357177734375,18.913196563720703,64.48725891113281,39.574459075927734
2017-03-09,114.47000122070312,90.00108337402344,23.789108276367188,20.883268356323242,55.87364959716797,24.010700225830078,42.76760482788086,18.87212562561035,64.83844757080078,39.5379753112793
2017-03-10,114.72000122070312,90.31693267822266,23.755178451538086,20.866432189941406,56.21516799926758,24.137956619262695,42.96270751953125,19.028947830200195,65.08689880371094,39.597251892089844
2017-03-13,114.73999786376953,89.74690246582031,23.75857162475586,20.91693878173828,56.18102264404297,24.160682678222656,42.993927001953125,19.084962844848633,65.03548431396484,39.70210647583008
2017-03-14,114.12000274658203,90.17826843261719,23.49051856994629,20.858013153076172,55.65164566040039,24.10614013671875,42.86905288696289,19.06629753112793,64.795654296875,39.692996978759766
2017-03-15,116.25,91.27983093261719,24.01305389404297,20.8243465423584,56.28347396850586,24.26975440979004,43.18903350830078,19.37249183654785,65.60942840576172,39.9027214050293
2017-03-16,116.7300033569336,90.81761169433594,23.843402862548828,20.858013153076172,56.02733612060547,24.283390045166016,43.25145721435547,19.159652709960938,64.97554779052734,39.898162841796875
2017-03-17,116.98999786376953,91.38764190673828,23.825984954833984,20.65359115600586,56.33352279663086,24.335861206054688,43.1337890625,19.275156021118164,64.61788940429688,39.94892501831055
2017-03-20,117.51000213623047,91.7804946899414,23.79185676574707,20.48464584350586,56.2305908203125,24.358673095703125,43.22007751464844,19.14723014831543,64.52333068847656,39.85289001464844
2017-03-21,118.54000091552734,92.54302978515625,23.62459945678711,19.910228729248047,55.37289810180664,24.002809524536133,43.18086624145508,19.41812515258789,64.01606750488281,39.34987258911133
2017-03-22,118.83000183105469,92.9128189086914,23.59046173095703,19.867990493774414,55.57018280029297,24.153362274169922,43.09455871582031,19.512187957763672,64.03326416015625,39.395599365234375
2017-03-23,118.66999816894531,92.78186798095703,23.49488067626953,19.910228729248047,55.492977142333984,24.0894832611084,43.000423431396484,19.451990127563477,63.835540771484375,39.487056732177734
2017-03-24,118.86000061035156,93.11308288574219,23.402721405029297,19.884885787963867,55.34716033935547,24.107736587524414,42.91412353515625,19.523473739624023,63.86990737915039,39.58308029174805
2017-03-27,119.52999877929688,93.53672790527344,23.29349136352539,19.80885887145996,55.14990997314453,24.107736587524414,42.87489318847656,19.448225021362305,64.04186248779297,39.56937026977539
2017-03-28,119.04000091552734,92.9128189086914,23.62459945678711,20.079174041748047,55.73314666748047,24.281112670898438,42.953330993652344,19.433177947998047,64.08483123779297,39.871177673339844
2017-03-29,119.33000183105469,93.46741485595703,23.948875427246094,19.952463150024414,55.724578857421875,24.322174072265625,43.03179931640625,19.380502700805664,64.1020278930664,40.108978271484375
2017-03-30,118.47000122070312,92.71253967285156,23.942052841186523,20.214332580566406,56.03334045410156,24.367794036865234,42.94550323486328,19.23000144958496,64.11061096191406,40.21415328979492
2017-03-31,118.72000122070312,92.98217010498047,23.860132217407227,20.04538917541504,55.8017692565918,24.322174072265625,42.81996536254883,19.305259704589844,63.930091857910156,40.218719482421875
2017-04-03,119.3499984741211,93.92000579833984,23.819171905517578,20.003150939941406,55.68168640136719,24.299358367919922,42.749366760253906,19.301488876342773,63.981685638427734,40.05866241455078
2017-04-04,119.62000274658203,93.41056060791016,23.993247985839844,19.977807998657227,55.82748794555664,24.31760597229004,42.87489318847656,19.3616886138916,63.94729232788086,39.99464797973633
2017-04-05,119.62000274658203,93.69618225097656,23.91815185546875,19.82575225830078,55.64738082885742,24.217241287231445,42.79644012451172,19.470802307128906,63.749549865722656,39.89860916137695
2017-04-06,119.18000030517578,93.5572280883789,24.10930824279785,19.952463150024414,55.8017692565918,24.2218017578125,42.79644012451172,19.421886444091797,63.86129379272461,40.02208709716797
2017-04-07,119.45999908447266,93.17896270751953,24.01714515686035,19.867990493774414,55.86180114746094,24.208114624023438,42.91412353515625,19.339115142822266,63.973106384277344,39.90318298339844
2017-04-10,119.45999908447266,93.61123657226562,24.198060989379883,19.817310333251953,55.9990348815918,24.16248893737793,43.03964614868164,19.37298011779785,63.85271453857422,40.049530029296875
2017-04-11,121.19000244140625,94.49899291992188,24.201473236083984,19.758176803588867,56.07622528076172,24.07124137878418,43.055335998535156,19.36545181274414,63.76673889160156,40.017513275146484
2017-04-12,122.0199966430664,95.01617431640625,24.099069595336914,19.597681045532227,55.304283142089844,23.989120483398438,43.22007751464844,19.50843048095703,63.76673889160156,39.85746383666992
2017-04-13,122.5999984741211,95.30948638916016,23.65872573852539,19.344261169433594,54.909751892089844,23.8933048248291,43.02394104003906,19.44446563720703,63.6034049987793,39.57851028442383
2017-04-17,122.23999786376953,95.01617431640625,23.709941864013672,19.682147979736328,55.51013946533203,24.112300872802734,43.329917907714844,19.531003952026367,63.835540771484375,39.98550033569336
2017-04-18,122.81999969482422,96.25896453857422,23.48806381225586,19.496315002441406,55.33003616333008,24.107736587524414,43.52605438232422,19.576147079467773,63.13914108276367,39.99006652832031
2017-04-19,121.7300033569336,95.73404693603516,23.143306732177734,19.437183380126953,55.3814811706543,24.0894832611084,43.361305236816406,19.440702438354492,63.32828140258789,40.026668548583984
2017-04-20,121.95999908447266,95.3635025024414,23.255935668945312,19.766626358032227,56.050479888916016,24.308481216430664,43.274993896484375,19.36545181274414,63.72378158569336,40.44736862182617
2017-04-21,122.30999755859375,95.3635025024414,23.139888763427734,19.563894271850586,56.10195541381836,24.2582950592041,43.14947509765625,19.46327781677246,63.3454704284668,40.355918884277344
2017-04-24,121.4800033569336,94.89266204833984,23.27642822265625,20.003150939941406,56.899600982666016,24.54572868347168,43.541748046875,19.564863204956055,63.973106384277344,40.61656188964844
2017-04-25,120.25,93.75023651123047,23.474401473999023,20.1805419921875,57.17406463623047,24.673479080200195,43.71433639526367,19.538528442382812,64.24821472167969,40.93666076660156
2017-04-26,120.83999633789062,94.26741027832031,23.395896911621094,20.163650512695312,57.182647705078125,24.646102905273438,43.361305236816406,19.478328704833984,64.60069274902344,41.12873077392578
2017-04-27,120.38999938964844,94.2364730834961,23.139888763427734,20.070730209350586,57.16549301147461,24.746477127075195,43.30638122558594,19.546051025390625,64.73825073242188,41.348236083984375
2017-04-28,120.7699966430664,94.4449462890625,23.15695571899414,19.87643814086914,56.899600982666016,24.810352325439453,43.29069137573242,19.451990127563477,64.91020965576172,41.183597564697266
2017-05-01,119.66999816894531,93.65979766845703,23.092100143432617,20.003150939941406,56.728084564208984,24.99740219116211,43.125946044921875,19.335351943969727,65.05634307861328,41.238487243652344
2017-05-02,119.6500015258789,94.13938903808594,22.976043701171875,19.977807998657227,57.00254440307617,25.05215835571289,42.835655212402344,19.357927322387695,65.23690032958984,41.284202575683594
2017-05-03,117.9800033569336,94.20125579833984,23.0408935546875,20.138301849365234,57.045413970947266,25.00653076171875,42.87489318847656,19.290205001831055,64.91879272460938,41.04185104370117
2017-05-04,116.79000091552734,93.73714447021484,22.617631912231445,20.172094345092773,57.105464935302734,24.988283157348633,43.204383850097656,19.357927322387695,65.34867095947266,40.97783660888672
2017-05-05,117.01000213623047,93.822265625,22.976043701171875,20.138301849365234,57.39707565307617,25.079530715942383,43.32208251953125,19.46327781677246,65.31426239013672,41.233909606933594
2017-05-08,116.75,93.31170654296875,23.139888763427734,20.12141227722168,57.24267578125,25.18902587890625,43.30638122558594,19.45575523376465,64.91020965576172,41.311649322509766
2017-05-09,116.05000305175781,93.303955078125,22.948740005493164,20.04538917541504,57.31990051269531,25.220964431762695,43.14947509765625,19.312780380249023,64.98758697509766,41.5494384765625
2017-05-10,116.04000091552734,93.19569396972656,23.25253677368164,20.112966537475586,57.19980239868164,25.316776275634766,43.18086624145508,19.342876434326172,64.79843139648438,41.40766906738281
2017-05-11,116.5,93.19569396972656,23.20474624633789,19.986257553100586,57.182647705078125,25.28483772277832,43.24362564086914,19.36921501159668,64.83280181884766,41.16073226928711
2017-05-12,116.83000183105469,93.89961242675781,23.126235961914062,19.901784896850586,56.86530685424805,25.348709106445312,43.11808776855469,19.46327781677246,64.72106170654297,41.101287841796875
2017-05-15,117.13999938964844,93.64431762695312,23.30714225769043,20.0538330078125,57.13117980957031,25.490148544311523,43.259307861328125,19.546051025390625,65.1423110961914,41.110435485839844
2017-05-16,117.6500015258789,93.99243927001953,23.191091537475586,20.112966537475586,57.07114791870117,25.60877227783203,43.22007751464844,19.403076171875,64.89299774169922,40.96867752075195
2017-05-17,119.79000091552734,95.36157989501953,22.962383270263672,19.479413986206055,55.93041229248047,24.910722732543945,43.157318115234375,19.451990127563477,64.04186248779297,40.30560302734375
2017-05-18,118.80999755859375,95.46986389160156,22.95555877685547,19.555444717407227,56.007606506347656,25.05671501159668,43.188697814941406,19.519716262817383,64.32555389404297,40.53882598876953
2017-05-19,119.4000015258789,95.69420623779297,23.23887825012207,19.724390029907227,56.7452278137207,25.202722549438477,43.42405700683594,19.59496307373047,64.5061264038086,40.813201904296875
2017-05-22,119.9000015258789,95.43120574951172,23.18767738342285,19.775075912475586,57.182647705078125,25.40345573425293,43.667266845703125,19.764278411865234,64.67810821533203,41.01898956298828
2017-05-23,119.13999938964844,94.7891845703125,23.242284774780273,19.927125930786133,57.302734375,25.449081420898438,43.71433639526367,19.81694793701172,64.89299774169922,40.863502502441406
2017-05-24,119.61000061035156,95.32286071777344,23.119403839111328,19.918676376342773,57.371341705322266,25.55402374267578,43.88694763183594,19.929826736450195,65.05634307861328,41.00982666015625
2017-05-25,119.4800033569336,95.3538589477539,22.699552536010742,19.952463150024414,57.74873733520508,25.73651695251465,44.161521911621094,20.091611862182617,65.36585998535156,41.371097564697266
2017-05-26,120.54000091552734,95.51632690429688,22.73710060119629,19.944019317626953,57.817352294921875,25.722829818725586,44.32627487182617,20.091611862182617,65.24549102783203,41.49456787109375
2017-05-30,120.13999938964844,95.98808288574219,22.433300018310547,19.80885887145996,57.80018997192383,25.83232879638672,44.31057357788086,20.155574798583984,65.15093994140625,41.526573181152344
2017-05-31,120.62000274658203,96.22792053222656,22.337722778320312,19.639917373657227,57.91168212890625,25.79126739501953,44.43610763549805,20.257164001464844,65.40885925292969,41.636329650878906
2017-06-01,120.72000122070312,96.23799133300781,22.477676391601562,19.884885787963867,58.27193832397461,25.85513687133789,44.797000885009766,20.400131225585938,66.13101196289062,42.02958679199219
2017-06-02,121.61000061035156,97.37751007080078,22.21824836730957,19.80885887145996,58.50349426269531,26.092384338378906,44.93038558959961,20.422712326049805,66.56088256835938,42.180503845214844
2017-06-05,121.7300033569336,96.77288055419922,22.259218215942383,19.842655181884766,58.297664642333984,26.115203857421875,44.97744369506836,20.358745574951172,66.37175750732422,42.0661735534668
2017-06-06,123.0999984741211,97.2999496459961,22.522052764892578,19.758176803588867,57.90312957763672,26.065017700195312,44.86760711669922,20.313600540161133,66.20838165283203,41.704917907714844
2017-06-07,122.44999694824219,96.83489227294922,22.2045955657959,19.910228729248047,57.834495544433594,26.147138595581055,44.8519172668457,20.381324768066406,66.3889389038086,41.778079986572266
2017-06-08,121.6500015258789,96.57908630371094,22.139741897583008,20.138301849365234,58.0232048034668,26.206443786621094,44.51457595825195,20.212003707885742,66.19979095458984,41.5082893371582
2017-06-09,120.54000091552734,96.43180084228516,22.672239303588867,20.518428802490234,58.24619674682617,25.55858039855957,44.45966339111328,20.19319725036621,66.6468734741211,41.32536697387695
2017-06-12,120.36000061035156,96.40078735351562,22.832679748535156,20.5606746673584,58.46061706542969,25.408021926879883,44.45180130004883,20.155574798583984,66.56088256835938,41.3025016784668
2017-06-13,120.4800033569336,96.41627502441406,23.003345489501953,20.670482635498047,58.70076370239258,25.59052085876465,44.52241897583008,20.204484939575195,66.6984634399414,41.558589935302734
2017-06-14,119.81999969482422,97.90465545654297,22.586904525756836,20.70427131652832,58.64073181152344,25.46734046936035,44.80484390258789,20.313600540161133,67.01655578613281,41.53573226928711
2017-06-15,119.31999969482422,97.74960327148438,22.416227340698242,20.619802474975586,58.992393493652344,25.35327911376953,44.70285415649414,20.430233001708984,66.94781494140625,41.36194610595703
2017-06-16,119.33999633789062,97.9433822631836,22.787080764770508,20.596899032592773,59.1854248046875,25.308837890625,44.23326110839844,20.523923873901367,67.05824279785156,41.35047149658203
2017-06-19,118.43000030517578,97.80388641357422,22.642728805541992,20.808897018432617,59.547367095947266,25.684465408325195,44.446712493896484,20.455644607543945,67.7574234008789,41.66697311401367
2017-06-20,118.18000030517578,98.6798095703125,22.354022979736328,20.630826950073242,58.90966796875,25.478328704833984,44.27278137207031,20.467023849487305,67.98182678222656,41.144081115722656
2017-06-21,118.5199966430664,98.88134765625,21.993141174316406,20.46122932434082,58.51325988769531,25.620328903198242,44.14629364013672,20.345643997192383,68.84498596191406,41.20829772949219
2017-06-22,118.91999816894531,99.0984115600586,21.979393005371094,20.33403968811035,58.392616271972656,25.629497528076172,43.85376739501953,20.250823974609375,69.56141662597656,41.111968994140625
2017-06-23,119.43000030517578,99.0518798828125,22.127180099487305,20.257726669311523,58.608062744140625,25.78982162475586,43.869590759277344,20.182544708251953,69.45779418945312,41.0615119934082
2017-06-26,118.36000061035156,99.42400360107422,22.079063415527344,20.367958068847656,58.625274658203125,25.652406692504883,44.043514251708984,20.319101333618164,69.38875579833984,41.20829772949219
2017-06-27,118.80999755859375,98.3620376586914,22.044700622558594,20.469709396362305,58.1857795715332,25.230966567993164,43.66402816772461,20.09151840209961,68.75865936279297,40.88262939453125
2017-06-28,118.9000015258789,98.03643035888672,22.16499137878418,20.791940689086914,58.71145248413086,25.547040939331055,43.8221435546875,19.8980770111084,69.12120819091797,41.29545211791992
2017-06-29,118.31999969482422,97.21473693847656,22.213106155395508,20.936092376708984,58.211639404296875,25.08896255493164,43.35569381713867,19.73876953125,68.49107360839844,40.89637756347656
2017-06-30,118.0199966430664,96.9899673461914,22.31277847290039,20.919130325317383,58.69422149658203,25.06605339050293,43.434749603271484,19.70842933654785,68.39612579345703,41.111968994140625
2017-07-03,116.08999633789062,96.67766571044922,22.74239730834961,21.22439956665039,59.05615997314453,24.891990661621094,43.395233154296875,19.61739158630371,68.51697540283203,41.07068634033203
2017-07-05,116.5199966430664,96.70099639892578,22.281848907470703,21.25830841064453,59.228511810302734,25.139354705810547,43.363609313964844,19.522567749023438,68.9227066040039,40.96977996826172
2017-07-06,116.47000122070312,95.90089416503906,22.034385681152344,21.097206115722656,58.71145248413086,24.91031265258789,43.1185188293457,19.51498031616211,68.03363037109375,40.552364349365234
2017-07-07,115.27999877929688,95.32604217529297,22.000017166137695,21.241352081298828,59.168182373046875,25.198898315429688,43.09480667114258,19.530155181884766,68.37889099121094,40.91473388671875
2017-07-10,115.47000122070312,95.46591186523438,22.07219123840332,21.21591567993164,59.34055709838867,25.38213539123535,42.79439163208008,19.51498031616211,68.2494125366211,41.00188064575195
2017-07-11,115.62000274658203,95.62901306152344,22.192485809326172,21.029359817504883,59.28883743286133,25.437105178833008,42.67580032348633,19.503602981567383,68.17172241210938,40.919315338134766
2017-07-12,116.02999877929688,96.28929901123047,22.254352569580078,21.097206115722656,59.61630630493164,25.766916275024414,42.91297149658203,19.670495986938477,68.63783264160156,41.23122787475586
2017-07-13,115.81999969482422,95.68338012695312,22.343708038330078,21.22439956665039,59.57321548461914,25.817310333251953,42.92087936401367,19.60222053527832,68.6982421875,41.23580551147461
2017-07-14,116.7699966430664,95.79995727539062,22.477754592895508,21.131114959716797,59.83172607421875,26.04634666442871,43.26082992553711,19.693246841430664,69.16436004638672,41.368831634521484
2017-07-17,117.29000091552734,96.0639877319336,22.45025634765625,21.063282012939453,59.797264099121094,26.050931930541992,43.30826950073242,19.78428077697754,68.91400909423828,41.46974182128906
2017-07-18,118.11000061035156,96.9029312133789,22.343708038330078,21.029359817504883,59.65941619873047,26.170034408569336,43.30826950073242,19.8411808013916,68.96581268310547,41.65781021118164
2017-07-19,118.08000183105469,96.94175720214844,22.670223236083984,21.037845611572266,59.719730377197266,26.30286979675293,43.46638107299805,19.92462730407715,69.5268783569336,41.8596076965332
2017-07-20,118.23999786376953,97.22138977050781,22.601490020751953,21.029359817504883,59.38365173339844,26.35784339904785,43.47429656982422,20.068758010864258,69.98432922363281,41.77246856689453
2017-07-21,119.26000213623047,97.63308715820312,22.37807846069336,21.029359817504883,59.271602630615234,26.325780868530273,43.54544448852539,20.2128963470459,69.90665435791016,41.79998779296875
2017-07-24,119.30999755859375,97.25247192382812,22.33683967590332,21.122644424438477,59.142337799072266,26.38990592956543,43.403141021728516,20.023244857788086,69.88079833984375,41.65781021118164
2017-07-25,118.91999816894531,95.98635864257812,22.618667602539062,21.385509490966797,59.06477737426758,26.339515686035156,43.70355987548828,19.909452438354492,69.38013458251953,41.95136642456055
2017-07-26,119.87999725341797,96.14169311523438,22.642728805541992,21.241352081298828,59.142337799072266,26.440296173095703,43.695648193359375,20.09910011291504,69.14708709716797,41.933013916015625
2017-07-27,119.79000091552734,95.66786193847656,22.872995376586914,21.122644424438477,58.80625915527344,26.339515686035156,44.12257766723633,20.148412704467773,68.67232513427734,42.24032211303711
2017-07-28,120.69000244140625,96.23490142822266,22.845510482788086,21.122644424438477,58.94413375854492,26.312034606933594,43.75099182128906,20.118066787719727,69.01761627197266,41.919254302978516
2017-07-31,120.75,96.35142517089844,22.897056579589844,21.275270462036133,58.86655807495117,26.18376922607422,43.73517990112305,20.186344146728516,68.95718383789062,41.90549087524414
2017-08-01,120.6500015258789,97.02790832519531,22.893630981445312,21.42791175842285,58.69422149658203,26.316612243652344,43.687747955322266,20.30013656616211,68.80184936523438,41.978885650634766
2017-08-02,120.4000015258789,97.08241271972656,22.807701110839844,21.461822509765625,58.95275115966797,26.38990592956543,43.65612030029297,20.387371063232422,68.64646911621094,41.86420440673828
2017-08-03,120.58999633789062,98.08660125732422,22.488067626953125,21.385509490966797,59.24574661254883,26.330352783203125,43.61659240722656,20.48978614807129,68.75865936279297,41.749534606933594
2017-08-04,119.6500015258789,97.25365447998047,22.560239791870117,21.529661178588867,59.35778045654297,26.38990592956543,43.49800109863281,20.398752212524414,68.60330200195312,41.754127502441406
2017-08-07,119.51000213623047,97.36265563964844,22.388391494750977,21.495744705200195,59.35778045654297,26.55023193359375,43.8221435546875,20.46323585510254,68.75005340576172,41.850440979003906
2017-08-08,119.86000061035156,97.01236724853516,22.33683967590332,21.436386108398438,59.176795959472656,26.51358985900879,43.65612030029297,20.546680450439453,68.4306869506836,41.87338638305664
2017-08-09,121.30999755859375,97.54166412353516,22.357458114624023,21.436386108398438,59.19404983520508,26.499841690063477,43.7272834777832,20.440471649169922,68.50835418701172,41.63029098510742
2017-08-10,122.20999908447266,98.37467193603516,22.120309829711914,21.054807662963867,58.444313049316406,25.97763442993164,43.54544448852539,20.504961013793945,67.6538314819336,41.006465911865234
2017-08-11,122.79000091552734,98.42137145996094,21.97595977783203,20.970012664794922,58.478790283203125,26.156286239624023,43.57706832885742,20.38357925415039,67.84374237060547,41.217464447021484
2017-08-14,121.91999816894531,97.91535186767578,21.9106502532959,21.25830841064453,59.090641021728516,26.573135375976562,43.7905158996582,20.50115966796875,68.30120086669922,41.51103591918945
2017-08-15,120.9800033569336,97.50279998779297,21.828163146972656,21.275270462036133,58.961368560791016,26.614364624023438,44.01188659667969,20.614952087402344,68.30120086669922,41.13031768798828
2017-08-16,121.87000274658203,97.86083984375,21.618511199951172,21.232877731323242,59.12510299682617,26.692243576049805,44.16209411621094,20.69839859008789,68.49107360839844,41.341312408447266
2017-08-17,122.48999786376953,98.59263610839844,21.312623977661133,20.86825180053711,58.099609375,26.170034408569336,43.758888244628906,20.550472259521484,67.6365737915039,40.680816650390625
2017-08-18,122.30000305175781,98.56929779052734,21.419164657592773,20.876731872558594,57.86693572998047,26.14254379272461,43.64031219482422,20.671844482421875,67.32585906982422,40.47898483276367
2017-08-21,122.76000213623047,98.81060028076172,21.309185028076172,20.817380905151367,57.961734771728516,26.13338279724121,43.79843521118164,20.74770164489746,67.62792205810547,40.552364349365234
2017-08-22,122.20999908447266,98.42913818359375,21.450096130371094,21.046323776245117,58.625274658203125,26.52274513244629,43.80634307861328,20.793222427368164,68.44794464111328,40.98812484741211
2017-08-23,122.66999816894531,99.09866333007812,21.542898178100586,20.978487014770508,58.073753356933594,26.458616256713867,43.67983627319336,20.861495971679688,67.93003845214844,40.6395149230957
2017-08-24,122.29000091552734,98.7327651977539,21.556644439697266,20.978487014770508,57.89278030395508,26.43571662902832,43.07899856567383,20.84632682800293,68.12859344482422,40.552364349365234
2017-08-25,122.73999786376953,99.1142349243164,21.65287971496582,21.037845611572266,58.16855239868164,26.431133270263672,43.22129821777344,20.914594650268555,68.14581298828125,40.65327453613281
2017-08-28,124.69000244140625,99.0519027709961,21.556644439697266,20.90216636657715,58.13407516479492,26.48151969909668,43.09480667114258,20.952529907226562,68.50835418701172,40.67621994018555
2017-08-29,124.41999816894531,99.37108612060547,21.52914810180664,20.834339141845703,58.55635070800781,26.596046447753906,43.245018005371094,20.907011032104492,68.63783264160156,40.6395149230957
2017-08-30,124.36000061035156,99.33997344970703,21.539459228515625,20.919130325317383,58.79763412475586,26.788436889648438,43.23711013793945,20.84632682800293,68.9917221069336,40.93307876586914
2017-08-31,125.81999969482422,99.63578796386719,21.642574310302734,20.944568634033203,58.99583435058594,26.94876480102539,43.25292205810547,20.85011863708496,70.16559600830078,41.125736236572266
2017-09-01,126.05999755859375,98.8736572265625,21.85222625732422,21.003929138183594,59.047542572021484,26.925857543945312,43.45848083496094,20.7856388092041,70.11383056640625,41.313777923583984
2017-09-05,127.45999908447266,100.44158172607422,21.97252082824707,20.55451202392578,58.45295333862305,26.687654495239258,43.52172088623047,20.8387393951416,69.81172943115234,41.144081115722656
2017-09-06,126.80999755859375,99.82536315917969,22.329965591430664,20.605382919311523,58.51325988769531,26.710561752319336,43.70355987548828,20.74391746520996,70.14836120605469,41.400936126708984
2017-09-07,128.1300048828125,100.84722137451172,22.371206283569336,20.24924659729004,58.6339111328125,26.802181243896484,43.766807556152344,20.89942741394043,70.92517852783203,41.04317092895508
2017-09-08,127.97000122070312,100.62879180908203,22.13405418395996,20.435800552368164,58.832115173339844,26.582298278808594,43.5533447265625,20.99803924560547,71.24456024169922,40.90096664428711
2017-09-11,126.19000244140625,99.42749786376953,22.343708038330078,20.791940689086914,59.34055709838867,26.957921981811523,43.8221435546875,21.176321029663086,71.79698944091797,41.116554260253906
2017-09-12,126.55999755859375,98.90487670898438,22.48118782043457,21.037845611572266,59.62492370605469,27.022048950195312,43.917015075683594,20.823566436767578,71.95234680175781,41.300025939941406
2017-09-13,125.61000061035156,98.51484680175781,22.763017654418945,21.071762084960938,59.53873062133789,26.985410690307617,43.94074249267578,20.72115707397461,71.68475341796875,41.598182678222656
2017-09-14,126.16000366210938,98.92042541503906,22.872995376586914,21.029359817504883,59.8231201171875,26.89379119873047,43.85376739501953,20.895631790161133,71.77973175048828,41.373416900634766
2017-09-15,125.52999877929688,98.95947265625,22.926977157592773,21.091527938842773,60.070701599121094,27.003664016723633,43.930152893066406,20.925060272216797,71.55012512207031,41.257423400878906
2017-09-18,124.36000061035156,98.3900146484375,23.02448272705078,21.338459014892578,60.408321380615234,27.026657104492188,43.9937858581543,20.711036682128906,71.53280639648438,41.11472702026367
2017-09-19,124.62000274658203,98.148193359375,23.118499755859375,21.500244140625,60.46893310546875,27.146177291870117,43.858551025390625,20.668991088867188,70.96965026855469,41.077911376953125
2017-09-20,123.62000274658203,98.21842193603516,23.275197982788086,21.627967834472656,60.910465240478516,27.035842895507812,43.4369010925293,20.51612091064453,71.03898620605469,41.21599197387695
2017-09-21,122.68000030517578,98.16377258300781,23.282167434692383,21.679054260253906,61.09223937988281,26.88873863220215,43.02322006225586,20.512292861938477,70.67514038085938,41.14694595336914
2017-09-22,123.23999786376953,98.44461059570312,23.40056610107422,21.65350914001465,61.24806213378906,26.902530670166016,42.895931243896484,20.344131469726562,70.67514038085938,41.21599197387695
2017-09-25,124.52999877929688,99.06086730957031,23.73833465576172,21.627967834472656,61.24806213378906,26.5853328704834,43.20620346069336,20.531404495239258,70.46721649169922,41.12853240966797
2017-09-26,123.13999938964844,98.88143157958984,23.727882385253906,21.619449615478516,61.24806213378906,26.68186378479004,43.30961227416992,20.493181228637695,70.3545913696289,41.13312911987305
2017-09-27,121.9800033569336,97.39151763916016,23.828874588012695,21.883419036865234,61.31731414794922,26.953094482421875,42.975494384765625,20.218006134033203,70.32860565185547,41.35869598388672
2017-09-28,122.20999908447266,97.10292053222656,23.84977149963379,21.917476654052734,61.28268051147461,26.985275268554688,42.975494384765625,20.29062271118164,70.3892593383789,41.30805969238281
2017-09-29,121.58000183105469,97.32134246826172,23.846282958984375,22.019655227661133,61.46448516845703,27.169160842895508,42.943660736083984,20.275333404541016,70.80509185791016,41.464561462402344
2017-10-02,120.7699966430664,97.1430892944336,23.839317321777344,22.20698356628418,61.888671875,27.21053695678711,42.864112854003906,20.30973243713379,71.52411651611328,41.542808532714844
2017-10-03,120.83000183105469,97.23690795898438,23.814945220947266,22.283618927001953,62.15706253051758,27.2748966217041,42.911842346191406,20.252403259277344,71.50682067871094,41.71773910522461
2017-10-04,121.16999816894531,97.24469757080078,23.79753303527832,22.181434631347656,62.13972091674805,27.256502151489258,43.047088623046875,20.454967498779297,71.85332489013672,41.93407440185547
2017-10-05,120.5199966430664,96.87733459472656,23.905487060546875,22.41133689880371,62.286895751953125,27.518545150756836,43.238014221191406,20.435853958129883,71.90531921386719,42.1688346862793
2017-10-06,121.08999633789062,96.60376739501953,23.703514099121094,22.436885833740234,62.27824783325195,27.559925079345703,42.80841827392578,20.420568466186523,71.81005096435547,42.21946334838867
2017-10-09,122.08000183105469,96.90862274169922,23.75226593017578,22.35173797607422,62.105098724365234,27.628875732421875,42.689083099365234,20.44732093811035,71.35951232910156,42.08598327636719
2017-10-10,122.4000015258789,97.06497192382812,23.773155212402344,22.453916549682617,62.200340270996094,27.65645980834961,43.0629997253418,20.64606475830078,71.52411651611328,42.0445442199707
2017-10-11,122.79000091552734,97.25251770019531,23.828874588012695,22.41133689880371,62.165687561035156,27.7484073638916,43.15050506591797,20.73396110534668,71.6627426147461,42.06755447387695
2017-10-12,122.88999938964844,97.66679382324219,23.7418212890625,22.241046905517578,62.494667053222656,27.679447174072266,43.3334846496582,20.840980529785156,71.58479309082031,41.786781311035156
2017-10-13,123.81999969482422,98.3702621459961,23.727882385253906,22.249561309814453,62.38211441040039,27.812767028808594,43.41303634643555,20.695749282836914,71.40283966064453,41.98930740356445
2017-10-16,122.97000122070312,98.29991149902344,23.780128479003906,22.39431381225586,62.451393127441406,27.91390037536621,43.4289436340332,20.64988136291504,71.0909652709961,42.0445442199707
2017-10-17,122.12999725341797,98.42498779296875,23.794052124023438,22.283618927001953,62.286895751953125,27.91390037536621,43.269832611083984,20.772184371948242,72.04395294189453,42.06755447387695
2017-10-18,121.66999816894531,97.77622985839844,23.626907348632812,22.40282440185547,62.312870025634766,27.98285675048828,43.21415710449219,20.73396110534668,72.14790344238281,41.952491760253906
2017-10-19,122.38999938964844,97.94818878173828,23.55377769470215,22.41985511779785,62.48600769042969,27.90010643005371,42.98344039916992,20.951818466186523,72.58972930908203,41.952491760253906
2017-10-20,121.61000061035156,96.90862274169922,23.599044799804688,22.683820724487305,63.1612548828125,28.088592529296875,42.88002014160156,20.967100143432617,72.66769409179688,42.05375671386719
2017-10-23,121.80000305175781,97.08056640625,23.477169036865234,22.666790008544922,62.763038635253906,27.955276489257812,42.84819412231445,20.978572845458984,72.48578643798828,41.76836395263672
2017-10-24,121.33000183105469,96.47867584228516,23.522443771362305,22.828569412231445,63.11798095703125,28.033428192138672,42.69703674316406,20.997678756713867,72.0006103515625,41.86962127685547
2017-10-25,121.3499984741211,96.01750183105469,23.358768463134766,22.69233512878418,62.494667053222656,27.8817195892334,42.57771682739258,20.90595245361328,71.89664459228516,41.708518981933594
2017-10-26,120.33000183105469,95.69707489013672,23.40752601623535,22.820056915283203,62.58123016357422,27.99664878845215,42.60953903198242,20.90977668762207,71.17762756347656,41.85581588745117
2017-10-27,120.9000015258789,96.3302001953125,23.44931411743164,22.803030014038086,62.607208251953125,28.750581741333008,42.24357986450195,21.039724349975586,71.16026306152344,42.53247833251953
2017-10-30,121.12999725341797,97.25251770019531,23.571191787719727,22.70936393737793,62.17436218261719,28.814939498901367,41.88558578491211,21.043546676635742,70.3979263305664,42.33914566040039
2017-10-31,120.66999816894531,97.28377532958984,23.647796630859375,22.649763107299805,61.92330551147461,28.93906021118164,42.23562240600586,21.066476821899414,70.26798248291016,42.343753814697266
2017-11-01,121.11000061035156,97.71695709228516,23.915935516357422,22.683820724487305,61.888671875,28.943662643432617,42.37086486816406,20.947994232177734,70.44120788574219,42.35756301879883
2017-11-02,121.19000244140625,98.14778137207031,23.846282958984375,22.896690368652344,62.243614196777344,28.95745849609375,42.2674446105957,21.024431228637695,70.12066650390625,42.03996276855469
2017-11-03,120.62000274658203,98.41410827636719,23.915935516357422,22.803030014038086,62.18302536010742,29.18731117248535,42.27540588378906,21.10087013244629,70.70113372802734,42.21024703979492
2017-11-06,121.6500015258789,98.7822265625,24.46263885498047,22.77748680114746,62.21763610839844,29.251667022705078,41.821937561035156,21.020610809326172,70.48455047607422,42.51866149902344
2017-11-07,121.20999908447266,99.19741821289062,24.431297302246094,22.462432861328125,62.312870025634766,29.26546287536621,42.29130554199219,21.272857666015625,70.63182067871094,42.26549530029297
2017-11-08,121.62999725341797,98.97805786132812,24.312904357910156,22.35173797607422,62.20900344848633,29.426362991333008,42.75273513793945,21.288145065307617,70.79643249511719,42.311519622802734
2017-11-09,122.12999725341797,98.69609069824219,24.386032104492188,22.275104522705078,61.42988204956055,29.191909790039062,42.744773864746094,21.314903259277344,70.80509185791016,42.375972747802734
2017-11-10,121.12999725341797,97.20777893066406,24.257184982299805,22.20698356628418,61.51641082763672,29.191909790039062,43.18233108520508,21.215532302856445,70.34591674804688,42.51866149902344
2017-11-13,121.30999755859375,97.4114761352539,24.117904663085938,22.241046905517578,61.30865478515625,29.182716369628906,43.4289436340332,21.467777252197266,70.41526794433594,42.66135787963867
2017-11-14,121.55999755859375,98.06945037841797,23.727882385253906,22.232524871826172,61.14419937133789,29.12294578552246,43.58009338378906,21.735307693481445,70.12934112548828,42.69818115234375
2017-11-15,121.41000366210938,99.1347427368164,23.45976448059082,22.292129516601562,60.79792404174805,28.90688133239746,43.118682861328125,21.548032760620117,69.93009185791016,42.514076232910156
2017-11-16,121.4000015258789,98.27314758300781,23.365739822387695,22.300643920898438,61.36925506591797,29.311437606811523,43.71533966064453,21.479244232177734,70.65780639648438,42.868499755859375
2017-11-17,122.86000061035156,99.0015869140625,23.48065185546875,22.275104522705078,61.031646728515625,29.12294578552246,43.56418991088867,21.33018684387207,70.38055419921875,43.05722427368164
2017-11-20,121.30999755859375,98.96240997314453,23.424930572509766,22.377281188964844,61.30865478515625,29.23328399658203,43.5164680480957,21.265216827392578,70.08602905273438,43.14006805419922
2017-11-21,121.51000213623047,99.27571105957031,23.477169036865234,22.44540023803711,61.75016784667969,29.541292190551758,43.65965270996094,21.32254981994629,70.70113372802734,43.40706253051758
2017-11-22,122.62999725341797,99.59688568115234,23.571191787719727,22.334712982177734,61.8194465637207,29.486125946044922,43.60396194458008,21.32254981994629,70.67514038085938,43.448486328125
2017-11-24,122.31999969482422,99.32272338867188,23.637353897094727,22.326190948486328,61.8194465637207,29.65161895751953,43.5721435546875,21.35694122314453,70.83973693847656,43.558956146240234
2017-11-27,122.83000183105469,99.18175506591797,23.39707374572754,22.309165954589844,61.92330551147461,29.65161895751953,43.596012115478516,21.44866943359375,70.900390625,43.59117889404297
2017-11-28,122.80999755859375,99.31492614746094,23.57815170288086,22.88817596435547,62.86690902709961,29.748159408569336,43.95399856567383,21.548032760620117,71.42018127441406,44.074501037597656
2017-11-29,122.04000091552734,98.33578491210938,23.70699691772461,23.279863357543945,63.42095947265625,29.09077262878418,44.184722900390625,21.55950355529785,71.775390625,44.26322937011719
2017-11-30,121.0999984741211,98.00677490234375,24.06218147277832,23.433134078979492,64.5030746459961,29.348217010498047,44.59043884277344,21.632122039794922,72.31250762939453,44.4887809753418
2017-12-01,121.58999633789062,99.329345703125,24.26415252685547,23.484230041503906,63.70662307739258,29.196502685546875,44.70182800292969,21.55950355529785,72.16521453857422,44.47037124633789
2017-12-04,121.18000030517578,99.37643432617188,24.253705978393555,23.84185218811035,64.2433853149414,28.727598190307617,45.123470306396484,21.43720054626465,71.28156280517578,44.98591613769531
2017-12-05,120.31999969482422,99.87088775634766,24.149240493774414,23.71412467956543,63.69797897338867,28.736787796020508,45.05187225341797,21.165847778320312,71.16026306152344,44.72813415527344
2017-12-06,120.06999969482422,100.21629333496094,23.83584213256836,23.62898063659668,63.793216705322266,28.920673370361328,45.3382568359375,21.246103286743164,71.09961700439453,44.43815612792969
2017-12-07,118.48999786376953,99.43138122558594,23.905487060546875,23.705615997314453,64.38188171386719,29.099966049194336,44.90070724487305,21.284318923950195,71.11698913574219,44.553218841552734
2017-12-08,118.4800033569336,99.43921661376953,24.124862670898438,23.850370407104492,64.65890502929688,29.23788070678711,45.02003479003906,21.353118896484375,71.91399383544922,44.76497268676758
2017-12-11,118.01000213623047,99.23514556884766,24.298978805541992,23.79076385498047,64.52906036376953,29.490726470947266,45.012088775634766,21.483060836791992,72.21719360351562,44.861629486083984
2017-12-12,118.1500015258789,99.19593048095703,24.23280906677246,24.029176712036133,64.59829711914062,29.481534957885742,45.02003479003906,21.116159439086914,72.50306701660156,44.88003921508789
2017-12-13,119.16999816894531,99.94155883789062,24.197988510131836,23.731155395507812,64.849365234375,29.490726470947266,45.27461624145508,21.173492431640625,72.75434875488281,44.916866302490234
2017-12-14,118.93000030517578,100.36541748046875,24.110931396484375,23.57788848876953,64.4078598022461,29.453947067260742,45.07572555541992,21.1467342376709,72.01792907714844,45.054962158203125
2017-12-15,119.18000030517578,100.74214172363281,24.089210510253906,23.790040969848633,64.8622055053711,29.789867401123047,45.587059020996094,21.224271774291992,72.81031799316406,45.249874114990234
2017-12-18,119.7300033569336,99.8238296508789,24.27499008178711,24.003902435302734,65.32353210449219,30.05289077758789,45.56301498413086,20.988964080810547,72.83641052246094,45.65632247924805
2017-12-19,119.81999969482422,98.52870178222656,24.31003761291504,23.901248931884766,65.34093475341797,29.86831283569336,45.619117736816406,20.6070613861084,72.74944305419922,45.596282958984375
2017-12-20,120.13999938964844,97.43769836425781,24.6535701751709,23.858470916748047,65.55853271484375,29.859081268310547,45.53896713256836,20.44504737854004,72.51461029052734,45.50852966308594
2017-12-21,120.30999755859375,98.00556945800781,25.17587661743164,24.063785552978516,65.6107406616211,29.799087524414062,45.50691223144531,20.2020206451416,72.34933471679688,45.80412292480469
2017-12-22,120.94000244140625,98.13932037353516,25.228464126586914,23.995344161987305,65.62815856933594,29.7806396484375,45.57904052734375,20.23288345336914,72.114501953125,45.71637725830078
2017-12-26,121.7699966430664,98.43038177490234,25.449302673339844,23.926910400390625,65.69778442382812,29.58222198486328,45.683231353759766,20.113296508789062,72.13188934326172,45.817989349365234
2017-12-27,122.2300033569336,99.71241760253906,25.365169525146484,23.952571868896484,65.85446166992188,29.61452293395996,45.67522048950195,20.198165893554688,72.25366973876953,45.72560119628906
2017-12-28,122.8499984741211,99.62596130371094,25.403732299804688,24.046676635742188,65.98503112792969,29.665281295776367,45.60309600830078,20.310029983520508,72.35804748535156,45.85029983520508
2017-12-29,123.6500015258789,99.78325653076172,25.330116271972656,23.875581741333008,65.8631591796875,29.508398056030273,45.595069885253906,20.32159996032715,71.91444396972656,45.582427978515625
2018-01-02,125.1500015258789,98.70567321777344,25.747262954711914,23.884140014648438,66.25484466552734,29.872922897338867,45.31455612182617,20.13258171081543,72.72335815429688,46.275238037109375
2018-01-03,124.81999969482422,99.17758178710938,26.132856369018555,24.0124568939209,66.61170196533203,30.12209129333496,45.29853820800781,19.974422454833984,73.41918182373047,46.48770523071289
2018-01-04,125.45999908447266,99.16187286376953,26.290599822998047,24.234872817993164,67.09913635253906,30.274370193481445,45.426780700683594,19.808547973632812,73.52354431152344,46.64011764526367
2018-01-05,125.33000183105469,98.87870025634766,26.280086517333984,24.30330467224121,67.5604248046875,30.592748641967773,45.627132415771484,19.80083465576172,74.14981842041016,47.009613037109375
2018-01-08,125.30999755859375,98.81578063964844,26.43783187866211,24.26909065246582,67.8389892578125,30.708106994628906,45.73933792114258,19.985998153686523,73.88018035888672,47.06503677368164
2018-01-09,124.7300033569336,97.49433898925781,26.371227264404297,24.457290649414062,68.27417755126953,30.629667282104492,45.67522048950195,19.789262771606445,74.7499771118164,47.15742492675781
2018-01-10,125.02999877929688,97.37638092041016,26.339679718017578,24.662601470947266,68.26546478271484,30.523540496826172,45.450809478759766,19.5732364654541,74.61949157714844,47.12508010864258
2018-01-11,125.44000244140625,97.77750396728516,26.879518508911133,24.782360076904297,69.1358642578125,30.648122787475586,45.38669967651367,19.499942779541016,74.94132232666016,47.89179611206055
2018-01-12,126.95999908447266,97.94270324707031,27.138912200927734,25.004776000976562,69.77995300292969,30.82809066772461,45.40272521972656,19.38806915283203,75.515380859375,48.510704040527344
2018-01-16,127.16999816894531,98.35173797607422,26.795385360717773,24.93634605407715,69.15328979492188,30.708106994628906,45.611106872558594,19.34564971923828,75.88937377929688,48.164302825927734
2018-01-17,126.13999938964844,98.2179946899414,27.030242919921875,25.12453842163086,69.53626251220703,31.169538497924805,46.1320686340332,19.46522331237793,76.62001037597656,48.395240783691406
2018-01-18,125.86000061035156,97.30561065673828,26.809398651123047,25.09032440185547,69.1619644165039,31.224903106689453,45.99580383300781,19.341785430908203,76.63739776611328,48.35367202758789
2018-01-19,126.41999816894531,96.79434967041016,26.774343490600586,25.269973754882812,69.36216735839844,31.284893035888672,46.50873947143555,19.283926010131836,76.9244384765625,48.77397537231445
2018-01-22,126.6500015258789,96.88872528076172,27.352739334106445,25.47527313232422,69.36216735839844,31.589439392089844,46.861385345458984,19.31092071533203,77.42891693115234,49.31438064575195
2018-01-23,127.27999877929688,97.30561065673828,27.310684204101562,25.50093650817871,69.3969955444336,31.727867126464844,46.70909881591797,19.49608612060547,77.05490112304688,49.73006057739258
2018-01-24,128.8300018310547,96.77857208251953,27.237060546875,25.672027587890625,69.33606719970703,31.483304977416992,46.80528259277344,19.376501083374023,77.28105163574219,49.94251251220703
2018-01-25,127.97000122070312,97.57303619384766,27.02324104309082,25.620698928833008,69.40570068359375,31.427942276000977,46.82931900024414,19.67738914489746,77.94209289550781,49.85476303100586
2018-01-26,128.07000732421875,97.211181640625,27.170459747314453,25.808900833129883,70.20645904541016,31.92628288269043,47.05373001098633,19.68896484375,79.62078857421875,50.344356536865234
2018-01-29,127.3499984741211,96.53475189208984,26.76032257080078,25.706247329711914,69.73646545410156,31.635587692260742,46.86940002441406,19.4382266998291,79.40335083007812,50.2057991027832
2018-01-30,126.80000305175781,95.96843719482422,26.220491409301758,25.372617721557617,69.1880874633789,31.349496841430664,46.556827545166016,19.472942352294922,77.73333740234375,49.95637893676758
2018-01-31,127.6500015258789,96.53475189208984,26.238021850585938,25.441059112548828,69.3969955444336,31.584823608398438,46.34043884277344,19.68896484375,76.62870025634766,49.79471206665039
2018-02-01,128.07000732421875,95.13570404052734,26.507944107055664,25.680585861206055,69.2751235961914,31.612518310546875,46.14006805419922,19.380359649658203,76.65481567382812,49.240474700927734
2018-02-02,126.38999938964844,94.25293731689453,25.400230407714844,25.115983963012695,67.88249969482422,30.675811767578125,45.258460998535156,19.241487503051758,75.57628631591797,48.76936340332031
2018-02-05,126.70999908447266,95.14360809326172,24.334579467773438,23.849924087524414,64.8012924194336,29.39303970336914,43.615474700927734,18.925168991088867,72.22757720947266,47.12508010864258
2018-02-06,125.37999725341797,94.55242919921875,24.527379989624023,24.28620147705078,65.98503112792969,30.23744773864746,44.09634780883789,18.64356803894043,73.02777099609375,48.33058166503906
2018-02-07,124.79000091552734,93.65388488769531,24.117250442504883,24.30330467224121,66.10687255859375,29.849851608276367,43.903987884521484,18.554841995239258,72.94082641601562,48.18277359008789
2018-02-08,124.9800033569336,93.55145263671875,23.388120651245117,23.233999252319336,63.55657958984375,28.61322021484375,42.95825958251953,18.346538543701172,70.40969848632812,46.26138687133789
2018-02-09,124.7699966430664,92.96029663085938,23.370594024658203,23.678829193115234,64.24421691894531,29.314594268798828,43.04643249511719,18.732290267944336,71.40998077392578,46.57083511352539
2018-02-12,125.37000274658203,93.37012481689453,23.75267791748047,24.0124568939209,65.27998352050781,29.840621948242188,43.48722839355469,18.875015258789062,72.07970428466797,47.2036018371582
2018-02-13,126.08000183105469,93.78785705566406,23.65453338623047,24.115110397338867,65.4279556274414,29.91445541381836,43.68760681152344,18.959888458251953,72.13188934326172,47.448394775390625
2018-02-14,128.22999572753906,92.74746704101562,23.998058319091797,24.688257217407227,66.25484466552734,30.46354866027832,43.66355895996094,18.747718811035156,72.94947814941406,48.20586395263672
2018-02-15,128.3800048828125,93.062744140625,23.938472747802734,24.825136184692383,67.25578308105469,31.04495620727539,44.38487243652344,19.164339065551758,73.75840759277344,48.63542175292969
2018-02-16,127.95999908447266,93.56720733642578,23.878887176513672,24.79092025756836,67.27320861816406,30.998807907104492,44.56119918823242,19.334062576293945,74.28897857666016,48.39985656738281
2018-02-20,126.23999786376953,93.15733337402344,23.749176025390625,24.713926315307617,66.59429168701172,31.026500701904297,43.55134963989258,19.083332061767578,73.47138214111328,48.25206756591797
2018-02-21,125.66000366210938,92.01444244384766,23.349563598632812,24.748144149780273,66.61170196533203,30.82809066772461,43.03040313720703,18.83258628845215,73.16694641113281,48.18277359008789
2018-02-22,126.30000305175781,92.29029846191406,23.605453491210938,24.54283332824707,67.05562591552734,30.865001678466797,43.142608642578125,18.929027557373047,73.0538558959961,48.24281311035156
2018-02-23,126.13999938964844,93.11004638671875,24.117250442504883,24.91067886352539,67.61266326904297,31.5109920501709,43.559364318847656,19.422792434692383,74.21941375732422,48.91716766357422
2018-02-26,126.44999694824219,93.14156341552734,24.26096534729004,25.28707504272461,68.54401397705078,32.004730224609375,43.83186340332031,19.364927291870117,75.15876007080078,49.32823181152344
2018-02-27,125.12999725341797,93.0075454711914,23.94548225402832,25.04755210876465,67.68228912353516,31.681726455688477,43.25481033325195,19.05632781982422,74.37594604492188,48.28438949584961
2018-02-28,125.0,93.59868621826172,23.395132064819336,24.696823120117188,66.7161636352539,31.455625534057617,42.80600357055664,18.925168991088867,73.184326171875,48.06730651855469
2018-03-01,124.72000122070312,94.23768615722656,23.360076904296875,24.26909065246582,65.4105453491211,30.93421745300293,42.70981979370117,18.929027557373047,72.01881408691406,47.55002212524414
2018-03-02,125.38999938964844,93.47152709960938,23.4687442779541,24.328977584838867,65.39313507080078,31.229530334472656,43.07048034667969,18.878877639770508,72.74944305419922,47.5962028503418
2018-03-05,125.18000030517578,93.21883392333984,23.717636108398438,24.671159744262695,66.17652893066406,31.547916412353516,43.4471549987793,19.264636993408203,73.41048431396484,48.164302825927734
2018-03-06,126.52999877929688,93.30570220947266,23.731647491455078,24.773805618286133,66.47244262695312,31.617124557495117,43.47921371459961,19.006175994873047,73.3061294555664,48.496849060058594
2018-03-07,125.72000122070312,93.20304870605469,23.552865982055664,24.731033325195312,66.46372985839844,31.79247283935547,43.086509704589844,18.863449096679688,73.68011474609375,48.168922424316406
2018-03-08,125.41999816894531,93.7401351928711,23.545860290527344,24.808032989501953,66.8119125366211,31.930892944335938,43.47921371459961,19.0023193359375,74.17589569091797,48.32134246826172
2018-03-09,125.54000091552734,93.1240463256836,23.994558334350586,25.406841278076172,68.28287506103516,32.535377502441406,43.75973129272461,19.05632781982422,75.24574279785156,49.069583892822266
2018-03-12,125.54000091552734,93.66109466552734,23.987545013427734,25.321292877197266,67.43858337402344,32.63689041137695,43.67959213256836,19.1373291015625,74.92391204833984,49.231231689453125
2018-03-13,125.77999877929688,94.13499450683594,23.81578254699707,25.038991928100586,67.10783386230469,32.263118743896484,43.647525787353516,19.179767608642578,75.01958465576172,48.88482666015625
2018-03-14,125.69999694824219,94.96424865722656,23.67556381225586,24.756698608398438,66.37671661376953,32.235443115234375,43.206729888916016,19.376501083374023,74.6542739868164,48.82477951049805
2018-03-15,124.9000015258789,94.96424865722656,23.552865982055664,24.7652587890625,66.56819915771484,32.2538948059082,42.90217590332031,19.364927291870117,74.53250122070312,48.77397537231445
2018-03-16,124.5999984741211,94.6246337890625,23.76293182373047,24.786720275878906,66.92388153076172,32.2205696105957,42.91748809814453,19.53481674194336,74.53250122070312,48.723026275634766
2018-03-19,124.87000274658203,94.3245620727539,23.395769119262695,24.60641860961914,66.40825653076172,31.581806182861328,42.498374938964844,19.414304733276367,73.32799530029297,48.11617660522461
2018-03-20,124.30999755859375,93.94544219970703,23.59347915649414,24.66651725769043,66.63548278808594,31.567914962768555,42.37749099731445,19.32489013671875,73.4327163696289,48.40338897705078
2018-03-21,126.4800033569336,94.04810333251953,24.211288452148438,24.657936096191406,66.7141342163086,31.378145217895508,41.85361099243164,19.258800506591797,73.11849975585938,48.36632537841797
2018-03-22,125.9800033569336,94.9800796508789,23.71703338623047,23.74785804748535,64.51188659667969,30.568119049072266,41.50705337524414,19.34432601928711,71.0149154663086,47.337947845458984
2018-03-23,127.61000061035156,94.90900421142578,23.572290420532227,23.02666664123535,63.56804656982422,29.753463745117188,40.991233825683594,19.07219886779785,69.5398178100586,46.406856536865234
2018-03-26,128.27999877929688,94.54563903808594,23.99593734741211,23.773609161376953,65.10612487792969,30.882863998413086,41.57958221435547,19.270462036132812,70.98002624511719,47.77802276611328
2018-03-27,127.48999786376953,95.55661010742188,23.769990921020508,23.30998992919922,64.20600891113281,29.892318725585938,41.55541229248047,19.546470642089844,70.14208221435547,46.8422966003418
2018-03-28,125.7300033569336,95.809326171875,23.307512283325195,23.352916717529297,63.987548828125,29.69328498840332,42.12763977050781,19.5386962890625,70.51742553710938,46.27250671386719
2018-03-29,125.79000091552734,96.27529907226562,23.79823875427246,23.67057991027832,64.922607421875,30.28113555908203,42.41779327392578,19.643661499023438,71.04985809326172,46.92103958129883
2018-04-02,127.26000213623047,96.46527099609375,23.32163429260254,23.146860122680664,63.58553695678711,29.55904769897461,41.37809371948242,19.49205207824707,69.43507385253906,45.59618377685547
2018-04-03,126.30000305175781,95.7212905883789,23.819421768188477,23.46452522277832,64.46817016601562,29.85066795349121,41.9261474609375,19.55813980102539,70.49124145507812,46.17524337768555
2018-04-04,126.44999694824219,95.52338409423828,23.787639617919922,23.713512420654297,64.7478256225586,30.26724624633789,42.5789794921875,19.60089874267578,71.49504089355469,47.02296447753906
2018-04-05,125.80000305175781,94.81105041503906,24.21481704711914,23.902395248413086,65.40325164794922,30.392223358154297,42.68375778198242,19.756397247314453,71.44263458251953,47.652957916259766
2018-04-06,126.38999938964844,95.84790802001953,23.777055740356445,23.32715606689453,63.59430694580078,29.647001266479492,42.24853515625,19.60089874267578,69.72310638427734,46.638465881347656
2018-04-09,126.81999969482422,96.00619506835938,23.8900203704834,23.455942153930664,63.40199661254883,29.878435134887695,42.224365234375,19.63977813720703,70.41267395019531,46.527286529541016
2018-04-10,127.12000274658203,95.83207702636719,24.68082618713379,23.807954788208008,64.37205505371094,30.614410400390625,42.32106399536133,19.488162994384766,71.59973907470703,47.092445373535156
2018-04-11,128.11000061035156,96.17242431640625,24.938535690307617,23.524629592895508,63.900169372558594,30.43387794494629,42.240478515625,19.460948944091797,71.0149154663086,46.94883728027344
2018-04-12,126.62000274658203,95.46800231933594,24.935012817382812,23.936737060546875,64.8177490234375,30.79955291748047,42.175994873046875,19.204376220703125,71.49504089355469,47.15266418457031
2018-04-13,127.44999694824219,95.68962097167969,25.210376739501953,23.576141357421875,64.66046142578125,30.697721481323242,42.38554763793945,19.355987548828125,71.4601058959961,46.88861846923828
2018-04-16,127.62999725341797,95.7212905883789,25.468097686767578,23.67917823791504,65.3071517944336,30.93378448486328,42.844940185546875,19.620342254638672,72.0274429321289,47.24067306518555
2018-04-17,127.75,95.98249053955078,25.566957473754883,23.67917823791504,65.85772705078125,31.507740020751953,42.94166564941406,19.818601608276367,72.58609771728516,48.120811462402344
2018-04-18,127.8499984741211,95.21473693847656,25.969411849975586,23.56755828857422,66.53935241699219,31.424419403076172,42.6192741394043,19.744739532470703,72.64716339111328,48.34780502319336
2018-04-19,127.5999984741211,94.43909454345703,26.001190185546875,23.92814826965332,66.35584259033203,31.077280044555664,41.386165618896484,19.733074188232422,72.03614807128906,48.194942474365234
2018-04-20,126.62999725341797,93.7583999633789,25.87762451171875,23.936737060546875,66.06742858886719,30.646804809570312,40.693031311035156,19.55425453186035,71.65210723876953,47.703914642333984
2018-04-23,125.62000274658203,93.78215789794922,26.036495208740234,23.91097640991211,65.98878479003906,30.53571891784668,40.644676208496094,19.56591796875,71.93142700195312,47.80581283569336
2018-04-24,126.2300033569336,93.3547592163086,25.757593154907227,23.756441116333008,64.14484405517578,30.003406524658203,40.38676834106445,19.698087692260742,71.39026641845703,47.050750732421875
2018-04-25,125.41000366210938,92.7294921875,25.962350845336914,23.73927116394043,64.32836151123047,30.008039474487305,40.45930480957031,19.70197868347168,71.71321868896484,47.24529266357422
2018-04-26,124.97000122070312,93.37847900390625,26.340097427368164,23.74785804748535,64.09239959716797,30.55423927307129,40.701087951660156,19.900239944458008,72.62097930908203,48.0096321105957
2018-04-27,125.5,94.09876251220703,26.06120491027832,23.782197952270508,63.961307525634766,30.498680114746094,40.918704986572266,20.102394104003906,72.91775512695312,48.227359771728516
2018-04-30,124.58999633789062,94.26490783691406,26.057674407958984,23.56755828857422,63.1136474609375,30.299644470214844,40.66078567504883,20.044082641601562,71.80048370361328,48.03742218017578
2018-05-01,123.70999908447266,93.92546081542969,25.898807525634766,23.576141357421875,62.82524490356445,30.67920684814453,40.30616760253906,19.98187828063965,71.76559448242188,48.10228729248047
2018-05-02,123.6500015258789,93.82234954833984,26.004716873168945,23.30998992919922,62.274688720703125,30.646804809570312,39.516326904296875,19.962440490722656,70.77926635742188,47.773399353027344
2018-05-03,124.27999877929688,94.2427749633789,25.9446964263916,23.11251449584961,62.4232292175293,30.716236114501953,39.47602462768555,19.935226440429688,70.14208221435547,47.56031036376953
2018-05-04,124.54000091552734,94.38550567626953,26.07179832458496,23.41301918029785,63.14857482910156,31.299461364746094,40.04825973510742,20.024641036987305,70.70069122314453,48.1856575012207
2018-05-07,124.56999969482422,94.23481750488281,26.107097625732422,23.56755828857422,63.56804656982422,31.517004013061523,39.79841232299805,19.919681549072266,70.59596252441406,48.34780502319336
2018-05-08,124.58999633789062,94.1475830078125,26.31185531616211,23.730682373046875,64.02249908447266,31.5864315032959,39.63722229003906,19.422077178955078,70.06352996826172,48.143978118896484
2018-05-09,124.33000183105469,93.58438110351562,26.848478317260742,24.082687377929688,64.71288299560547,31.97525405883789,39.693634033203125,19.286006927490234,70.46504211425781,48.31074523925781
2018-05-10,125.18000030517578,94.337890625,27.04970359802246,24.28016471862793,65.14983367919922,32.39183807373047,39.927364349365234,19.55813980102539,71.40772247314453,48.48677444458008
2018-05-11,125.0,94.57591247558594,27.088537216186523,24.26299285888672,65.2896728515625,32.34553909301758,39.927364349365234,19.585351943969727,72.47257995605469,48.58869171142578
2018-05-14,124.48999786376953,94.07615661621094,27.275651931762695,24.245819091796875,65.17606353759766,32.340919494628906,39.91123962402344,19.511489868164062,72.95265197753906,48.68133544921875
2018-05-15,122.4800033569336,93.00530242919922,27.282711029052734,24.202892303466797,64.95758056640625,32.03541946411133,39.758113861083984,19.34821319580078,72.0099868774414,48.39875793457031
2018-05-16,122.29000091552734,92.64835357666016,27.378028869628906,24.245819091796875,65.19352722167969,32.178924560546875,40.040199279785156,19.196598052978516,72.4114990234375,48.80177688598633
2018-05-17,122.36000061035156,92.18035888671875,27.791086196899414,24.19430923461914,65.44695281982422,32.01227569580078,40.177215576171875,19.04109764099121,72.43766021728516,48.63962936401367
2018-05-18,122.41000366210938,92.97360229492188,27.57573127746582,23.996841430664062,65.83146667480469,31.878040313720703,39.927364349365234,19.04499053955078,72.62097930908203,48.579410552978516
2018-05-21,122.4800033569336,93.02115631103516,27.858165740966797,24.16855239868164,66.82776641845703,32.1557731628418,40.09661865234375,19.14217758178711,72.69080352783203,48.848106384277344
2018-05-22,122.41000366210938,92.8783950805664,27.48747444152832,24.331674575805664,66.00625610351562,32.1094856262207,40.02408218383789,19.212154388427734,72.55115509033203,48.630374908447266
2018-05-23,122.54000091552734,93.55262756347656,27.48394203186035,24.177143096923828,65.94509887695312,32.34553909301758,40.169151306152344,19.3870906829834,72.78681182861328,48.98243713378906
2018-05-24,123.58999633789062,94.29826354980469,27.032054901123047,23.988252639770508,66.26842498779297,32.30851364135742,40.136924743652344,19.546470642089844,72.49877166748047,49.08898162841797
2018-05-25,123.20999908447266,94.88530731201172,26.329513549804688,23.91097640991211,66.14610290527344,32.285377502441406,40.20138168334961,19.632003784179688,72.39403533935547,49.1630973815918
2018-05-29,123.19000244140625,96.9635238647461,26.248310089111328,23.11251449584961,65.08866882324219,32.1094856262207,40.112735748291016,19.632003784179688,71.65210723876953,48.78324508666992
2018-05-30,123.37000274658203,96.31307983398438,27.042644500732422,23.53321647644043,66.00625610351562,32.34553909301758,40.676902770996094,19.79138946533203,72.72571563720703,49.22793960571289
2018-05-31,123.0999984741211,96.1543960571289,26.8378849029541,23.335744857788086,65.0537109375,32.35480499267578,40.02408218383789,19.822490692138672,71.93142700195312,48.99169158935547
2018-06-01,122.48999786376953,95.64639282226562,26.964975357055664,23.593313217163086,65.77029418945312,32.90562057495117,40.02408218383789,19.519264221191406,72.76065063476562,49.35301971435547
2018-06-04,122.37000274658203,94.95468139648438,26.731971740722656,23.67057991027832,65.6741714477539,33.169464111328125,40.354515075683594,19.36376953125,73.03120422363281,49.904273986816406
2018-06-05,122.8499984741211,95.1772232055664,26.668424606323242,23.56755828857422,65.75282287597656,33.285179138183594,40.169151306152344,19.262685775756836,72.88285827636719,50.19611358642578
2018-06-06,122.91999816894531,94.40605163574219,26.7955265045166,23.996841430664062,66.30337524414062,33.50273132324219,40.21751403808594,18.803958892822266,73.70329284667969,50.66397476196289
2018-06-07,122.86000061035156,95.32038116455078,27.201515197753906,24.07411003112793,66.58303833007812,33.23426055908203,40.46735763549805,18.936134338378906,73.79931640625,50.81221008300781
2018-06-08,123.01000213623047,95.03416442871094,27.148557662963867,24.108455657958984,66.8015365600586,33.178707122802734,40.96706771850586,18.928359985351562,74.22700500488281,50.918758392333984
2018-06-11,123.2300033569336,94.85922241210938,27.289777755737305,24.056934356689453,66.93260192871094,33.21575164794922,41.30556106567383,18.889490127563477,74.36666870117188,51.122581481933594
2018-06-12,122.81999969482422,94.88308715820312,27.08148765563965,23.996841430664062,66.86268615722656,33.377750396728516,41.386165618896484,19.107189178466797,74.3230209350586,51.368099212646484
2018-06-13,123.19000244140625,94.83540344238281,26.979089736938477,23.91097640991211,66.32959747314453,33.20648956298828,41.2572021484375,19.05664825439453,74.34049224853516,51.44685363769531
2018-06-14,123.37999725341797,95.62252807617188,26.940263748168945,23.687753677368164,66.07617950439453,33.44254684448242,41.32973861694336,19.29378318786621,74.72453308105469,51.98419189453125
2018-06-15,121.33999633789062,95.70997619628906,26.361635208129883,23.68689727783203,65.91122436523438,33.31481170654297,41.86091995239258,19.431068420410156,74.86995697021484,52.06965255737305
2018-06-18,121.11000061035156,95.62252807617188,26.624652862548828,23.64377784729004,65.63922119140625,33.35197448730469,41.251773834228516,19.493825912475586,74.15160369873047,51.981407165527344
2018-06-19,120.80000305175781,96.17908477783203,26.564228057861328,23.583419799804688,64.25292205810547,33.18011474609375,41.47106170654297,19.686017990112305,74.34430694580078,51.9163703918457
2018-06-20,120.26000213623047,95.33627319335938,26.6815242767334,23.523061752319336,64.2967758178711,33.24977493286133,41.51166915893555,19.701705932617188,74.50199127197266,52.16254425048828
2018-06-21,120.05000305175781,95.8371810913086,26.18747901916504,23.454078674316406,63.48957824707031,32.994293212890625,41.59288787841797,19.76838493347168,74.0727310180664,51.790985107421875
2018-06-22,120.33999633789062,95.82926940917969,26.70994758605957,23.341976165771484,63.70890808105469,32.88745880126953,41.93402099609375,19.905664443969727,74.40567016601562,51.70273971557617
2018-06-25,119.88999938964844,96.0439224243164,26.173259735107422,23.091922760009766,62.90169906616211,32.20463562011719,42.145198822021484,20.23514175415039,73.72230529785156,50.578765869140625
2018-06-26,119.26000213623047,96.17908477783203,26.50380516052246,23.014314651489258,63.138607025146484,32.334693908691406,41.966514587402344,20.2586727142334,73.49453735351562,50.94103240966797
2018-06-27,118.58000183105469,97.08544921875,26.85922622680664,22.729761123657227,62.62971115112305,31.893409729003906,41.87717056274414,20.356731414794922,72.87248992919922,50.281517028808594
2018-06-28,118.22000122070312,97.10932159423828,26.823692321777344,22.928083419799805,62.71744918823242,32.28358840942383,41.87717056274414,20.348888397216797,72.9688720703125,50.676307678222656
2018-06-29,118.6500015258789,96.77535247802734,26.990734100341797,22.928083419799805,62.84907150268555,32.2696647644043,41.85279846191406,20.380268096923828,73.11779022216797,50.764549255371094
2018-07-02,117.45999908447266,96.69965362548828,26.592662811279297,23.04018211364746,62.98942184448242,32.55767059326172,41.6091423034668,20.525394439697266,73.34561157226562,50.8342170715332
2018-07-03,118.6500015258789,97.21761322021484,26.759716033935547,22.833232879638672,62.78762435913086,32.1721076965332,41.70661163330078,20.584224700927734,73.52079772949219,50.578765869140625
2018-07-05,119.05000305175781,97.49649047851562,26.731279373168945,22.884971618652344,63.094730377197266,32.62733459472656,42.283267974853516,20.694049835205078,74.28299713134766,50.82957077026367
2018-07-06,118.86000061035156,97.81529235839844,26.894760131835938,22.9970645904541,63.3140754699707,33.00823974609375,42.4132080078125,20.85486602783203,75.35184478759766,51.2289924621582
2018-07-09,119.1500015258789,97.18576049804688,27.296403884887695,23.523061752319336,64.4898452758789,33.25908660888672,42.25077438354492,20.21160888671875,75.90373229980469,51.84206771850586
2018-07-10,118.93000030517578,97.17774200439453,27.498987197875977,23.43683433532715,64.69158935546875,33.338050842285156,42.754337310791016,20.40380096435547,76.19286346435547,51.95354461669922
2018-07-11,117.63999938964844,97.55230712890625,26.916095733642578,23.324735641479492,63.62995529174805,33.207969665527344,42.61626434326172,20.588146209716797,75.58837127685547,51.83277893066406
2018-07-12,118.12999725341797,97.5443344116211,26.96230125427246,23.36785125732422,64.375732421875,33.73287582397461,42.559417724609375,20.603839874267578,76.42939758300781,52.17647171020508
2018-07-13,117.61000061035156,97.79135131835938,27.104469299316406,23.264373779296875,64.70915222167969,33.69572067260742,42.83555603027344,20.607757568359375,76.56954193115234,52.292572021484375
2018-07-16,117.55000305175781,97.38493347167969,26.791696548461914,23.678274154663086,64.44593048095703,33.616756439208984,42.63250732421875,20.588146209716797,76.10523986816406,52.422637939453125
2018-07-17,116.27999877929688,97.20166015625,26.685075759887695,23.70414161682129,64.70038604736328,33.86758041381836,42.998008728027344,20.572463989257812,76.5257568359375,52.47372817993164
2018-07-18,116.30999755859375,96.81119537353516,26.702844619750977,24.08354377746582,65.4111099243164,33.81184768676758,42.64875030517578,20.4665584564209,76.58710479736328,52.44121170043945
2018-07-19,115.80999755859375,97.42481231689453,26.70994758605957,23.721384048461914,65.384765625,33.691070556640625,42.67312240600586,20.654827117919922,76.15782165527344,52.3204460144043
2018-07-20,116.55999755859375,96.22946166992188,26.61754035949707,23.764497756958008,65.31458282470703,33.700355529785156,42.93303298950195,20.509700775146484,76.00888061523438,52.088233947753906
2018-07-23,116.0,95.04219818115234,26.500253677368164,24.092164993286133,64.91097259521484,33.87222671508789,42.66500473022461,20.36457061767578,76.16654968261719,52.032493591308594
2018-07-24,116.04000091552734,95.368896484375,26.83434295654297,24.161148071289062,65.18296813964844,34.05803298950195,42.7462272644043,20.435176849365234,76.8586654663086,51.87922668457031
2018-07-25,116.68000030517578,95.21751403808594,27.05826187133789,24.212888717651367,66.17445373535156,34.485389709472656,43.07110595703125,20.494009017944336,77.8398666381836,52.260074615478516
2018-07-26,115.7699966430664,95.03424835205078,27.353271484375,24.204265594482422,66.68335723876953,33.95583724975586,43.29851531982422,20.713665008544922,77.62085723876953,51.98605728149414
2018-07-27,115.83000183105469,95.19355010986328,27.235977172851562,24.25599479675293,66.69213104248047,33.37520217895508,43.355377197265625,20.6469783782959,77.06016540527344,51.85136795043945
2018-07-30,115.6500015258789,94.86688995361328,27.45989418029785,24.27324867248535,66.0340576171875,32.854949951171875,43.306636810302734,20.521467208862305,77.10398864746094,51.43799591064453
2018-07-31,115.98999786376953,95.38485717773438,27.410137176513672,24.100791931152344,67.49057006835938,32.943214416503906,43.50969696044922,20.705814361572266,77.90995788574219,51.67952346801758
2018-08-01,115.13999938964844,94.60770416259766,27.029834747314453,24.100791931152344,66.57807159423828,33.24049377441406,43.14419174194336,20.572463989257812,77.927490234375,51.424068450927734
2018-08-02,114.5199966430664,94.74349975585938,26.88055419921875,24.10940933227539,66.49031066894531,33.6585578918457,43.58277893066406,20.674434661865234,78.2165756225586,51.77704620361328
2018-08-03,114.91999816894531,95.2147216796875,26.741933822631836,24.247377395629883,66.55172729492188,33.779319763183594,44.09447479248047,20.90584945678711,78.6809310913086,51.95354461669922
2018-08-06,114.33000183105469,95.2706069946289,26.841455459594727,24.376718521118164,66.64825439453125,33.96048355102539,44.13508605957031,20.92154312133789,78.82109069824219,52.30188751220703
2018-08-07,114.58999633789062,94.77542114257812,27.040496826171875,24.488813400268555,67.12205505371094,34.09055709838867,43.8670654296875,20.890161514282227,78.8298568725586,52.54337692260742
2018-08-08,114.91000366210938,94.87127685546875,26.84500503540039,24.54917335510254,66.82374572753906,34.18344497680664,43.53404235839844,20.78034210205078,78.95249938964844,52.59912872314453
2018-08-09,114.73999786376953,95.66993713378906,26.59621238708496,24.402585983276367,66.45521545410156,34.1973876953125,43.40410614013672,20.874473571777344,78.8648910522461,52.794193267822266
2018-08-10,114.69000244140625,96.36477661132812,26.759716033935547,24.118038177490234,65.86736297607422,33.923336029052734,43.241668701171875,20.784263610839844,78.52323150634766,52.35297775268555
2018-08-13,112.95999908447266,96.16510009765625,26.41850471496582,23.88521385192871,65.55146789550781,33.87687683105469,43.241668701171875,20.811717987060547,78.54951477050781,52.088233947753906
2018-08-14,113.06999969482422,95.94950103759766,26.482486724853516,24.10940933227539,66.00772857666016,34.08590316772461,43.54218292236328,20.85486602783203,78.9174575805664,52.59449005126953
2018-08-15,111.19000244140625,96.50852966308594,25.558387756347656,23.919708251953125,65.69185638427734,33.779319763183594,43.72087097167969,21.047061920166016,78.7860336303711,51.95354461669922
2018-08-16,111.0999984741211,96.50053405761719,25.743202209472656,24.238754272460938,66.52540588378906,33.9279670715332,44.34625244140625,21.27454948425293,79.55699157714844,52.20899200439453
2018-08-17,112.12999725341797,96.62033081054688,25.80717658996582,24.290498733520508,66.92903137207031,33.97907257080078,44.68739318847656,21.384370803833008,79.80229949951172,52.25543975830078
2018-08-20,112.69000244140625,97.26724243164062,25.981340408325195,24.36809730529785,67.37651824951172,33.9279670715332,44.66302490234375,21.30985450744629,80.06513977050781,52.626991271972656
2018-08-21,113.0199966430664,96.93978118896484,26.11284065246582,24.462949752807617,67.87662506103516,33.983707427978516,44.34625244140625,21.156877517700195,80.06513977050781,53.045005798339844
2018-08-22,113.2699966430664,97.32313537597656,26.42561149597168,24.376718521118164,67.21856689453125,34.08590316772461,44.07011795043945,20.999988555908203,80.14397430419922,53.10074996948242
2018-08-23,112.19999694824219,97.47489166259766,26.301218032836914,24.264625549316406,67.02555847167969,34.16022872924805,43.96453094482422,20.984296798706055,80.1176986694336,53.049644470214844
2018-08-24,114.16000366210938,97.66657257080078,26.493146896362305,24.350847244262695,67.31507873535156,34.503971099853516,43.907676696777344,21.074508666992188,80.503173828125,53.3608283996582
2018-08-27,114.58999633789062,97.10749053955078,26.688627243041992,24.678516387939453,68.16618347167969,34.8198356628418,43.932044982910156,20.9450740814209,80.79228973388672,53.70452117919922
2018-08-28,113.68000030517578,96.52448272705078,26.57489013671875,24.652650833129883,68.02577209472656,34.88020706176758,43.78584289550781,20.901931762695312,80.83609008789062,53.811344146728516
2018-08-29,114.19999694824219,96.65225982666016,26.738388061523438,24.64402961730957,68.07843017578125,35.196083068847656,43.834571838378906,21.054903030395508,81.36173248291016,54.415138244628906
2018-08-30,113.63999938964844,96.85992431640625,26.663742065429688,24.454326629638672,67.60464477539062,35.089256286621094,43.69649124145508,21.0627384185791,81.3004150390625,54.10395431518555
2018-08-31,113.51000213623047,96.63632202148438,26.45760154724121,24.42845344543457,67.64851379394531,35.11711120605469,43.68025207519531,20.9725341796875,81.28289031982422,54.317588806152344
2018-09-04,112.93000030517578,96.07759857177734,26.40073585510254,24.54917335510254,67.59586334228516,34.98241424560547,43.6234016418457,21.066669464111328,80.63460540771484,54.419776916503906
2018-09-05,113.31999969482422,95.82144927978516,26.365190505981445,24.566423416137695,68.07843017578125,34.545780181884766,44.12696838378906,21.360837936401367,80.9587631225586,53.834564208984375
2018-09-06,113.54000091552734,96.17365264892578,25.878271102905273,24.454326629638672,68.28899383544922,34.29493713378906,44.24879837036133,21.4824275970459,80.9587631225586,53.68595504760742
2018-09-07,113.2300033569336,95.357177734375,25.87470817565918,24.42845344543457,68.07843017578125,34.17880630493164,44.159446716308594,21.21963882446289,81.08138275146484,53.68130111694336
2018-09-10,113.1500015258789,95.7093734741211,25.864042282104492,24.402585983276367,68.42939758300781,34.28564453125,44.31378173828125,21.325536727905273,80.87113189697266,53.881011962890625
2018-09-11,113.22000122070312,94.98097229003906,26.10928726196289,24.42845344543457,68.41184997558594,34.57829666137695,44.15134048461914,21.2706241607666,80.80104064941406,54.31296157836914
2018-09-12,114.16999816894531,95.20510864257812,26.244352340698242,24.204265594482422,68.6224365234375,34.43428421020508,44.66302490234375,21.251012802124023,81.20406341552734,54.415138244628906
2018-09-13,113.76000213623047,95.3492202758789,26.2550106048584,24.16977310180664,69.03479766845703,34.83840560913086,44.59804153442383,21.411823272705078,82.21154022216797,54.508018493652344
2018-09-14,113.0199966430664,94.8929214477539,26.39362144470215,24.34222412109375,69.37701416015625,34.810543060302734,44.4762077331543,21.298084259033203,81.93995666503906,54.30366897583008
2018-09-17,113.61000061035156,94.8929214477539,26.4362735748291,24.238754272460938,69.40332794189453,34.3739013671875,44.638648986816406,21.36867904663086,81.64207458496094,53.63020706176758
2018-09-18,113.44000244140625,93.9003677368164,26.61043930053711,24.35947036743164,70.03504943847656,34.59222412109375,44.451847076416016,21.3294620513916,82.11516571044922,54.31296157836914
2018-09-19,113.87999725341797,93.34007263183594,26.69217872619629,24.773366928100586,69.97364044189453,34.503971099853516,44.370628356933594,20.866636276245117,82.00128173828125,54.33617401123047
2018-09-20,114.2699966430664,93.77232360839844,26.699283599853516,24.988943099975586,70.07892608642578,34.912742614746094,44.931053161621094,20.909778594970703,82.79852294921875,54.707733154296875
2018-09-21,113.48999786376953,93.7322769165039,26.875709533691406,24.891935348510742,70.5321044921875,34.7747802734375,45.00302505493164,20.998821258544922,82.91020965576172,54.46596908569336
2018-09-24,113.47000122070312,93.49214172363281,27.26936912536621,24.61478042602539,69.32421875,34.94723129272461,44.315948486328125,20.81281089782715,83.07730865478516,54.111934661865234
2018-09-25,113.6500015258789,93.39608764648438,27.444726943969727,24.51950454711914,69.11262512207031,34.9052848815918,44.0542106628418,20.527868270874023,82.822265625,54.340187072753906
2018-09-26,113.05000305175781,94.05242919921875,27.179895401000977,24.225032806396484,69.06855773925781,34.7747802734375,44.103294372558594,20.326032638549805,83.00695037841797,54.46596908569336
2018-09-27,112.05000305175781,94.11648559570312,27.179895401000977,24.1384220123291,69.16554260253906,34.97986602783203,44.04603576660156,20.535783767700195,83.4291000366211,54.65229415893555
2018-09-28,112.76000213623047,93.86837768554688,27.10475730895996,23.887245178222656,69.12146759033203,35.110355377197266,44.111473083496094,20.836557388305664,83.68415832519531,54.60572814941406
2018-10-01,112.56999969482422,93.1792221069336,27.480510711669922,23.982524871826172,69.72982788085938,35.27815246582031,44.078758239746094,20.76532554626465,84.09752655029297,54.43803024291992
2018-10-02,113.87000274658203,93.74881744384766,27.509140014648438,23.982524871826172,69.88848876953125,35.28281021118164,44.332313537597656,21.04631233215332,84.00079345703125,53.701988220214844
2018-10-03,113.41999816894531,92.12028503417969,27.731016159057617,24.207706451416016,70.17945098876953,35.38999938964844,43.85791015625,20.793027877807617,83.84246826171875,53.52030944824219
2018-10-04,113.4800033569336,91.470458984375,27.616491317749023,24.372270584106445,69.9502182006836,34.75146484375,43.75156784057617,20.903837203979492,83.02452850341797,52.68180847167969
2018-10-05,113.80000305175781,90.68429565429688,27.61292266845703,24.251020431518555,69.58872985839844,34.31334686279297,43.71068572998047,21.224403381347656,82.92777252197266,52.28583908081055
2018-10-08,112.54000091552734,90.37947082519531,27.591447830200195,24.415573120117188,69.76505279541016,33.92649841308594,44.315948486328125,21.402488708496094,82.89260864257812,52.42093276977539
2018-10-09,112.5999984741211,91.29400634765625,27.8383846282959,24.3203067779541,68.689453125,34.04767990112305,44.21781539916992,21.48955726623535,83.0333480834961,52.267208099365234
2018-10-10,112.87999725341797,91.04527282714844,26.965181350708008,23.566789627075195,66.47653198242188,32.39773178100586,43.68614196777344,21.370826721191406,81.07207489013672,50.50632858276367
2018-10-11,115.77999877929688,92.15238952636719,26.052627563476562,22.8652400970459,64.7220230102539,31.98756217956543,42.606468200683594,20.979034423828125,78.88209533691406,49.61658477783203
2018-10-12,115.2300033569336,91.83145141601562,26.124204635620117,22.8912296295166,65.15402221679688,33.012962341308594,42.843658447265625,20.95528793334961,80.09580993652344,50.534278869628906
2018-10-15,116.0,91.79136657714844,25.905899047851562,22.787294387817383,65.2774887084961,32.47230529785156,43.105411529541016,21.05422592163086,79.5417251586914,50.41781234741211
2018-10-16,115.80000305175781,91.99995422363281,26.12061882019043,23.16838264465332,66.37952423095703,33.451087951660156,43.58798599243164,21.27189064025879,81.722900390625,51.42869567871094
2018-10-17,115.79000091552734,91.45442199707031,25.956003189086914,23.40222930908203,65.89459991455078,33.297279357910156,43.7924690246582,21.232318878173828,82.15381622314453,51.00478744506836
2018-10-18,115.91999816894531,91.42237091064453,25.827171325683594,23.012475967407227,64.75727844238281,32.644752502441406,43.735225677490234,21.263975143432617,81.2215805053711,50.02651596069336
2018-10-19,116.01000213623047,91.22178649902344,25.59813690185547,23.099092483520508,64.51924896240234,32.630775451660156,44.73310852050781,21.596410751342773,80.48279571533203,49.53739547729492
2018-10-22,115.70999908447266,91.10147857666016,25.31542205810547,22.605409622192383,64.298828125,32.901092529296875,44.39775085449219,21.457895278930664,79.82316589355469,49.73768997192383
2018-10-23,116.38999938964844,91.3902587890625,24.653371810913086,22.42352867126465,63.24085235595703,32.77526092529297,44.59406280517578,21.339168548583984,79.39222717285156,49.74701690673828
2018-10-24,116.66000366210938,92.08019256591797,23.679977416992188,21.860565185546875,61.098426818847656,31.307085037231445,44.78218078613281,21.857614517211914,76.77130889892578,48.26097869873047
2018-10-25,116.4000015258789,91.69515228271484,23.969844818115234,22.19834327697754,61.53044509887695,32.383750915527344,44.888511657714844,21.51725959777832,77.76514434814453,49.71907424926758
2018-10-26,116.7699966430664,92.24866485595703,23.79092025756836,21.877883911132812,60.92211151123047,31.735885620117188,44.02967834472656,21.121503829956055,76.88565826416016,48.17247772216797
2018-10-29,116.30999755859375,92.04006958007812,23.347164154052734,22.068424224853516,59.90821075439453,31.19988441467285,44.536800384521484,21.418317794799805,77.0791244506836,47.74856185913086
2018-10-30,115.80000305175781,91.58280181884766,23.88753890991211,22.449506759643555,61.142513275146484,31.54945945739746,45.42017364501953,21.50143051147461,77.90587615966797,48.4659538269043
2018-10-31,115.1500015258789,91.11749267578125,24.034265518188477,22.761308670043945,61.60979080200195,32.29985809326172,44.994842529296875,21.248146057128906,78.01141357421875,49.090179443359375
2018-11-01,116.62999725341797,91.20196533203125,24.238243103027344,22.8652400970459,62.694210052490234,32.67738723754883,45.313846588134766,21.153167724609375,78.9964370727539,50.09172821044922
2018-11-02,116.6500015258789,90.06803894042969,24.177406311035156,22.84792137145996,62.58843231201172,32.03884506225586,45.076637268066406,21.034435272216797,78.5039291381836,50.296695709228516
2018-11-05,116.37000274658203,90.42189025878906,24.581796646118164,23.211688995361328,62.91463851928711,32.0062141418457,45.641021728515625,21.33125114440918,79.19873809814453,50.366573333740234
2018-11-06,116.04000091552734,90.36558532714844,24.696311950683594,23.33294677734375,63.575870513916016,32.206642150878906,45.91912078857422,21.47372817993164,79.60332489013672,50.590187072753906
2018-11-07,116.02999877929688,90.48623657226562,25.100706100463867,23.636077880859375,64.6073989868164,33.15277862548828,46.18085479736328,21.719099044799805,81.94276428222656,51.95975112915039
2018-11-08,115.77999877929688,90.4781723022461,24.556743621826172,23.705366134643555,64.5016098022461,33.12482452392578,46.20539474487305,21.6834774017334,81.98672485351562,51.973731994628906
2018-11-09,114.4800033569336,91.15369415283203,24.5137996673584,23.488840103149414,63.849212646484375,32.551536560058594,46.47531509399414,21.715139389038086,81.74925231933594,51.25166320800781
2018-11-12,113.66000366210938,91.748779296875,24.00563621520996,23.021142959594727,62.58843231201172,31.40496826171875,46.22992706298828,21.703266143798828,80.64109802246094,50.2221565246582
2018-11-13,113.69999694824219,91.69247436523438,23.45452117919922,23.151058197021484,62.87055969238281,31.442251205444336,46.12360763549805,21.794288635253906,80.07820129394531,50.198883056640625
2018-11-14,114.63999938964844,91.748779296875,23.4151554107666,22.839265823364258,62.65895462036133,31.06471824645996,45.812782287597656,21.568706512451172,79.43619537353516,49.82154846191406
2018-11-15,114.7699966430664,91.70855712890625,23.75870704650879,23.177043914794922,63.48772430419922,31.843093872070312,45.739158630371094,21.3906192779541,80.13980865478516,49.74701690673828
2018-11-16,115.62000274658203,92.23934936523438,24.04142189025879,23.203022003173828,63.47008514404297,31.791818618774414,45.85367202758789,21.719099044799805,80.94893646240234,49.551353454589844
2018-11-19,115.66999816894531,92.49665832519531,24.034265518188477,23.194364547729492,62.46497344970703,30.57999038696289,45.78007507324219,21.81407356262207,79.91991424560547,48.340179443359375
2018-11-20,115.66999816894531,92.52884674072266,23.24696159362793,22.68335723876953,61.168968200683594,29.922805786132812,45.019386291503906,21.723052978515625,79.17232513427734,47.24543762207031
2018-11-21,115.86000061035156,92.49665832519531,23.611984252929688,22.70067596435547,61.600982666015625,30.14186668395996,44.659488677978516,21.402488708496094,78.72380065917969,47.7392463684082
2018-11-23,115.7699966430664,92.59317016601562,22.871198654174805,22.518800735473633,61.477535247802734,29.86687660217285,44.814903259277344,21.414358139038086,78.83814239501953,47.524959564208984
2018-11-26,115.63999938964844,92.38406372070312,23.214750289916992,22.977842330932617,61.927181243896484,30.542701721191406,44.87216567993164,21.54100799560547,79.60332489013672,48.59172058105469
2018-11-27,114.94999694824219,92.48863983154297,23.15033721923828,22.995162963867188,61.821388244628906,30.603294372558594,45.2729377746582,21.703266143798828,80.43002319335938,48.73614501953125
2018-11-28,115.37999725341797,92.03826141357422,23.547569274902344,23.43687629699707,63.30256271362305,31.67529296875,45.64918899536133,21.687435150146484,82.36491394042969,50.17558670043945
2018-11-29,115.73999786376953,92.40016174316406,23.70145034790039,23.237668991088867,63.33782196044922,31.3676815032959,45.72280502319336,21.679523468017578,82.63755798339844,49.942665100097656
2018-11-30,115.54000091552734,92.74595642089844,23.65850257873535,23.35892677307129,63.95498275756836,31.66597557067871,46.017269134521484,22.000085830688477,84.31742095947266,50.3060188293457
2018-12-03,116.41000366210938,93.4045181274414,24.184568405151367,23.50616455078125,64.69557189941406,32.36510467529297,46.05817413330078,22.22170639038086,83.91283416748047,51.24700927734375
2018-12-04,117.12000274658203,94.96823120117188,23.490304946899414,22.48415756225586,61.9448356628418,31.139305114746094,45.28111267089844,22.237533569335938,82.03951263427734,49.40229415893555
2018-12-06,117.13999938964844,95.26651000976562,23.05729103088379,22.17234992980957,61.600982666015625,31.209209442138672,45.330204010009766,22.261281967163086,81.73168182373047,49.639869689941406
2018-12-07,118.08999633789062,95.4438247680664,22.928457260131836,21.747962951660156,59.978729248046875,30.1092472076416,44.75764465332031,22.344385147094727,79.64727020263672,48.15383529663086
2018-12-10,117.68000030517578,95.8387451171875,22.570589065551758,21.4448299407959,60.12861633300781,30.524057388305664,44.75764465332031,22.387922286987305,79.95511627197266,48.19111251831055
2018-12-11,117.54000091552734,95.82263946533203,22.5777530670166,21.236963272094727,59.77593994140625,30.561349868774414,45.12571716308594,22.478952407836914,80.20135498046875,48.209739685058594
2018-12-12,117.79000091552734,95.39544677734375,22.667211532592773,21.358217239379883,60.11098861694336,30.799053192138672,45.068450927734375,22.33647346496582,80.88735961914062,48.717506408691406
2018-12-13,117.52999877929688,95.16974639892578,22.738786697387695,21.20231056213379,59.943477630615234,30.85031509399414,45.34656524658203,22.5303955078125,80.96650695800781,48.47526550292969
2018-12-14,117.05999755859375,95.50025939941406,22.219886779785156,20.99445152282715,59.1147346496582,30.095256805419922,44.577701568603516,22.486860275268555,78.24009704589844,47.669368743896484
2018-12-17,117.87000274658203,96.05642700195312,21.815494537353516,20.786582946777344,58.14491653442383,29.456722259521484,43.54709243774414,21.76263427734375,76.6833724975586,46.458187103271484
2018-12-18,118.1500015258789,96.63164520263672,21.300167083740234,20.708633422851562,58.43584442138672,29.689769744873047,43.03178405761719,21.616199493408203,76.01495361328125,46.82154083251953
2018-12-19,117.43000030517578,97.90827941894531,21.049665451049805,20.448806762695312,57.33378219604492,29.102495193481445,42.61463928222656,21.58057975769043,75.0211181640625,45.8945198059082
2018-12-20,119.23999786376953,97.55274200439453,20.466341018676758,20.266923904418945,56.28462219238281,28.580474853515625,41.85396194458008,21.568706512451172,73.9657211303711,44.865020751953125
2018-12-21,118.72000122070312,97.53656005859375,20.26767349243164,19.861671447753906,55.22187805175781,27.712125778198242,41.4197883605957,21.476516723632812,73.04685974121094,43.84831237792969
2018-12-24,120.0199966430664,98.0213394165039,19.44771957397461,19.443344116210938,53.52751541137695,26.972517013549805,40.22291564941406,20.57849884033203,71.29759216308594,43.01586151123047
2018-12-26,119.66000366210938,96.97100067138672,20.65778350830078,20.323566436767578,56.02027130126953,28.601545333862305,41.345497131347656,20.857873916625977,74.40746307373047,45.56464385986328
2018-12-27,120.56999969482422,96.9872055053711,20.766151428222656,20.567588806152344,56.721065521240234,28.80750846862793,41.741695404052734,21.033491134643555,75.2291030883789,45.80782699584961
2018-12-28,121.05999755859375,97.80319213867188,20.607215881347656,20.558874130249023,56.57026672363281,28.741979598999023,41.741695404052734,21.085378646850586,75.31745147705078,45.81248474121094
2018-12-31,121.25,98.17481994628906,20.715576171875,20.759319305419922,57.138004302978516,29.01347541809082,41.9150390625,21.121294021606445,76.43065643310547,46.30354690551758
2019-01-02,121.33000183105469,98.69197845458984,21.123748779296875,20.933622360229492,57.43074417114258,29.032207489013672,41.66740798950195,20.758102416992188,75.27327728271484,46.654296875
2019-01-03,122.43000030517578,99.81501007080078,20.914247512817383,20.463008880615234,55.683162689208984,27.567012786865234,41.42802810668945,20.754108428955078,73.7448501586914,45.644134521484375
2019-01-04,121.44000244140625,98.65965270996094,21.625837326049805,21.142786026000977,57.79446792602539,28.788785934448242,42.31124496459961,21.061431884765625,75.94476318359375,47.15470886230469
2019-01-07,121.86000061035156,98.36876678466797,21.947317123413086,21.16893768310547,58.264617919921875,29.04624366760254,42.25346374511719,20.917749404907227,76.23628997802734,48.220985412597656
2019-01-08,121.52999877929688,98.1102066040039,22.117084503173828,21.186359405517578,59.06300354003906,29.28965950012207,42.64140701293945,21.177173614501953,76.82823944091797,48.75413513183594
2019-01-09,122.30999755859375,97.9566879272461,22.46746253967285,21.29094123840332,59.462215423583984,29.668832778930664,42.245216369628906,21.049463272094727,77.17278289794922,49.00197982788086
2019-01-10,121.58999633789062,97.32654571533203,22.53248405456543,21.299654006958008,60.269474029541016,29.79990577697754,42.49284362792969,21.324848175048828,77.32296752929688,48.8616943359375
2019-01-11,121.80000305175781,97.70624542236328,22.398836135864258,21.351947784423828,60.20737075805664,29.743730545043945,42.61665725708008,21.24502182006836,77.5792007446289,48.908447265625
2019-01-14,122.08999633789062,97.3426742553711,22.34465217590332,21.50010108947754,60.19849395751953,29.467538833618164,42.41029739379883,20.76608657836914,76.72220611572266,48.6091423034668
2019-01-15,121.87999725341797,96.9872055053711,22.424118041992188,21.69183349609375,60.0121955871582,29.912250518798828,42.83126449584961,21.021516799926758,78.10045623779297,49.04874801635742
2019-01-16,122.2699966430664,97.0841293334961,22.395217895507812,22.153736114501953,60.074310302734375,29.94033432006836,42.60014343261719,21.09735107421875,77.9591064453125,48.93650436401367
2019-01-17,122.11000061035156,97.10832214355469,22.601112365722656,22.275741577148438,61.10334014892578,30.132259368896484,42.78173828125,21.185157775878906,78.6482162475586,49.26854705810547
2019-01-18,121.0199966430664,96.59932708740234,23.05985450744629,22.659212112426758,62.26542663574219,30.59100914001465,43.29349136352539,21.20909881591797,79.58470916748047,49.95134735107422
2019-01-22,121.44999694824219,97.25377655029297,22.557762145996094,22.397754669189453,60.97913360595703,30.076086044311523,42.89729309082031,21.249019622802734,79.03694152832031,49.20307540893555
2019-01-23,121.27999877929688,97.21337890625,22.326581954956055,22.42390251159668,61.067848205566406,30.179075241088867,43.409061431884766,21.46453857421875,79.12528991699219,49.30128479003906
2019-01-24,121.08999633789062,97.8516845703125,22.44579315185547,22.476194381713867,61.37834548950195,30.431854248046875,42.872528076171875,21.576295852661133,78.46269226074219,49.50706100463867
2019-01-25,122.86000061035156,97.3830337524414,22.731142044067383,22.659212112426758,62.15899658203125,30.862510681152344,42.699195861816406,21.280941009521484,78.55984497070312,50.05423355102539
2019-01-28,123.29000091552734,97.28610229492188,22.503582000732422,22.589494705200195,61.56462097167969,30.45057487487793,42.88078689575195,21.181161880493164,77.66751861572266,49.764278411865234
2019-01-29,123.9800033569336,97.77896881103516,22.57221221923828,22.511049270629883,62.41624069213867,30.122900009155273,42.97983932495117,21.241031646728516,78.04742431640625,49.44159698486328
2019-01-30,124.69000244140625,97.70624542236328,22.890079498291016,22.64178466796875,63.39204025268555,31.059114456176758,43.268733978271484,21.40467071533203,79.11647033691406,50.41432189941406
2019-01-31,124.75,98.54652404785156,23.038179397583008,22.606922149658203,63.66703796386719,31.026351928710938,44.06939697265625,21.855667114257812,80.10596466064453,50.872642517089844
2019-02-01,124.5,97.95134735107422,23.439125061035156,22.70277976989746,63.7646484375,31.208913803100586,43.9290771484375,21.771860122680664,80.17662811279297,50.12904739379883
2019-02-04,123.95999908447266,97.51402282714844,23.493305206298828,22.798654556274414,64.58961486816406,31.70978355407715,44.2097282409668,21.807777404785156,79.9469223022461,50.45641326904297
2019-02-05,124.27999877929688,97.95943450927734,23.52942657470703,22.737646102905273,65.14852142333984,31.976612091064453,44.21797561645508,21.8516845703125,79.83209991455078,50.92876052856445
2019-02-06,123.44000244140625,98.00801086425781,23.356046676635742,22.711503982543945,65.1662368774414,32.08427429199219,44.226234436035156,21.83970832824707,80.1943130493164,50.71830749511719
2019-02-07,123.73999786376953,98.65580749511719,22.839509963989258,22.484907150268555,64.72270965576172,31.64425277709961,44.19321060180664,22.127073287963867,79.3108139038086,50.30208206176758
2019-02-08,124.20999908447266,99.0769271850586,22.734756469726562,22.371610641479492,64.82029724121094,31.82681655883789,44.399574279785156,22.222858428955078,79.46100616455078,50.100990295410156
2019-02-11,123.5999984741211,98.68824005126953,22.843122482299805,22.441329956054688,65.1662368774414,31.812767028808594,44.51512908935547,22.21487808227539,79.36386108398438,50.18985366821289
2019-02-12,123.86000061035156,98.43718719482422,23.13209342956543,22.772506713867188,66.17752838134766,32.23406982421875,44.86180877685547,22.26676368713379,80.45053100585938,50.96149826049805
2019-02-13,123.37000274658203,98.06465911865234,23.42106056213379,22.833515167236328,66.56787109375,32.276206970214844,44.94434356689453,22.202905654907227,80.62723541259766,51.30757522583008
2019-02-14,124.05999755859375,98.62340545654297,23.504140853881836,22.554628372192383,66.25736236572266,32.33237838745117,44.44084167480469,22.166980743408203,80.81275939941406,51.12050247192383
2019-02-15,124.80000305175781,98.77733612060547,23.8834171295166,23.033960342407227,67.14448547363281,32.58983612060547,44.86180877685547,22.234834671020508,82.03197479248047,51.47124481201172
2019-02-19,126.69999694824219,99.02835845947266,23.955659866333008,23.068815231323242,67.11788177490234,32.59919357299805,45.092933654785156,22.36653709411621,81.83761596679688,51.681705474853516
2019-02-20,126.4800033569336,98.74491119384766,24.05680274963379,23.21697425842285,67.43722534179688,32.63664627075195,45.010379791259766,22.466323852539062,81.74042510986328,51.78459167480469
2019-02-21,125.05000305175781,97.86223602294922,23.68475341796875,23.094961166381836,67.1622085571289,32.65068435668945,45.1424560546875,22.629961013793945,81.02481842041016,51.681705474853516
2019-02-22,125.5,98.44532775878906,23.753387451171875,23.060096740722656,67.60576629638672,33.06731033325195,44.92784118652344,22.769651412963867,81.7669448852539,51.96229553222656
2019-02-25,125.37000274658203,98.1537857055664,23.793115615844727,23.155973434448242,67.87189483642578,33.22647476196289,44.680213928222656,22.62197494506836,81.88177490234375,51.78925704956055
2019-02-26,125.58000183105469,98.63961791992188,23.717262268066406,23.08624839782715,67.68561553955078,33.29667663574219,44.70497512817383,22.594039916992188,81.5902328491211,51.85942077636719
2019-02-27,124.69000244140625,97.52214813232422,23.807567596435547,23.173398971557617,67.95175170898438,33.263919830322266,44.638946533203125,22.62197494506836,81.21033477783203,51.821998596191406
2019-02-28,123.98999786376953,97.19013214111328,23.569162368774414,23.112396240234375,67.7210922241211,33.1702880859375,44.853553771972656,22.753690719604492,80.97178649902344,51.541404724121094
2019-03-01,121.87999725341797,96.29178619384766,24.00261688232422,23.260547637939453,67.78319549560547,33.394989013671875,44.770999908447266,22.801586151123047,82.12031555175781,51.95762634277344
2019-03-04,121.55999755859375,97.0464859008789,24.04596710205078,23.112396240234375,67.48157501220703,33.26859664916992,44.69672775268555,22.84149742126465,81.00713348388672,51.79393768310547
2019-03-05,121.72000122070312,97.24934387207031,23.96649169921875,23.025236129760742,67.04688262939453,33.1702880859375,44.6637077331543,22.813554763793945,80.96296691894531,51.92488479614258
2019-03-06,121.61000061035156,97.6064224243164,23.6630802154541,22.87708854675293,66.41703033447266,32.997093200683594,44.5976676940918,22.813554763793945,79.77908325195312,51.681705474853516
2019-03-07,121.51000213623047,98.2394027709961,23.522205352783203,22.64178466796875,66.01787567138672,32.68346405029297,44.308780670166016,22.889389038085938,79.15180969238281,51.05502700805664
2019-03-08,122.83999633789062,98.65328216552734,23.081523895263672,22.6330623626709,65.88479614257812,32.678768157958984,44.33353805541992,22.969213485717773,78.98394012451172,50.69960403442383
2019-03-11,122.23999786376953,98.36112213134766,23.442739486694336,22.868375778198242,66.44367218017578,33.380958557128906,44.91133117675781,23.132844924926758,79.88510131835938,51.39642333984375
2019-03-12,122.9800033569336,99.0508804321289,23.594446182250977,22.920656204223633,65.89368438720703,33.577552795410156,44.92784118652344,23.292497634887695,80.46817779541016,51.541404724121094
2019-03-13,123.83999633789062,98.8642349243164,23.83285140991211,23.077533721923828,66.47028350830078,33.79755783081055,45.1837158203125,23.316442489624023,81.33401489257812,51.723793029785156
2019-03-14,122.41000366210938,98.150146484375,23.858137130737305,23.164684295654297,66.24850463867188,33.86777877807617,45.1424560546875,23.312456130981445,81.20150756835938,51.5694694519043
2019-03-15,122.97000122070312,98.79931640625,23.848670959472656,23.326732635498047,66.0147476196289,34.27775192260742,45.398075103759766,23.396888732910156,81.5748291015625,51.90029525756836
2019-03-18,123.04000091552734,98.74252319335938,24.179950714111328,23.563241958618164,66.65713500976562,34.4233512878418,45.46445846557617,23.308435440063477,81.45069122314453,52.40239715576172
2019-03-19,123.37999725341797,98.52342224121094,24.11441993713379,23.379297256469727,66.41625213623047,34.49378967285156,45.431270599365234,23.043058395385742,82.09803771972656,52.66518783569336
2019-03-20,124.18000030517578,99.55400848388672,24.325572967529297,22.897518157958984,65.96121215820312,34.39986038208008,45.24037551879883,23.103370666503906,81.5304946899414,52.74027633666992
2019-03-21,123.68000030517578,99.77312469482422,24.496671676635742,22.827438354492188,66.59466552734375,35.26396560668945,45.77154541015625,23.348636627197266,81.84973907470703,53.46293258666992
2019-03-22,123.97000122070312,101.32306671142578,23.834104537963867,22.196754455566406,65.08687591552734,34.4327278137207,45.71343994140625,23.517513275146484,80.35994720458984,52.40239715576172
2019-03-25,124.91999816894531,101.48538970947266,23.845029830932617,22.10039710998535,65.238525390625,34.28246307373047,45.80474853515625,23.53761863708496,80.31559753417969,52.71211242675781
2019-03-26,124.30000305175781,101.412353515625,24.187232971191406,22.363182067871094,65.67570495605469,34.47030258178711,46.19482421875,23.70648956298828,80.86540985107422,52.93735122680664
2019-03-27,123.6500015258789,102.34557342529297,24.016124725341797,22.26682472229004,65.7470932006836,34.2730598449707,46.037139892578125,23.54163932800293,80.19145965576172,52.829429626464844
2019-03-28,121.9000015258789,102.70259857177734,24.107141494750977,22.459543228149414,66.2288818359375,34.41395950317383,46.261226654052734,23.264198303222656,80.39541625976562,53.148536682128906
2019-03-29,122.01000213623047,102.60528564453125,24.070737838745117,22.52085304260254,66.94266510009766,34.752079010009766,46.56831359863281,23.38884735107422,81.36201477050781,53.42538070678711
2019-04-01,121.52999877929688,101.1478271484375,24.387453079223633,23.072708129882812,68.32556915283203,35.22639846801758,46.41060256958008,23.22801399230957,81.48614501953125,54.01197814941406
2019-04-02,121.9800033569336,101.33486938476562,24.219995498657227,23.055185317993164,68.29881286621094,35.348506927490234,46.02883529663086,23.26017951965332,81.2999496459961,54.002586364746094
2019-04-03,121.80000305175781,100.45658874511719,23.98700714111328,23.125268936157227,68.0936050415039,35.63495635986328,45.80474853515625,23.2239990234375,81.19351959228516,54.382686614990234
2019-04-04,122.11000061035156,100.7412338256836,24.187232971191406,23.265417098999023,68.512939453125,35.48468017578125,45.97903823852539,23.143579483032227,81.0250473022461,54.823795318603516
2019-04-05,121.9800033569336,100.87132263183594,24.613168716430664,23.300460815429688,68.70922088623047,35.65375900268555,46.13673400878906,23.360706329345703,81.58370971679688,55.1475715637207
2019-04-08,122.51000213623047,100.51343536376953,24.72237777709961,23.326732635498047,68.41478729248047,35.78994369506836,46.32761764526367,23.19584846496582,81.56596374511719,55.34467315673828
2019-04-09,123.1500015258789,100.83068084716797,24.42022132873535,23.1340274810791,67.48689270019531,35.62089157104492,46.26951599121094,23.25214195251465,81.35314178466797,54.84724044799805
2019-04-10,123.52999877929688,101.07465362548828,24.511228561401367,23.204103469848633,67.46903991699219,35.86977005004883,46.40230178833008,23.179765701293945,81.37973022460938,55.11004638671875
2019-04-11,121.94999694824219,100.48092651367188,24.529430389404297,23.344257354736328,68.04898834228516,35.82282257080078,46.49360275268555,23.296369552612305,80.37767028808594,55.180423736572266
2019-04-12,121.83000183105469,99.76524353027344,24.594959259033203,23.77347755432129,68.95013427734375,36.071720123291016,46.64299011230469,23.404930114746094,79.64166259765625,55.52298355102539
2019-04-15,121.5999984741211,100.01737976074219,24.4493465423584,23.62456703186035,68.56645965576172,36.0576286315918,46.916873931884766,23.400915145874023,79.96090698242188,55.63560104370117
2019-04-16,120.51000213623047,99.39115905761719,24.609525680541992,23.95742416381836,68.98580932617188,36.24078369140625,46.9251594543457,23.11141014099121,78.32035064697266,55.87962341308594
2019-04-17,120.27999877929688,99.43181610107422,24.57676124572754,24.018739700317383,69.07502746582031,36.442718505859375,47.15755844116211,23.02295684814453,76.06790924072266,55.9875602722168
2019-04-18,120.37000274658203,99.95230865478516,24.46026039123535,23.948667526245117,69.86909484863281,36.5460319519043,47.19904708862305,23.035017013549805,76.19208526611328,55.968780517578125
2019-04-22,120.37000274658203,99.47248840332031,24.977210998535156,23.878591537475586,69.65496063232422,36.63056564331055,47.21565628051758,23.014917373657227,76.23641204833984,55.75761795043945
2019-04-23,120.12000274658203,99.6839370727539,24.937164306640625,24.027503967285156,70.26168060302734,37.02974319458008,47.066253662109375,23.079246520996094,77.44243621826172,56.42396545410156
2019-04-24,120.47000122070312,100.49723815917969,24.500308990478516,24.001224517822266,70.05644989013672,37.0438346862793,47.165855407714844,23.22801399230957,77.35376739501953,56.4755859375
2019-04-25,120.56999969482422,100.35075378417969,24.423864364624023,24.045021057128906,68.64676666259766,37.03444290161133,46.867069244384766,23.32451820373535,78.1518325805664,56.179954528808594
2019-04-26,121.37000274658203,100.6923599243164,24.107141494750977,24.26401710510254,69.16424560546875,36.893550872802734,47.29035186767578,23.360706329345703,78.9322280883789,56.62575912475586
2019-04-29,120.83000183105469,100.04987335205078,24.085294723510742,24.509275436401367,69.32485961914062,36.902957916259766,47.34844207763672,23.2239990234375,78.79033660888672,56.42866134643555
2019-04-30,121.19999694824219,100.56229400634766,24.067094802856445,24.544313430786133,69.60142517089844,36.9640007019043,47.896217346191406,23.605968475341797,79.15391540527344,56.344200134277344
2019-05-01,120.4000015258789,100.97712707519531,23.58655548095703,24.342849731445312,69.14640808105469,36.87006759643555,47.306949615478516,23.36472511291504,79.01202392578125,55.65907287597656
2019-05-02,119.94000244140625,100.49627685546875,23.175182342529297,24.369125366210938,69.11072540283203,36.67753601074219,47.29035186767578,23.31245231628418,79.34901428222656,55.70131301879883
2019-05-03,120.6500015258789,100.781494140625,23.389970779418945,24.588117599487305,69.94939422607422,37.02505874633789,47.6472282409668,23.441116333007812,79.95201873779297,56.3582763671875
2019-05-06,120.80999755859375,101.05860900878906,23.411813735961914,24.421680450439453,69.28025817871094,36.738582611083984,47.5725212097168,23.31245231628418,80.35994720458984,56.015716552734375
2019-05-07,121.20999908447266,101.83285522460938,23.20794677734375,24.018739700317383,67.87947082519531,35.94961929321289,47.09946823120117,23.24007797241211,78.8169174194336,55.166351318359375
2019-05-08,120.91000366210938,101.39273834228516,23.20794677734375,23.966184616088867,67.87947082519531,35.907344818115234,47.09115982055664,22.92243766784668,78.98542785644531,55.185123443603516
2019-05-09,121.19999694824219,101.80834197998047,23.20794677734375,23.913625717163086,67.78134155273438,35.66314697265625,46.99156188964844,22.894290924072266,78.8169174194336,54.959877014160156
2019-05-10,121.43000030517578,101.66984558105469,23.317157745361328,24.071304321289062,68.04898834228516,35.77586364746094,47.56423568725586,23.304405212402344,78.84357452392578,55.03964614868164
2019-05-13,122.66999816894531,102.46853637695312,22.91671371459961,23.37053108215332,66.11288452148438,34.428035736083984,47.11606216430664,23.55369758605957,77.3626480102539,53.40193176269531
2019-05-14,122.45999908447266,102.16693878173828,23.19702911376953,23.554479598999023,66.79988098144531,34.98219299316406,47.34015655517578,23.396888732910156,77.75282287597656,53.94158172607422
2019-05-15,122.38999938964844,102.79454040527344,23.317157745361328,23.466890335083008,66.88912200927734,35.36259078979492,47.713626861572266,23.35668182373047,77.9833755493164,54.30760192871094
2019-05-16,121.51000213623047,102.45220947265625,23.444578170776367,23.703397750854492,67.5047378540039,35.6866340637207,48.087093353271484,23.513486862182617,78.59525299072266,54.80971145629883
2019-05-17,120.6500015258789,102.68042755126953,23.20794677734375,23.545726776123047,66.7552719116211,35.40016174316406,47.92940902709961,23.634117126464844,78.42676544189453,54.392066955566406
2019-05-20,120.63999938964844,102.46853637695312,23.218868255615234,23.57200813293457,66.58575439453125,34.78494644165039,47.8132209777832,23.66628074645996,78.39130401611328,54.00727844238281
2019-05-21,120.36000061035156,102.30554962158203,23.488262176513672,23.817276000976562,67.37091064453125,35.212310791015625,47.713626861572266,23.710514068603516,79.1273193359375,54.382686614990234
2019-05-22,120.23999786376953,102.89232635498047,23.124216079711914,23.677120208740234,66.81773376464844,35.029151916503906,47.92940902709961,23.887420654296875,79.5795669555664,53.824256896972656
2019-05-23,121.16999816894531,104.04961395263672,22.348798751831055,23.344257354736328,65.80060577392578,34.41395950317383,47.91279983520508,24.092477798461914,79.30467987060547,53.15791702270508
2019-05-24,121.30000305175781,104.1392822265625,22.43252944946289,23.528207778930664,65.82737731933594,34.4233512878418,47.73851776123047,24.05630111694336,79.41995239257812,53.228302001953125
2019-05-28,120.83000183105469,104.88909149169922,22.199539184570312,23.25666046142578,65.22067260742188,34.32471466064453,46.9583740234375,23.662260055541992,78.28488159179688,52.8763427734375
2019-05-29,120.87000274658203,105.2069091796875,22.05756378173828,23.212860107421875,64.92625427246094,34.1227912902832,46.61808776855469,23.348636627197266,77.53112030029297,52.4071044921875
2019-05-30,121.69000244140625,106.1115493774414,21.77724838256836,23.1340274810791,65.17606353759766,34.3341178894043,46.81727981567383,23.31245231628418,77.95674896240234,52.749664306640625
2019-05-31,123.33000183105469,107.43995666503906,21.394994735717773,22.783639907836914,64.28386688232422,33.76117706298828,46.153324127197266,23.42101287841797,77.39810180664062,52.059837341308594
2019-06-03,125.11000061035156,108.15863037109375,21.668027877807617,22.932554244995117,64.72102355957031,33.16945266723633,46.73429870605469,23.654220581054688,77.58432006835938,51.623435974121094
2019-06-04,125.1500015258789,106.92546081542969,22.042999267578125,23.554479598999023,66.26456451416016,34.27775192260742,47.15755844116211,23.6743221282959,78.87014770507812,53.02183532714844
2019-06-05,125.47000122070312,106.32112884521484,21.79908561706543,23.703397750854492,66.90695190429688,34.72389221191406,47.69702911376953,24.180936813354492,79.46430969238281,53.28461456298828
2019-06-06,125.87999725341797,106.66413879394531,22.203182220458984,23.79099464416504,67.0229721069336,35.12778091430664,48.194984436035156,24.329708099365234,79.87220764160156,53.55678176879883
2019-06-07,126.58999633789062,107.58698272705078,22.30511474609375,23.755958557128906,67.55828094482422,35.78055953979492,48.659767150878906,24.14877700805664,80.7057876586914,54.33106231689453
2019-06-10,125.33000183105469,106.57430267333984,22.370643615722656,23.95742416381836,67.64749145507812,36.14686965942383,48.67636489868164,23.98392105102539,80.94519805908203,54.790950775146484
2019-06-11,125.18000030517578,106.6396255493164,22.414329528808594,23.966184616088867,67.06756591796875,36.14686965942383,48.83404541015625,23.839174270629883,80.81219482421875,55.00210952758789
2019-06-12,125.83000183105469,106.72127532958984,22.097604751586914,23.729677200317383,67.21033477783203,35.94490432739258,48.90875244140625,24.14877700805664,81.202392578125,54.988033294677734
2019-06-13,126.5999984741211,107.08882141113281,22.356077194213867,23.80851173400879,67.54934692382812,36.05293273925781,49.01663589477539,24.197025299072266,81.10485076904297,55.48076629638672
2019-06-14,126.55999755859375,107.3582763671875,22.21045684814453,23.86107635498047,67.28167724609375,35.73828887939453,49.041534423828125,24.450334548950195,80.91860961914062,55.60276412963867
2019-06-17,126.4800033569336,107.5461196899414,22.39612579345703,23.642080307006836,67.04972839355469,35.76647186279297,48.900447845458984,24.38197135925293,81.28219604492188,55.6262321472168
2019-06-18,127.12000274658203,108.08509826660156,22.70556640625,23.95742416381836,68.35234832763672,36.4145393371582,48.634864807128906,24.281461715698242,81.97389221191406,56.04855728149414
2019-06-19,127.88999938964844,108.24028015136719,22.680076599121094,23.913625717163086,68.29881286621094,36.5460319519043,48.83404541015625,24.466413497924805,82.70989227294922,56.15180969238281
2019-06-20,131.11000061035156,108.52606201171875,23.18246078491211,24.018739700317383,69.44083404541016,37.08140182495117,49.26561737060547,24.62322235107422,83.07349395751953,56.541290283203125
2019-06-21,131.97999572753906,107.33374786376953,23.349985122680664,23.965038299560547,69.07074737548828,36.90609359741211,49.105899810791016,24.71847152709961,83.47246551513672,56.279476165771484
2019-06-24,133.94000244140625,108.13414001464844,23.140588760375977,23.868192672729492,68.93634796142578,36.97677230834961,49.2313346862793,24.726572036743164,83.03607177734375,55.978118896484375
2019-06-25,134.1999969482422,108.46894836425781,22.95690155029297,23.78895378112793,68.4166259765625,36.29814529418945,49.20625305175781,24.57661247253418,82.69769287109375,55.44131851196289
2019-06-26,132.97000122070312,107.77473449707031,23.309579849243164,23.744937896728516,68.58686828613281,36.68930435180664,48.5037727355957,24.041637420654297,81.65571594238281,55.6202507019043
2019-06-27,132.83999633789062,108.53425598144531,23.136913299560547,23.956233978271484,68.64960479736328,36.78356170654297,48.59576416015625,24.074058532714844,82.2256851196289,55.96869659423828
2019-06-28,133.1999969482422,108.4607925415039,23.405086517333984,24.299606323242188,69.37542724609375,36.77884292602539,48.562313079833984,24.167280197143555,82.50173950195312,56.12879180908203
2019-07-01,130.6199951171875,108.20713806152344,23.427135467529297,24.590137481689453,69.43816375732422,37.36322784423828,48.85501480102539,24.106483459472656,82.91141510009766,56.62321472167969
2019-07-02,133.41000366210938,109.04175567626953,23.05241584777832,24.52851104736328,69.34852600097656,37.46220779418945,49.281517028808594,24.434768676757812,83.356689453125,56.74565505981445
2019-07-03,133.6300048828125,109.8191146850586,23.14425277709961,24.722200393676758,69.73385620117188,37.749671936035156,49.89197540283203,24.60498809814453,84.06914520263672,57.24006271362305
2019-07-05,132.13999938964844,108.36256408691406,23.177322387695312,24.792634963989258,69.45608520507812,37.678993225097656,49.67455291748047,24.592830657958984,83.49028015136719,57.30598831176758
2019-07-08,131.2899932861328,108.50987243652344,23.21038246154785,24.669374465942383,68.88256072998047,37.391510009765625,49.7414665222168,24.62930679321289,82.86688995361328,57.376625061035156
2019-07-09,131.75,108.46892547607422,23.228750228881836,24.713397979736328,68.73023986816406,37.523475646972656,49.44875717163086,24.66172981262207,82.94705200195312,57.43783187866211
2019-07-10,133.8300018310547,107.87162780761719,23.526325225830078,24.62535285949707,68.5689468383789,37.82037353515625,49.76655960083008,24.71847152709961,83.23200988769531,57.64503479003906
2019-07-11,132.6999969482422,106.43148040771484,23.574077606201172,24.76622200012207,69.03491973876953,37.961769104003906,49.89197540283203,24.726572036743164,83.24983215332031,57.76276397705078
2019-07-12,133.52999877929688,106.55420684814453,23.67327117919922,24.93349838256836,70.24463653564453,38.23983383178711,50.03416061401367,24.564462661743164,82.32364654541016,58.42668151855469
2019-07-15,133.52999877929688,107.16796112060547,23.460201263427734,24.792634963989258,69.95787811279297,38.3670654296875,50.151241302490234,24.66172981262207,82.50173950195312,58.61503601074219
2019-07-16,132.39999389648438,106.84880828857422,23.21038246154785,24.731000900268555,70.40594482421875,38.008888244628906,50.16796112060547,24.51987648010254,82.09210968017578,58.53969955444336
2019-07-17,134.5800018310547,108.00257110595703,22.945877075195312,24.51970672607422,68.90050506591797,37.90993118286133,50.10942077636719,24.613096237182617,82.10987854003906,57.979347229003906
2019-07-18,136.47999572753906,108.0107421875,22.949556350708008,24.704586029052734,69.02596282958984,38.19269943237305,50.44393539428711,24.82789421081543,82.57296752929688,57.90400695800781
2019-07-19,134.47000122070312,107.7570571899414,23.056093215942383,24.59894561767578,69.40231323242188,38.02774429321289,50.12614059448242,24.467185974121094,81.71807098388672,57.52259063720703
2019-07-22,134.4499969482422,107.9616928100586,23.162622451782227,24.651769638061523,69.45608520507812,38.46603775024414,49.83345413208008,24.414501190185547,81.54887390136719,57.5555534362793
2019-07-23,133.69000244140625,107.3724594116211,23.225078582763672,24.907087326049805,70.3342514038086,38.678104400634766,50.193050384521484,24.260494232177734,82.05647277832031,57.946388244628906
2019-07-24,134.3699951171875,107.83885955810547,23.324268341064453,25.162412643432617,70.63890838623047,38.99859619140625,49.858543395996094,24.280759811401367,82.10098266601562,58.23833465576172
2019-07-25,133.4199981689453,107.3233871459961,23.059762954711914,24.986326217651367,70.49555206298828,38.838356018066406,49.925437927246094,24.21996307373047,81.70024108886719,57.91342544555664
2019-07-26,133.63999938964844,107.57704162597656,22.942201614379883,25.259260177612305,70.34320068359375,38.92317581176758,50.485740661621094,24.309123992919922,81.994140625,58.177120208740234
2019-07-29,134.52999877929688,107.60977172851562,22.850364685058594,25.065563201904297,70.2177505493164,38.899620056152344,50.577735900878906,24.434768676757812,82.33255004882812,57.89458465576172
2019-07-30,134.97999572753906,107.87162780761719,23.10752296447754,24.995126724243164,70.52243041992188,38.64982986450195,50.72826385498047,24.24833869934082,81.976318359375,57.50376892089844
2019-07-31,133.2100067138672,108.73892974853516,23.034046173095703,24.871871948242188,69.73385620117188,38.06544494628906,49.69964599609375,24.13485336303711,81.16590118408203,56.84453582763672
2019-08-01,136.41000366210938,110.89860534667969,22.512386322021484,24.308401107788086,68.3807601928711,37.872222900390625,49.52403259277344,24.382081985473633,81.27278900146484,56.072288513183594
2019-08-02,135.88999938964844,111.92343139648438,22.18910026550293,24.299606323242188,67.94168090820312,37.25484085083008,49.532386779785156,24.378028869628906,81.08574676513672,55.6108283996582
2019-08-05,137.7899932861328,113.85840606689453,21.527833938598633,23.48961067199707,66.05988311767578,35.699615478515625,48.24453353881836,24.029478073120117,79.17996215820312,54.118141174316406
2019-08-06,138.91000366210938,114.7684326171875,21.502120971679688,23.868192672729492,67.0545425415039,36.29342269897461,48.679386138916016,24.329391479492188,80.2041015625,54.94218444824219
2019-08-07,141.02000427246094,114.80947875976562,21.340476989746094,23.551240921020508,67.0186996459961,36.51963806152344,49.2480583190918,24.390186309814453,80.2308120727539,55.16349792480469
2019-08-08,141.72999572753906,115.05543518066406,21.953981399536133,24.000253677368164,68.15674591064453,37.415077209472656,49.88363265991211,24.64146614074707,81.29947662353516,56.22767639160156
2019-08-09,141.25999450683594,114.82585906982422,21.711515426635742,23.92101287841797,67.583251953125,36.99092102050781,49.60765838623047,24.669832229614258,81.3974609375,55.700286865234375
2019-08-12,142.6300048828125,117.21996307373047,21.454360961914062,23.46319580078125,66.65130615234375,36.5055046081543,49.273136138916016,24.62119483947754,80.60484313964844,54.890384674072266
2019-08-13,141.77999877929688,116.81819915771484,21.652738571166992,23.75373649597168,67.44883728027344,37.4197998046875,49.83345413208008,24.637409210205078,81.65571594238281,55.79447555541992
2019-08-14,142.75,119.4500732421875,20.80411720275879,22.873315811157227,65.38782501220703,36.26986312866211,49.04734802246094,24.434768676757812,79.38478088378906,54.047508239746094
2019-08-15,143.6999969482422,120.77827453613281,20.675537109375,22.987768173217773,65.31613159179688,36.20388412475586,49.783267974853516,24.750892639160156,79.66085052490234,53.958038330078125
2019-08-16,142.77999877929688,119.81082153320312,20.947389602661133,23.392763137817383,66.57962036132812,36.89195251464844,50.351932525634766,24.876529693603516,80.6404800415039,54.570194244384766
2019-08-19,141.11000061035156,118.0972671508789,21.410276412963867,23.630477905273438,67.20687103271484,37.452789306640625,50.853702545166016,25.03459358215332,81.41525268554688,55.257667541503906
2019-08-20,142.2100067138672,119.31886291503906,21.230266571044922,23.31352996826172,66.8125991821289,37.264278411865234,50.3017692565918,24.994064331054688,80.72061920166016,55.271793365478516
2019-08-21,141.75999450683594,118.52362060546875,21.366188049316406,23.419174194335938,67.22480773925781,37.70256042480469,50.435569763183594,25.160236358642578,81.31730651855469,56.335975646972656
2019-08-22,141.39999389648438,117.73650360107422,21.270671844482422,23.577648162841797,67.3233871459961,37.613014221191406,50.70317077636719,25.184553146362305,80.9165267944336,56.35011291503906
2019-08-23,144.1699981689453,119.67144012451172,20.5579776763916,22.978967666625977,65.5222396850586,36.368831634521484,49.858543395996094,24.91706085205078,79.04634094238281,54.85271453857422
2019-08-26,144.19000244140625,119.18768310546875,20.64615249633789,23.19907569885254,66.00613403320312,36.873111724853516,50.47737503051758,25.204809188842773,79.87459564208984,55.39422607421875
2019-08-27,145.57000732421875,121.02423095703125,20.517568588256836,23.058208465576172,65.66560363769531,36.816551208496094,50.33522415161133,25.249391555786133,79.402587890625,55.12112045288086
2019-08-28,145.16000366210938,121.1800765991211,20.81146240234375,23.269500732421875,66.47209930419922,36.84954071044922,50.82025146484375,25.180498123168945,79.9814682006836,55.80860137939453
2019-08-29,144.1199951171875,120.72088623046875,21.116382598876953,23.621673583984375,67.61013793945312,37.4904899597168,50.845340728759766,25.354766845703125,80.58702850341797,56.64675521850586
2019-08-30,143.75,120.7536849975586,21.116382598876953,23.700910568237305,67.88790893554688,37.48106002807617,50.778446197509766,25.362869262695312,80.68498229980469,56.30772399902344
2019-09-03,145.75,120.90973663330078,21.01351547241211,23.45439338684082,66.96492767333984,37.023902893066406,51.071128845214844,25.812744140625,80.21300506591797,56.076995849609375
2019-09-04,146.66000366210938,121.09043884277344,21.307411193847656,23.68330192565918,67.81623840332031,37.65543746948242,51.53107833862305,25.837060928344727,80.26641082763672,56.63263702392578
2019-09-05,143.13999938964844,118.89749145507812,21.571914672851562,24.16753578186035,69.03491973876953,38.44247055053711,51.21330261230469,25.55741310119629,81.05902862548828,57.71565628051758
2019-09-06,141.9199981689453,119.74341583251953,21.685800552368164,24.15873146057129,69.17829132080078,38.409481048583984,51.38055419921875,25.45608901977539,81.28167724609375,57.8569221496582
2019-09-09,141.38999938964844,117.61611938476562,22.119298934936523,24.52851104736328,69.38440704345703,38.12200164794922,51.26346969604492,25.330455780029297,80.53359985351562,58.078243255615234
2019-09-10,140.17999267578125,115.5545883178711,22.380130767822266,24.616546630859375,70.0206069946289,37.92877960205078,50.9456901550293,25.362869262695312,80.76514434814453,57.84750747680664
2019-09-11,141.02999877929688,115.34920501708984,22.402170181274414,24.757415771484375,70.67477416992188,38.32465362548828,51.129669189453125,25.614147186279297,81.56665802001953,57.955810546875
2019-09-12,141.32000732421875,114.59358978271484,22.262571334838867,24.889482498168945,70.71955871582031,38.53202819824219,51.33873748779297,25.6708927154541,81.53994750976562,58.23362731933594
2019-09-13,140.14999389648438,112.14600372314453,22.438907623291016,25.083168029785156,71.10488891601562,38.249237060546875,51.04605484008789,25.50877571105957,81.49540710449219,58.115909576416016
2019-09-16,141.32000732421875,113.57514953613281,23.192020416259766,24.995126724243164,71.04214477539062,38.154991149902344,50.552642822265625,25.529043197631836,81.31730651855469,57.37192916870117
2019-09-17,141.60000610351562,114.191162109375,22.868732452392578,25.02153968811035,71.00630187988281,38.31051254272461,50.82861328125,25.751949310302734,81.44198608398438,57.72037124633789
2019-09-18,140.7100067138672,114.67578125,22.758525848388672,25.10958480834961,70.89878845214844,38.305809020996094,50.9122428894043,25.861377716064453,81.43305969238281,57.69211959838867
2019-09-19,141.27999877929688,115.020751953125,22.699743270874023,24.995126724243164,70.54033660888672,38.39063262939453,50.90387725830078,25.982959747314453,81.81600952148438,57.53672409057617
2019-09-20,142.9499969482422,116.54020690917969,22.718280792236328,24.848230361938477,70.09442901611328,37.94293975830078,50.74236297607422,26.085887908935547,82.27208709716797,56.877201080322266
2019-09-23,143.75,116.51554870605469,22.725690841674805,24.89248275756836,69.95931243896484,38.061119079589844,50.944252014160156,26.089969635009766,81.83389282226562,57.07563018798828
2019-09-24,144.50999450683594,117.92009735107422,22.366085052490234,24.6535587310791,69.56293487548828,37.6923828125,51.154563903808594,26.396289825439453,81.08272552490234,56.4661750793457
2019-09-25,141.8300018310547,116.19522094726562,22.403156280517578,24.857084274291992,70.01335906982422,38.1414909362793,51.18820571899414,26.379945755004883,80.6892318725586,56.981143951416016
2019-09-26,141.7899932861328,116.94269561767578,22.11028289794922,24.742046356201172,70.1124496459961,38.18403244018555,51.47422409057617,26.518815994262695,80.24210357666016,56.735450744628906
2019-09-27,141.05999755859375,117.2301254272461,22.10657501220703,24.839385986328125,69.83317565917969,37.6734733581543,51.41534423828125,26.424880981445312,79.88440704345703,56.537044525146484
2019-09-30,138.8699951171875,117.51759338378906,21.947160720825195,24.777442932128906,69.93226623535156,38.07057571411133,51.667701721191406,26.44121551513672,80.59980773925781,57.023651123046875
2019-10-01,139.6300048828125,117.87139129638672,21.43926429748535,24.255348205566406,68.2567138671875,37.71601486206055,51.53310012817383,26.379945755004883,79.8128662109375,56.54649353027344
2019-10-02,141.25999450683594,118.15934753417969,20.912824630737305,23.759798049926758,66.968505859375,37.00688552856445,50.498416900634766,26.02871322631836,78.65035247802734,55.530738830566406
2019-10-03,141.89999389648438,119.2372055053711,21.13897132873535,23.857131958007812,67.4099349975586,37.46073913574219,50.85173034667969,26.089969635009766,79.35679626464844,55.8000373840332
2019-10-04,141.89999389648438,120.11756134033203,21.27243423461914,24.299598693847656,68.11257934570312,38.08003616333008,51.65088653564453,26.45346450805664,80.59980773925781,56.324440002441406
2019-10-07,140.69000244140625,119.12205505371094,21.083358764648438,24.175704956054688,67.77025604248047,37.91930389404297,51.230262756347656,26.351362228393555,80.33155059814453,56.078765869140625
2019-10-08,141.9199981689453,119.44291687011719,20.723758697509766,23.697853088378906,66.72527313232422,37.22435760498047,50.74236297607422,26.10630989074707,78.80235290527344,55.48820877075195
2019-10-09,142.0500030517578,118.76824188232422,20.912824630737305,23.919084548950195,67.29280090332031,37.777469635009766,51.12932205200195,26.23292350769043,79.37466430664062,55.96065139770508
2019-10-10,140.80999755859375,116.99925231933594,21.176044464111328,24.166860580444336,67.9053955078125,38.0374870300293,51.230262756347656,26.204330444335938,79.76814270019531,56.33388137817383
2019-10-11,140.02999877929688,115.5511245727539,21.46150779724121,24.467727661132812,69.18458557128906,38.56223678588867,51.17980194091797,26.10630989074707,80.42989349365234,56.971683502197266
2019-10-14,140.58999633789062,116.39039611816406,21.45038414001465,24.503122329711914,69.04945373535156,38.538604736328125,50.927425384521484,25.93885612487793,80.39413452148438,56.94334030151367
2019-10-15,139.61000061035156,114.98345184326172,21.53936004638672,24.857084274291992,69.60797119140625,38.964073181152344,50.70870590209961,25.857173919677734,81.8607177734375,57.444122314453125
2019-10-16,140.41000366210938,115.12329864501953,21.239063262939453,24.795137405395508,69.57193756103516,38.69459915161133,50.75918960571289,25.914350509643555,81.75343322753906,57.68034362792969
2019-10-17,140.61000061035156,114.84357452392578,21.25389289855957,24.81283950805664,69.91423797607422,38.61896896362305,50.99472427368164,25.97969627380371,82.36151123046875,57.83152770996094
2019-10-18,140.4600067138672,114.84357452392578,21.142681121826172,24.87478256225586,69.3106918334961,38.25022506713867,51.09566879272461,26.065467834472656,82.05746459960938,57.71814727783203
2019-10-21,139.7899932861328,113.9796142578125,21.52081871032715,25.21989631652832,69.72508239746094,38.66151809692383,51.26392364501953,26.167572021484375,81.9680404663086,57.92128372192383
2019-10-22,140.1999969482422,114.6460952758789,21.79886817932129,25.14910125732422,70.27460479736328,38.1414909362793,51.28074264526367,26.277843475341797,82.14688873291016,57.552791595458984
2019-10-23,140.52999877929688,114.76132202148438,21.98052978515625,25.255294799804688,70.26558685302734,38.17457580566406,51.516292572021484,26.384033203125,82.65662384033203,57.288211822509766
2019-10-24,141.52999877929688,114.5308837890625,21.887842178344727,25.21989631652832,70.36468505859375,38.732421875,51.692935943603516,26.473888397216797,82.2363052368164,57.25987243652344
2019-10-25,141.86000061035156,113.9714126586914,22.0657901763916,25.343782424926758,70.80608367919922,39.20044708251953,51.390098571777344,26.204330444335938,82.32573699951172,57.1937255859375
2019-10-28,140.63999938964844,112.93476867675781,21.939746856689453,25.476524353027344,71.00426483154297,39.69683837890625,51.289161682128906,25.844919204711914,83.17530059814453,57.37326431274414
2019-10-29,140.25,113.00874328613281,22.028722763061523,25.53845977783203,71.23851776123047,39.33753967285156,51.289161682128906,25.869421005249023,84.35570526123047,57.047264099121094
2019-10-30,141.02000427246094,114.6625747680664,21.580141067504883,25.520769119262695,71.49072265625,39.57863998413086,51.524696350097656,26.098142623901367,84.82968139648438,57.401607513427734
2019-10-31,142.42999267578125,116.20942687988281,21.487457275390625,25.39688491821289,70.72502899169922,39.55500793457031,51.4489860534668,26.241085052490234,84.73128509521484,57.094520568847656
2019-11-01,142.55999755859375,115.85169219970703,21.976821899414062,25.768543243408203,72.26546478271484,40.027767181396484,51.44057846069336,26.175739288330078,84.83863067626953,57.47247314453125
2019-11-04,142.14999389648438,114.32685089111328,22.692325592041016,25.989768981933594,73.10323333740234,40.23577880859375,50.944252014160156,25.84083366394043,84.57928466796875,57.500823974609375
2019-11-05,139.85000610351562,113.04112243652344,22.721986770629883,26.087108612060547,73.25638580322266,40.188499450683594,51.11249923706055,25.575355529785156,83.98013305664062,57.58584976196289
2019-11-06,140.4499969482422,113.72521209716797,22.258573532104492,26.219844818115234,73.30142974853516,40.169586181640625,51.32280731201172,25.673377990722656,84.26629638671875,57.647274017333984
2019-11-07,138.27000427246094,111.6646957397461,22.592226028442383,26.41452407836914,73.55365753173828,40.486331939697266,51.146148681640625,25.32621955871582,84.45409393310547,57.302398681640625
2019-11-08,137.38999938964844,111.19481658935547,22.499549865722656,26.40567970275879,73.6527328491211,40.7132568359375,51.11249923706055,25.220035552978516,85.07112884521484,57.326011657714844
2019-11-11,137.05999755859375,111.26899719238281,22.37350082397461,26.334882736206055,73.68879699707031,40.7321662902832,51.03678894042969,25.064834594726562,84.72236633300781,57.207908630371094
2019-11-12,137.42999267578125,111.78005981445312,22.258573532104492,26.370275497436523,73.6797866821289,40.8692512512207,51.20503616333008,25.126096725463867,85.23207092285156,57.17010498046875
2019-11-13,137.97999572753906,112.50537109375,22.162181854248047,26.202146530151367,73.37348937988281,40.95908737182617,51.59199523925781,25.497758865356445,85.33045196533203,56.99058151245117
2019-11-14,138.55999755859375,113.6675033569336,22.102867126464844,26.255237579345703,73.60771179199219,40.91180419921875,51.575164794921875,25.587610244750977,85.33939361572266,57.23625946044922
2019-11-15,138.2100067138672,113.54387664794922,22.27340316772461,26.326032638549805,74.14822387695312,41.24273681640625,51.59199523925781,25.669294357299805,87.1547622680664,57.34019088745117
2019-11-18,138.6199951171875,113.74996948242188,22.002771377563477,26.379125595092773,73.86892700195312,41.36564254760742,51.861183166503906,25.72239112854004,86.8596420288086,57.538612365722656
2019-11-19,138.69000244140625,114.69780731201172,21.67652702331543,26.432218551635742,73.805908203125,41.446022033691406,51.79389190673828,25.65704917907715,87.4498519897461,56.905540466308594
2019-11-20,138.75999450683594,115.88467407226562,21.895265579223633,26.308334350585938,73.22034454345703,41.195465087890625,51.91164779663086,25.812240600585938,87.33360290527344,56.77326202392578
2019-11-21,138.0,115.15933990478516,22.254867553710938,26.281784057617188,73.1933364868164,40.98744201660156,51.65088653564453,25.72239112854004,87.55717468261719,56.451995849609375
2019-11-22,137.74000549316406,115.30770874023438,22.18072509765625,26.47646141052246,73.57166290283203,40.93544387817383,51.5667610168457,25.730562210083008,87.87017822265625,56.839393615722656
2019-11-25,137.0800018310547,115.6456298828125,22.202964782714844,26.64460563659668,74.10315704345703,41.53111267089844,51.625633239746094,25.644792556762695,88.8985824584961,57.34019088745117
2019-11-26,137.74000549316406,116.32147979736328,21.99906349182129,26.618059158325195,74.31937408447266,41.56892395019531,52.0462532043457,25.730562210083008,88.8270263671875,57.7323112487793
2019-11-27,137.00999450683594,115.98355865478516,22.054677963256836,26.724241256713867,74.2472915649414,41.800575256347656,52.17243957519531,25.775487899780273,89.28311157226562,58.2283821105957
2019-11-29,137.86000061035156,115.73628997802734,21.832233428955078,26.679994583129883,73.90498352050781,41.67765808105469,52.155616760253906,25.750980377197266,88.97010040283203,57.85042190551758
2019-12-02,137.7899932861328,114.19319152832031,21.832233428955078,26.511865615844727,72.6888656616211,41.08201217651367,52.27339172363281,25.583526611328125,88.57664489746094,57.37326431274414
2019-12-03,139.11000061035156,116.58753967285156,21.505990982055664,26.14020347595215,71.89610290527344,40.717979431152344,52.189266204833984,25.652965545654297,88.3799057006836,56.796875
2019-12-04,138.9199981689453,115.4233627319336,21.82852554321289,26.38797950744629,72.17537689208984,40.883445739746094,52.534156799316406,25.84900665283203,89.20260620117188,57.11342239379883
2019-12-05,139.0,114.86194610595703,21.72472381591797,26.511865615844727,72.19340515136719,41.03472900390625,52.517337799072266,25.89392852783203,89.20260620117188,57.05672073364258
2019-12-06,137.6199951171875,114.22618103027344,22.139944076538086,26.865827560424805,73.06721496582031,41.488563537597656,52.71922302246094,25.81632423400879,89.79283142089844,57.514991760253906
2019-12-09,137.5800018310547,114.4738998413086,22.113990783691406,26.80388641357422,72.78794860839844,41.2711067199707,52.761287689208984,25.726476669311523,89.1668472290039,57.58584976196289
2019-12-10,137.97000122070312,114.48213195800781,22.158479690551758,26.812728881835938,72.69786834716797,41.3041877746582,52.593048095703125,25.72239112854004,89.36358642578125,57.48664474487305
2019-12-11,138.9199981689453,115.38208770751953,22.121402740478516,26.75078773498535,73.15731048583984,41.5831184387207,52.668758392333984,25.791826248168945,89.44406127929688,57.63309860229492
2019-12-12,138.42999267578125,113.48314666748047,22.529205322265625,27.272884368896484,73.805908203125,42.027496337890625,52.62670135498047,25.681547164916992,90.27572631835938,58.13861083984375
2019-12-13,139.0500030517578,114.79589080810547,22.358675003051758,27.1755428314209,73.60771179199219,42.30642318725586,52.81177520751953,25.88167381286621,90.21311950683594,58.19058609008789
2019-12-16,139.0399932861328,113.76383209228516,22.658958435058594,27.272884368896484,73.57166290283203,42.684627532958984,52.99683380126953,26.204330444335938,91.18788146972656,58.445716857910156
2019-12-17,139.00999450683594,113.60694122314453,22.673789978027344,27.379072189331055,73.49960327148438,42.58534622192383,52.91270446777344,26.290098190307617,91.08950805664062,58.705543518066406
2019-12-18,139.02000427246094,112.67399597167969,22.759057998657227,27.264036178588867,73.1933364868164,42.58061218261719,52.828590393066406,26.396289825439453,91.21470642089844,58.762229919433594
2019-12-19,139.3800048828125,112.8542709350586,22.751646041870117,27.25518798828125,73.39152526855469,42.887901306152344,53.1146125793457,26.40445327758789,91.5724105834961,58.94649124145508
2019-12-20,139.52000427246094,113.00314331054688,22.969886779785156,27.28721046447754,73.72919464111328,43.13690185546875,53.51576232910156,26.585975646972656,92.2207260131836,59.03656005859375
2019-12-23,139.9499969482422,112.8377914428711,23.205724716186523,27.224946975708008,74.33576202392578,43.260223388671875,53.28676223754883,26.339004516601562,92.58889770507812,58.89909362792969
2019-12-24,141.27000427246094,113.16021728515625,23.194496154785156,27.28721046447754,74.03699493408203,43.27444839477539,53.35462188720703,26.376056671142578,92.47216796875,59.031803131103516
2019-12-26,142.3800048828125,113.43316650390625,23.187009811401367,27.438405990600586,74.2090072631836,43.59697341918945,53.405513763427734,26.421337127685547,92.40931701660156,59.75228500366211
2019-12-27,142.3300018310547,113.55722045898438,23.089675903320312,27.36725425720215,74.14562225341797,43.59223556518555,53.64297866821289,26.499536514282227,92.4362564086914,59.74753952026367
2019-12-30,142.6300048828125,113.14376831054688,23.01681137084961,27.28721046447754,73.8016128540039,43.34084701538086,53.36310577392578,26.49542236328125,91.88131713867188,59.363616943359375
2019-12-31,142.89999389648438,112.0356216430664,23.14789390563965,27.376150131225586,73.75636291503906,43.4784049987793,53.41399002075195,26.59832763671875,92.06207275390625,59.44893264770508
2020-01-02,143.9499969482422,113.30085754394531,23.3560848236084,27.642967224121094,75.1505355834961,44.2941780090332,52.98994064331055,26.264921188354492,92.30607604980469,60.155189514160156
2020-01-03,145.86000061035156,115.04571533203125,23.286685943603516,27.34946060180664,75.00570678710938,43.796173095703125,52.90512466430664,26.318429946899414,91.50171661376953,59.643272399902344
2020-01-06,147.38999938964844,114.39242553710938,23.467891693115234,27.33167266845703,75.03284454345703,43.90052032470703,53.01536560058594,26.34312629699707,92.07110595703125,59.809165954589844
2020-01-07,147.97000122070312,113.83006286621094,23.406208038330078,27.15379524230957,74.87896728515625,43.88153839111328,52.608280181884766,26.30608367919922,91.89034271240234,59.71437072753906
2020-01-08,146.86000061035156,113.07759094238281,23.02066421508789,27.33167266845703,75.13241577148438,44.35108947753906,52.803348541259766,26.29372787475586,92.48685455322266,59.89448547363281
2020-01-09,146.02999877929688,113.47452545166016,23.190305709838867,27.50066566467285,75.44929504394531,44.85384750366211,53.176517486572266,26.437801361083984,92.88453674316406,60.21206283569336
2020-01-10,146.91000366210938,114.4833755493164,23.059219360351562,27.296106338500977,74.9151611328125,44.749507904052734,53.14259338378906,26.507770538330078,92.91167449951172,59.885009765625
2020-01-13,145.82000732421875,114.13603210449219,23.066930770874023,27.48288345336914,75.5307846069336,45.309165954589844,53.490318298339844,26.668296813964844,92.58629608154297,60.074607849121094
2020-01-14,145.69000244140625,114.72317504882812,23.070783615112305,27.42951202392578,75.53984832763672,45.09573745727539,53.50728225708008,26.746509552001953,93.14665985107422,60.05564880371094
2020-01-15,146.5399932861328,115.48399353027344,22.901145935058594,27.278316497802734,75.65752410888672,45.14790725708008,53.88893508911133,27.121076583862305,93.9510498046875,59.918182373046875
2020-01-16,146.30999755859375,115.12015533447266,22.939699172973633,27.518455505371094,76.408935546875,45.755001068115234,54.03309631347656,27.28982925415039,94.43907165527344,60.45380401611328
2020-01-17,146.5800018310547,114.13603210449219,22.793193817138672,27.59850311279297,76.4179916381836,46.063297271728516,54.126399993896484,27.479171752929688,94.43907165527344,60.66709899902344
2020-01-21,146.74000549316406,115.33517456054688,22.384521484375,27.36725425720215,75.5760498046875,46.044315338134766,54.31298828125,27.730257034301758,94.53851318359375,60.482242584228516
2020-01-22,146.7899932861328,115.74036407470703,22.16861915588379,27.447303771972656,75.17769622802734,46.210323333740234,54.35538864135742,27.816696166992188,94.65599822998047,60.45380401611328
2020-01-23,147.1199951171875,116.55075073242188,22.08379364013672,27.376150131225586,75.99247741699219,46.42850112915039,54.304500579833984,28.06366539001465,94.177001953125,60.54386901855469
2020-01-24,147.97999572753906,117.49352264404297,21.829347610473633,27.029273986816406,75.6394271850586,46.210323333740234,53.931339263916016,28.137752532958984,92.60436248779297,59.70014953613281
2020-01-27,148.99000549316406,119.32106018066406,21.224048614501953,26.611249923706055,74.2090072631836,45.10997009277344,53.76171112060547,28.067773818969727,91.89940643310547,58.80902862548828
2020-01-28,147.66000366210938,118.3866195678711,21.32042694091797,26.92254638671875,74.68883514404297,45.973175048828125,53.82956314086914,28.183027267456055,92.35128784179688,59.3825798034668
2020-01-29,148.4600067138672,119.54434967041016,21.096813201904297,26.87807846069336,75.0871810913086,46.09175109863281,53.558170318603516,28.257112503051758,92.09822845458984,59.349388122558594
2020-01-30,148.47000122070312,119.5609359741211,21.26645278930664,27.21605682373047,75.16863250732422,46.49015426635742,54.19425964355469,28.520553588867188,91.42941284179688,59.24984359741211
2020-01-31,149.3300018310547,120.65241241455078,20.603322982788086,26.646827697753906,73.43045043945312,45.21430969238281,53.58361053466797,28.392955780029297,89.60370635986328,59.40153121948242
2020-02-03,148.36000061035156,120.55470275878906,20.333444595336914,26.833606719970703,73.40327453613281,45.81191635131836,53.58361053466797,28.483503341674805,90.41715240478516,59.82339096069336
2020-02-04,146.42999267578125,118.93115234375,20.406694412231445,27.091535568237305,74.78839874267578,47.01188278198242,53.90589141845703,28.199491500854492,92.00782775878906,60.91358184814453
2020-02-05,146.61000061035156,117.63067626953125,21.173921585083008,27.63408088684082,76.03776550292969,47.28696060180664,54.33842468261719,28.314741134643555,93.77932739257812,61.22167205810547
2020-02-06,147.39999389648438,118.16085815429688,20.958019256591797,27.59850311279297,76.28218078613281,47.71858215332031,54.43171691894531,28.32297134399414,93.86064147949219,61.084224700927734
2020-02-07,147.7899932861328,119.63522338867188,20.811513900756836,27.50066566467285,75.72994232177734,47.282230377197266,54.499568939208984,28.232419967651367,93.12857055664062,60.818782806396484
2020-02-10,148.1699981689453,119.96661376953125,20.707416534423828,27.58070945739746,76.15544891357422,47.922515869140625,54.72856140136719,28.339439392089844,93.62565612792969,61.50606918334961
2020-02-11,147.66000366210938,119.3619384765625,20.93874168395996,27.678552627563477,76.44513702392578,47.76125717163086,54.5250129699707,28.442344665527344,94.1860122680664,61.98957061767578
2020-02-12,147.5399932861328,118.75724792480469,21.22018814086914,27.69633674621582,77.16036224365234,48.278236389160156,54.499568939208984,28.46291732788086,94.30352783203125,62.624732971191406
2020-02-13,148.3800048828125,119.21282958984375,21.15464210510254,27.68744659423828,76.72579956054688,48.150177001953125,54.82184982299805,28.779863357543945,93.86064147949219,62.515689849853516
2020-02-14,149.0,119.73471069335938,21.04283905029297,27.723018646240234,76.6261978149414,48.35886764526367,54.949073791503906,28.973316192626953,93.93295288085938,62.420902252197266
2020-02-18,150.91000366210938,120.55470275878906,20.869342803955078,27.48288345336914,76.19166564941406,48.17863845825195,54.753990173339844,29.216169357299805,93.59854125976562,62.41615676879883
2020-02-19,151.7899932861328,120.54641723632812,21.14693260192871,27.68744659423828,76.16450500488281,48.75252151489258,54.69463348388672,28.89923095703125,94.03235626220703,62.6958122253418
2020-02-20,152.41000366210938,121.49071502685547,21.123802185058594,27.63408088684082,76.05587768554688,48.245033264160156,54.737037658691406,29.002138137817383,93.42681121826172,62.719512939453125
2020-02-21,154.6999969482422,122.62553405761719,20.873199462890625,27.36725425720215,75.6756362915039,47.16365051269531,54.83032989501953,28.948627471923828,93.48104858398438,61.762062072753906
2020-02-24,156.08999633789062,124.45619201660156,19.909343719482422,26.477840423583984,73.52098846435547,45.21430969238281,53.56665802001953,28.61110496520996,90.53462982177734,59.63853454589844
2020-02-25,153.3000030517578,125.1187744140625,19.030315399169922,25.57953453063965,70.52437591552734,43.767723083496094,52.59980392456055,28.010160446166992,87.78704833984375,58.0458869934082
2020-02-26,153.97000122070312,124.45619201660156,18.455856323242188,25.392757415771484,69.99021911621094,43.966915130615234,52.302955627441406,27.72614288330078,87.77801513671875,57.58611297607422
2020-02-27,154.0,125.80632019042969,17.4688720703125,24.30767250061035,67.39197540283203,41.59546661376953,50.17421340942383,26.478954315185547,84.7954330444336,55.2587776184082
2020-02-28,148.3800048828125,128.64747619628906,17.453453063964844,23.649503707885742,66.16072845458984,41.91323471069336,49.181922912597656,25.593992233276367,83.70183563232422,54.903282165527344
2020-03-02,149.1999969482422,127.70091247558594,18.158994674682617,24.859107971191406,68.48738861083984,44.33687210083008,51.81105422973633,27.100488662719727,87.62437438964844,56.78980255126953
2020-03-03,153.88999938964844,129.68353271484375,17.60381317138672,23.92521858215332,66.81256866455078,42.653133392333984,51.10713195800781,26.767086029052734,85.44618225097656,55.41520690917969
2020-03-04,154.16000366210938,128.30648803710938,18.020193099975586,24.716800689697266,69.57376861572266,44.4838981628418,53.61752700805664,28.285932540893555,90.37193298339844,57.33014678955078
2020-03-05,157.49000549316406,131.5002899169922,17.360919952392578,23.524986267089844,66.16976928710938,43.07999801635742,52.608280181884766,27.84962272644043,88.27510833740234,55.192420959472656
2020-03-06,157.5500030517578,138.3441619873047,16.385496139526367,22.724515914916992,65.5903549194336,42.16935729980469,52.19270706176758,27.623241424560547,87.80513000488281,54.34395980834961
2020-03-09,157.80999755859375,142.09368896484375,13.0852689743042,20.287519454956055,59.54283905029297,38.9678840637207,49.91977310180664,26.1208553314209,83.24090576171875,50.921688079833984
2020-03-10,154.47999572753906,134.81019592285156,13.7059907913208,21.479337692260742,62.62997055053711,41.5670051574707,51.35308074951172,26.363710403442383,86.09690856933594,53.737247467041016
2020-03-11,153.92999267578125,129.8494873046875,12.981172561645508,20.314207077026367,58.95438766479492,39.60343551635742,48.83420181274414,25.038318634033203,82.80707550048828,50.79845428466797
2020-03-12,147.7899932861328,130.65419006347656,11.361899375915527,18.11735725402832,52.85253143310547,35.73794174194336,44.245914459228516,22.511024475097656,76.62499237060547,45.665035247802734
2020-03-13,143.27999877929688,127.70091247558594,12.41057014465332,20.5009822845459,56.98078155517578,39.93069839477539,48.01152038574219,23.737627029418945,81.93936920166016,48.490074157714844
2020-03-16,141.63999938964844,135.97152709960938,10.721899032592773,17.6904354095459,50.51681137084961,34.4146728515625,44.75477981567383,21.04157257080078,73.85933685302734,42.3470458984375
2020-03-17,143.55999755859375,126.90461730957031,10.795154571533203,18.650997161865234,52.84348678588867,36.757667541503906,48.52887725830078,23.733510971069336,78.4958724975586,43.97760772705078
2020-03-18,140.6999969482422,119.74559020996094,9.245277404785156,17.06785011291504,48.95062255859375,35.37274169921875,47.28215408325195,22.700366973876953,75.89290618896484,41.451194763183594
2020-03-19,138.0399932861328,123.0055923461914,9.873709678649902,17.4414005279541,48.986820220947266,35.500797271728516,45.70466613769531,21.379091262817383,74.33834838867188,42.89690017700195
2020-03-20,140.11000061035156,132.2552032470703,9.970096588134766,16.81880760192871,46.53341293334961,33.87397766113281,42.74476623535156,19.68325424194336,71.48229217529297,41.621829986572266
2020-03-23,146.3000030517578,137.705322265625,9.290550231933594,15.840231895446777,44.49522399902344,33.56455993652344,41.47981262207031,18.678842544555664,67.7696304321289,41.690425872802734
2020-03-24,153.39999389648438,135.1419677734375,10.780508041381836,17.8045711517334,50.12440490722656,37.00205993652344,43.59516906738281,20.686832427978516,72.99174499511719,45.600826263427734
2020-03-25,151.3000030517578,134.83517456054688,11.288980484008789,18.28891944885254,52.76108932495117,36.95437240600586,43.47576141357422,21.214807510375977,73.96351623535156,46.40101623535156
2020-03-26,153.24000549316406,135.49874877929688,11.978777885437012,19.437021255493164,56.09116744995117,39.24285888671875,45.855533599853516,23.02324867248535,78.87686157226562,48.320499420166016
2020-03-27,152.25,139.11557006835938,11.166790962219238,18.845027923583984,53.72817611694336,37.46928024291992,45.64228820800781,23.14796257019043,77.18760681152344,46.70108413696289
2020-03-30,152.9199981689453,137.97079467773438,11.281100273132324,19.203813552856445,54.51279830932617,39.047393798828125,47.42498779296875,24.004371643066406,80.8022232055664,47.67750930786133
2020-03-31,148.0500030517578,136.85089111328125,11.454534530639648,18.674610137939453,53.83766555786133,38.31793975830078,46.46113204956055,23.035724639892578,80.44803619384766,46.71536636352539
2020-04-01,149.4499969482422,138.7682342529297,10.886932373046875,17.535478591918945,51.41080856323242,36.491912841796875,45.67641830444336,21.651330947875977,77.38739776611328,44.629188537597656
2020-04-02,151.89999389648438,139.6488494873047,11.884177207946777,17.97498893737793,52.09507369995117,37.345340728759766,46.84496307373047,22.3289737701416,79.53076171875,44.79589080810547
2020-04-03,152.64999389648438,139.98114013671875,11.75804328918457,17.616199493408203,51.40169906616211,36.76844787597656,47.211753845214844,21.530771255493164,78.81326293945312,44.01476287841797
2020-04-06,156.8800048828125,139.61566162109375,12.380829811096191,18.880910873413086,54.95985412597656,39.905574798583984,48.968868255615234,23.193700790405273,82.9455795288086,47.67750930786133
2020-04-07,156.0399932861328,138.15342712402344,12.64492130279541,19.069271087646484,54.83211898803711,39.548004150390625,48.40589904785156,22.90268325805664,82.2644271850586,48.38718795776367
2020-04-08,154.64999389648438,137.14833068847656,13.488443374633789,19.903438568115234,56.82102966308594,40.611202239990234,49.12240219116211,24.149883270263672,85.6520004272461,49.911338806152344
2020-04-09,158.69000244140625,137.39756774902344,13.366246223449707,20.97081184387207,57.67864990234375,40.620723724365234,49.5829963684082,25.288986206054688,86.124267578125,50.81153869628906
2020-04-13,161.41000366210938,136.14308166503906,13.322891235351562,20.20840072631836,55.99080276489258,40.711326599121094,49.21622848510742,24.48662567138672,85.37045288085938,50.79726028442383
2020-04-14,162.67999267578125,136.10984802246094,13.2598237991333,20.298099517822266,57.05825424194336,42.418155670166016,51.30599594116211,25.205841064453125,88.20403289794922,52.78342056274414
2020-04-15,161.85000610351562,139.71531677246094,12.637038230895996,19.41908073425293,55.47988510131836,41.493221282958984,50.49566650390625,24.374378204345703,87.74993896484375,51.62601089477539
2020-04-16,161.7100067138672,141.302001953125,12.097028732299805,19.0782413482666,54.987220764160156,41.99859619140625,50.828338623046875,24.378536224365234,89.66622924804688,52.24519729614258
2020-04-17,158.57000732421875,139.4078826904297,13.382017135620117,20.082828521728516,57.56916427612305,42.55642318725586,51.604530334472656,25.164268493652344,91.52803039550781,53.78840255737305
2020-04-20,159.6999969482422,140.5294189453125,12.96419620513916,19.733015060424805,56.03641891479492,41.874637603759766,50.589500427246094,24.212244033813477,90.80146789550781,52.85009765625
2020-04-21,158.61000061035156,142.2989501953125,12.735579490661621,19.09617805480957,54.71351623535156,40.120140075683594,49.51475524902344,23.813138961791992,88.04055786132812,51.478355407714844
2020-04-22,161.72999572753906,140.84510803222656,13.188873291015625,19.302486419677734,55.288299560546875,41.66485595703125,49.992427825927734,24.507415771484375,89.38467407226562,52.58814239501953
2020-04-23,163.33999633789062,141.5927734375,13.614577293395996,19.221752166748047,55.72623062133789,41.3787956237793,49.54887771606445,24.09583854675293,89.87511444091797,52.57384490966797
2020-04-24,162.63999938964844,141.92510986328125,13.64610767364502,19.49980926513672,56.17327880859375,42.256046295166016,50.07771682739258,24.245502471923828,91.08302307128906,53.46452331542969
2020-04-27,161.55999755859375,139.2832794189453,13.941736221313477,20.163557052612305,57.56916427612305,42.61840057373047,50.22272872924805,24.499095916748047,92.25459289550781,54.46475601196289
2020-04-28,160.83999633789062,140.8866729736328,14.261011123657227,20.378822326660156,58.6457405090332,42.05105209350586,50.50419998168945,24.590557098388672,90.39277648925781,54.67909240722656
2020-04-29,161.72999572753906,140.15560913085938,15.31738567352295,20.97081184387207,59.76792526245117,43.77695083618164,50.290958404541016,24.36606216430664,90.99220275878906,55.88412094116211
2020-04-30,158.8000030517578,138.51904296875,14.978397369384766,20.441614151000977,58.581871032714844,43.581478118896484,49.69388198852539,23.80482292175293,90.57441711425781,55.53641891479492
2020-05-01,159.77999877929688,139.70529174804688,14.13093376159668,19.786832809448242,56.81190490722656,42.38477325439453,49.14798355102539,23.23111343383789,88.84884643554688,53.45975112915039
2020-05-04,160.33999633789062,139.04803466796875,14.619705200195312,19.607444763183594,56.09116744995117,42.947364807128906,49.12240219116211,23.405719757080078,88.80342864990234,53.750301361083984
2020-05-05,161.02000427246094,138.1580352783203,14.631529808044434,19.544660568237305,56.310123443603516,43.5385627746582,49.16504669189453,23.596954345703125,90.72879791259766,53.94558334350586
2020-05-06,158.9499969482422,135.92874145507812,14.249187469482422,19.123088836669922,55.53462600708008,43.877071380615234,48.6276741027832,22.794597625732422,89.8297119140625,53.93606185913086
2020-05-07,161.38999938964844,138.19967651367188,14.619705200195312,19.57156753540039,56.182403564453125,44.535011291503906,48.49120330810547,22.886058807373047,89.82062530517578,54.783870697021484
2020-05-08,160.4199981689453,136.4027862548828,15.285848617553711,19.993135452270508,57.578285217285156,45.18818283081055,49.57447814941406,23.34752082824707,90.28379821777344,55.85078811645508
2020-05-11,159.4199981689453,135.33815002441406,15.017810821533203,19.607444763183594,56.8575325012207,45.48854446411133,49.5062370300293,23.24773597717285,91.83683776855469,55.72694778442383
2020-05-12,160.0399932861328,136.7272491455078,14.753725051879883,19.09617805480957,55.26092529296875,44.54930114746094,49.088279724121094,23.04403305053711,90.43819427490234,54.50761795043945
2020-05-13,161.5800018310547,137.68394470214844,14.083637237548828,18.531097412109375,53.87415313720703,43.781715393066406,48.644737243652344,22.848636627197266,89.45735168457031,53.56930923461914
2020-05-14,163.00999450683594,139.03143310546875,14.241303443908691,19.00648307800293,54.43981170654297,44.33954620361328,48.52531433105469,23.09391975402832,90.43819427490234,54.36949157714844
2020-05-15,163.92999267578125,138.6737060546875,14.18612003326416,18.880910873413086,54.24821090698242,44.56361770629883,48.9517936706543,22.78628158569336,91.20108032226562,55.00297546386719
2020-05-18,162.69000244140625,135.62933349609375,15.344976425170898,19.84962272644043,57.824623107910156,45.655418395996094,49.728004455566406,23.721675872802734,91.95488739013672,57.084388732910156
2020-05-19,164.25999450683594,136.13668823242188,14.915331840515137,19.365264892578125,57.08562088012695,45.48854446411133,48.81532669067383,23.330888748168945,90.84689331054688,56.87958526611328
2020-05-20,164.64999389648438,136.5443115234375,15.510527610778809,19.795808792114258,58.15306854248047,46.48499298095703,49.395355224609375,23.459762573242188,90.95585632324219,57.622615814208984
2020-05-21,162.25,136.88531494140625,15.262200355529785,19.733015060424805,58.28992462158203,45.83659362792969,48.849449157714844,23.222795486450195,90.28379821777344,57.82741928100586
2020-05-22,163.2100067138672,137.70880126953125,15.167600631713867,19.661258697509766,58.244300842285156,46.00345230102539,49.020050048828125,23.480552673339844,90.47451782226562,57.74168014526367
2020-05-26,160.88999938964844,135.86221313476562,15.589360237121582,20.683788299560547,60.68938446044922,45.955772399902344,49.28446960449219,23.634374618530273,90.3110580444336,58.65617752075195
2020-05-27,161.17999267578125,135.61260986328125,15.790389060974121,21.580745697021484,62.71480941772461,46.2180061340332,50.026546478271484,23.917072296142578,91.24649047851562,59.661170959472656
2020-05-28,161.72000122070312,135.11354064941406,15.348915100097656,21.239904403686523,62.12178039550781,46.127418518066406,50.4700927734375,24.62381362915039,92.43621826171875,58.937198638916016
2020-05-29,162.91000366210938,136.0784912109375,15.277966499328613,20.997726440429688,61.73859786987305,46.70907974243164,50.52125930786133,24.81505012512207,93.55328369140625,59.15153121948242
2020-06-01,163.66000366210938,135.1622314453125,15.54599666595459,21.239904403686523,61.87544631958008,46.69477462768555,50.870975494384766,25.110219955444336,92.62694549560547,59.71357345581055
2020-06-02,162.60000610351562,134.67083740234375,15.979584693908691,21.410329818725586,62.67829895019531,47.13340377807617,51.00745391845703,25.272357940673828,93.16278076171875,60.223201751708984
2020-06-03,159.60000610351562,132.88014221191406,16.448646545410156,22.208614349365234,65.12340545654297,47.500511169433594,51.07569885253906,25.575841903686523,92.98115539550781,61.3615608215332
2020-06-04,161.27999877929688,130.9561309814453,16.452587127685547,22.69297218322754,65.81678009033203,47.10956954956055,50.828338623046875,25.1185359954834,92.2455062866211,61.05195999145508
2020-06-05,158.00999450683594,130.02330017089844,17.674509048461914,23.536108016967773,68.23451232910156,48.34916687011719,51.536293029785156,25.43865394592285,93.73493957519531,62.514198303222656
2020-06-08,159.72000122070312,130.52313232421875,18.47072982788086,23.984590530395508,69.60303497314453,48.592315673828125,52.090728759765625,26.12044906616211,94.37976837158203,63.4667854309082
2020-06-09,161.25999450683594,132.00559997558594,17.776994705200195,23.473318099975586,67.86958312988281,48.821170806884766,51.66423797607422,25.596630096435547,93.3989028930664,62.971458435058594
2020-06-10,163.57000732421875,133.962890625,16.901939392089844,22.594303131103516,66.2455825805664,49.63644027709961,51.51923751831055,25.446964263916016,93.25358581542969,62.38083267211914
2020-06-11,162.38999938964844,136.49490356445312,15.309497833251953,20.7465763092041,61.592628479003906,46.790122985839844,49.56594467163086,24.453365325927734,88.06781005859375,59.11342239379883
2020-06-12,162.6199951171875,135.17897033691406,15.695781707763672,21.374452590942383,62.78778076171875,47.3956298828125,49.57447814941406,24.391008377075195,88.63996887207031,59.699275970458984
2020-06-15,162.3300018310547,135.25384521484375,15.743085861206055,21.670442581176758,63.408206939697266,47.85332489013672,50.14595413208008,24.557300567626953,88.83976745605469,60.266075134277344
2020-06-16,162.25,133.1799774169922,16.196380615234375,22.011287689208984,64.64898681640625,48.87361145019531,50.93069076538086,24.669544219970703,91.02855682373047,61.533023834228516
2020-06-17,162.55999755859375,133.7296600341797,15.64454460144043,21.679410934448242,64.1836929321289,48.86406707763672,50.85392761230469,24.594717025756836,90.93771362304688,61.371089935302734
2020-06-18,162.24000549316406,135.14566040039062,15.837685585021973,21.652498245239258,63.94645690917969,49.08339309692383,51.11833190917969,24.590557098388672,90.62892150878906,61.14722442626953
2020-06-19,164.02999877929688,135.25384521484375,15.597240447998047,21.508987426757812,63.16185760498047,48.74488067626953,50.85392761230469,23.900442123413086,91.50078582763672,60.670928955078125
2020-06-22,165.08999633789062,135.2705535888672,15.669499397277832,21.4024715423584,63.268165588378906,49.663265228271484,50.708648681640625,24.133520126342773,91.1496353149414,61.2944221496582
2020-06-23,166.47999572753906,134.34613037109375,15.68547248840332,21.501766204833984,63.27732849121094,50.02183532714844,50.631282806396484,23.890382766723633,91.54181671142578,61.77659606933594
2020-06-24,165.89999389648438,135.7869110107422,14.815163612365723,20.743515014648438,61.077964782714844,48.8935546875,49.780269622802734,23.672395706176758,89.15226745605469,60.41598129272461
2020-06-25,165.8000030517578,136.17848205566406,15.098609924316406,21.294153213500977,61.7560920715332,49.51985168457031,50.13270568847656,23.378952026367188,90.02782440185547,60.49713897705078
2020-06-26,166.5399932861328,137.6360321044922,14.575630187988281,20.382450103759766,60.610618591308594,48.5445671081543,49.10976028442383,23.131624221801758,88.93338012695312,59.079254150390625
2020-06-29,166.6300048828125,137.20281982421875,14.771247863769531,20.608118057250977,62.59918212890625,49.07524490356445,50.03814697265625,23.567594528198242,89.7359848022461,60.20115661621094
2020-06-30,167.3699951171875,136.53659057617188,15.110589981079102,20.8879451751709,62.95658493041992,49.95491027832031,50.40778350830078,23.655624389648438,91.26819610595703,60.96977996826172
2020-07-01,166.6199951171875,136.27133178710938,14.743305206298828,20.70741081237793,62.67250442504883,50.036190032958984,50.45076370239258,24.20897674560547,91.97047424316406,61.58563232421875
2020-07-02,166.97999572753906,136.4131317138672,14.906986236572266,20.734495162963867,63.21320343017578,50.327816009521484,50.708648681640625,24.271854400634766,92.66363525390625,61.8291130065918
2020-07-06,167.97999572753906,135.85452270507812,14.950901985168457,21.131671905517578,64.12041473388672,51.207496643066406,50.95793914794922,23.974220275878906,93.6030502319336,63.294761657714844
2020-07-07,169.0399932861328,137.76406860351562,14.475822448730469,20.698387145996094,62.89244079589844,50.67203140258789,51.4221305847168,23.877805709838867,92.79130554199219,62.30175018310547
2020-07-08,170.08999633789062,137.21363830566406,14.463849067687988,20.915029525756836,62.89244079589844,51.49911880493164,51.29317855834961,24.091604232788086,92.80045318603516,62.9653434753418
2020-07-09,169.6300048828125,139.39837646484375,13.749238014221191,20.472713470458984,61.52700424194336,51.685569763183594,50.88916778564453,23.76881217956543,92.07080841064453,62.89374923706055
2020-07-10,169.19000244140625,138.69793701171875,14.188385009765625,21.176801681518555,62.32427215576172,51.67123794555664,51.826148986816406,24.217355728149414,91.85191345214844,63.64328384399414
2020-07-13,169.39999389648438,139.15658569335938,14.112531661987305,21.267072677612305,62.58086013793945,50.60032272338867,51.74879455566406,24.24251365661621,92.37178802490234,62.83644104003906
2020-07-14,170.19000244140625,139.35670471191406,14.60757064819336,21.375396728515625,63.9371223449707,51.1835823059082,52.505245208740234,24.468883514404297,94.20498657226562,63.46183776855469
2020-07-15,170.33999633789062,138.7062530517578,14.922957420349121,21.799652099609375,65.56832122802734,51.46086883544922,52.548221588134766,24.372461318969727,95.42713928222656,64.3689193725586
2020-07-16,168.72999572753906,139.3650665283203,14.855088233947754,21.799652099609375,65.58665466308594,50.82502365112305,52.659976959228516,24.68267059326172,95.2720947265625,64.19705200195312
2020-07-17,170.1199951171875,139.07315063476562,14.64748764038086,21.61911964416504,65.98069763183594,51.07362365722656,52.94364929199219,25.240211486816406,96.57630157470703,63.896297454833984
2020-07-20,170.94000244140625,139.41502380371094,14.403966903686523,21.519821166992188,65.17427825927734,52.37879180908203,52.41067886352539,24.909038543701172,96.55805969238281,64.91793060302734
2020-07-21,173.0,139.49844360351562,15.274267196655273,21.94407844543457,66.03569030761719,51.85289764404297,52.86626434326172,25.022226333618164,96.49420166015625,65.01820373535156
2020-07-22,175.6300048828125,139.91534423828125,15.08663272857666,21.94407844543457,66.56718444824219,52.268829345703125,53.28749465942383,25.40789794921875,97.36065673828125,65.5767593383789
2020-07-23,177.17999267578125,141.54974365234375,15.05868911743164,21.962129592895508,66.3656005859375,50.91107177734375,53.47661590576172,25.437236785888672,96.9228744506836,64.59332275390625
2020-07-24,178.6999969482422,141.54147338867188,14.974851608276367,21.907968521118164,65.83406829833984,50.294349670410156,53.4078369140625,25.269554138183594,95.85580444335938,64.7078857421875
2020-07-27,182.22999572753906,141.0161895751953,14.990822792053223,21.727436065673828,66.10900115966797,51.08797073364258,53.67431640625,24.963539123535156,96.57630157470703,65.10893249511719
2020-07-28,183.75,141.9917755126953,14.735321044921875,21.673276901245117,65.6507797241211,50.49036407470703,53.872032165527344,25.34082794189453,96.46684265136719,64.46441650390625
2020-07-29,185.1300048828125,141.74996948242188,15.042722702026367,22.07948112487793,66.64967346191406,51.22182846069336,53.949398040771484,25.458208084106445,97.4792251586914,65.11845397949219
2020-07-30,183.75999450683594,142.68382263183594,14.451870918273926,21.682302474975586,65.98069763183594,51.50867462158203,53.949398040771484,25.458208084106445,96.80430603027344,65.0659408569336
2020-07-31,185.42999267578125,142.59213256835938,14.384001731872559,21.691329956054688,65.73328399658203,52.79471969604492,53.89781951904297,25.500118255615234,96.24796295166016,65.40489196777344
2020-08-03,185.63999938964844,141.87417602539062,14.43590259552002,21.7545108795166,66.00820922851562,54.09510803222656,53.751670837402344,25.22344207763672,97.2420883178711,65.2664794921875
2020-08-04,189.58999633789062,143.2265167236328,14.78722095489502,21.664249420166016,66.17314910888672,54.2337532043457,54.42219543457031,25.500118255615234,96.81342315673828,65.79161834716797
2020-08-05,191.35000610351562,141.974365234375,14.942914962768555,21.962129592895508,67.43777465820312,54.434547424316406,54.3104362487793,25.173139572143555,97.26033020019531,66.5936508178711
2020-08-06,193.88999938964844,142.7674560546875,14.823150634765625,21.953105926513672,67.69436645507812,55.199485778808594,54.301841735839844,25.31985855102539,96.74046325683594,66.9183120727539
2020-08-07,190.80999755859375,141.8157501220703,14.843111991882324,22.422500610351562,68.84902954101562,54.3771858215332,54.59409713745117,25.776798248291016,97.0505599975586,67.01854705810547
2020-08-10,190.14999389648438,141.1813201904297,15.30221939086914,22.584980010986328,70.54436492919922,54.22419357299805,54.87777328491211,25.768407821655273,96.72223663330078,67.82056427001953
2020-08-11,179.94000244140625,139.50335693359375,15.250317573547363,22.846757888793945,70.92007446289062,53.248897552490234,54.499549865722656,25.210866928100586,96.11116027832031,67.6869125366211
2020-08-12,179.10000610351562,138.2344512939453,15.402026176452637,22.7835636138916,71.14918518066406,54.45845031738281,55.20443344116211,25.575572967529297,97.72547912597656,68.58444213867188
2020-08-13,183.3300018310547,136.75689697265625,15.102603912353516,22.639144897460938,70.77345275878906,54.48236083984375,55.16145324707031,25.533655166625977,97.59779357910156,68.55580139160156
2020-08-14,182.5399932861328,136.22259521484375,15.246326446533203,22.729408264160156,71.04839324951172,54.44410705566406,55.152862548828125,25.31148338317871,97.40625,68.55101776123047
2020-08-17,186.5,136.5648651123047,15.158499717712402,22.350282669067383,70.71849060058594,54.807456970214844,55.462303161621094,25.277942657470703,97.9808349609375,69.43421936035156
2020-08-18,188.17999267578125,137.54156494140625,14.966867446899414,22.20585823059082,70.3335952758789,55.013031005859375,55.68580627441406,25.16475486755371,97.9534912109375,69.86389923095703
2020-08-19,182.24000549316406,136.68173217773438,14.795207023620605,22.196828842163086,70.15031433105469,54.94609832763672,55.247406005859375,25.089296340942383,97.63427734375,69.53448486328125
2020-08-20,183.5,137.917236328125,14.475822448730469,21.98921775817871,69.77459716796875,55.67757034301758,55.13566207885742,24.867122650146484,97.32417297363281,69.42943572998047
2020-08-21,182.02999877929688,138.74374389648438,14.384001731872559,21.94407844543457,70.05867004394531,56.385128021240234,55.2732048034668,24.909038543701172,97.42450714111328,69.78751373291016
2020-08-24,181.0,138.51828002929688,14.779234886169434,22.467632293701172,71.32329559326172,56.872772216796875,55.745994567871094,25.127029418945312,96.97759246826172,70.84733581542969
2020-08-25,181.22000122070312,137.4581298828125,14.571638107299805,22.530820846557617,71.23165893554688,57.15962600708008,55.62563705444336,24.88808250427246,97.63427734375,71.08128356933594
2020-08-26,183.36000061035156,136.93214416503906,14.264236450195312,22.422500610351562,71.26831817626953,58.32136154174805,55.69441604614258,24.611408233642578,97.51570892333984,71.78308868408203
2020-08-27,181.24000549316406,134.60313415527344,14.29218578338623,22.80162239074707,71.52491760253906,58.369178771972656,56.03825378417969,24.691059112548828,98.2818374633789,71.39636993408203
2020-08-28,184.38999938964844,134.5028533935547,14.547689437866211,22.891889572143555,72.20305633544922,58.8807258605957,56.536842346191406,24.7623233795166,98.50072479248047,71.86422729492188
2020-08-31,184.8300018310547,135.39614868164062,14.232300758361816,22.621084213256836,71.30497741699219,59.06717300415039,56.373512268066406,24.837778091430664,98.73786926269531,71.65416717529297
2020-09-01,185.0500030517578,136.94473266601562,14.136486053466797,22.684274673461914,72.02893829345703,60.195457458496094,56.433677673339844,24.55272102355957,97.85316467285156,72.40369415283203
2020-09-02,182.6199951171875,138.24850463867188,14.068620681762695,23.009241104125977,73.2202377319336,60.73089599609375,57.45661926269531,25.315673828125,99.81407928466797,73.40626525878906
2020-09-03,181.13999938964844,138.64134216308594,13.964822769165039,22.657194137573242,71.16753387451172,57.26958084106445,56.46806335449219,25.030614852905273,97.09614562988281,71.07649993896484
2020-09-04,181.63999938964844,136.00877380371094,13.920905113220215,22.828702926635742,71.33245849609375,56.47119140625,56.33911895751953,24.88808250427246,96.40300750732422,70.25536346435547
2020-09-08,181.2899932861328,136.84449768066406,13.413891792297363,22.241960525512695,69.99451446533203,53.918216705322266,55.152862548828125,24.74974822998047,94.81604766845703,69.33396911621094
2020-09-09,183.0500030517578,136.47677612304688,13.505716323852539,22.467632293701172,71.07588195800781,55.67757034301758,55.95228576660156,25.07672119140625,96.49420166015625,70.64205932617188
2020-09-10,182.4600067138672,137.17047119140625,13.010676383972168,22.151700973510742,70.16865539550781,54.42020797729492,55.26459884643555,24.64494514465332,95.0167236328125,69.62997436523438
2020-09-11,182.4499969482422,137.46290588378906,13.02265453338623,22.305143356323242,71.1216812133789,54.0042724609375,55.574066162109375,24.70363426208496,95.3906478881836,69.73500061035156
2020-09-14,183.88999938964844,137.45457458496094,13.12246036529541,22.612058639526367,72.08393859863281,55.13733673095703,55.93509292602539,25.043190002441406,96.75871276855469,70.47496032714844
2020-09-15,183.4499969482422,137.1202850341797,13.02664566040039,22.305143356323242,72.12972259521484,55.68235397338867,55.85773849487305,25.210866928100586,96.88639831542969,71.05264282226562
2020-09-16,183.97000122070312,136.7108154296875,13.549630165100098,22.55790138244629,72.86285400390625,54.82180404663086,55.60844421386719,25.177337646484375,96.72223663330078,70.65638732910156
2020-09-17,182.9600067138672,137.12864685058594,13.569589614868164,22.323200225830078,73.00947570800781,54.36762237548828,55.25601577758789,24.971927642822266,96.40300750732422,69.66338348388672
2020-09-18,183.1999969482422,136.70248413085938,13.417886734008789,22.27806854248047,72.19388580322266,53.43057632446289,54.74883270263672,24.531761169433594,96.25708770751953,68.6942367553711
2020-09-21,179.52000427246094,137.3960418701172,12.973135948181152,21.719867706298828,69.79740142822266,53.87474822998047,54.33116912841797,24.379127502441406,94.4788589477539,67.7020034790039
2020-09-22,178.64999389648438,137.2874298095703,12.839224815368652,21.538331985473633,70.48736572265625,54.72761535644531,54.651119232177734,24.531341552734375,94.27742767333984,69.13248443603516
2020-09-23,174.7899932861328,137.47128295898438,12.25894546508789,21.05729103088379,69.22701263427734,53.02186965942383,53.829620361328125,24.155038833618164,93.30680084228516,67.99861907958984
2020-09-24,175.44000244140625,137.99783325195312,12.254887580871582,21.102672576904297,69.32820892333984,53.31893539428711,54.22740173339844,24.42563247680664,92.83980560302734,67.96990203857422
2020-09-25,174.94000244140625,137.99783325195312,12.246771812438965,21.320505142211914,70.36776733398438,54.593448638916016,54.51276397705078,24.82731056213379,94.33234405517578,68.8550033569336
2020-09-28,176.6999969482422,137.6050567626953,12.534883499145508,21.828786849975586,71.63732147216797,55.63798141479492,55.12672424316406,24.890722274780273,95.18394470214844,70.29503631591797
2020-09-29,178.19000244140625,137.7638397216797,12.189961433410645,21.55649185180664,71.00252532958984,55.45111846923828,54.76354217529297,24.882266998291016,95.06489562988281,69.74966430664062
2020-09-30,177.1199951171875,136.44334411621094,12.15343952178955,21.846939086914062,70.81854248046875,55.915889739990234,55.42937469482422,25.106355667114258,96.58492279052734,70.31897735595703
2020-10-01,178.6999969482422,136.66831970214844,11.780110359191895,21.88324546813965,70.60697174072266,56.50523376464844,55.74068069458008,25.360044479370117,96.25526428222656,71.23754119873047
2020-10-02,178.5399932861328,136.15805053710938,11.893733024597168,22.05569839477539,71.39812469482422,55.072593688964844,55.42937469482422,25.660232543945312,95.37622833251953,70.93614196777344
2020-10-05,179.41000366210938,133.4976806640625,12.25083065032959,22.41875457763672,72.54808044433594,56.28003692626953,55.80120849609375,25.981571197509766,97.33575439453125,71.87383270263672
2020-10-06,177.3000030517578,134.2171630859375,12.068224906921387,22.191844940185547,71.66490173339844,55.40799331665039,55.43803405761719,26.20142936706543,96.04464721679688,70.54383087158203
2020-10-07,177.22000122070312,133.23829650878906,12.238655090332031,22.563976287841797,73.24723815917969,56.42377471923828,56.03469467163086,26.362098693847656,97.85767364501953,72.1561508178711
2020-10-08,177.85000610351562,133.957763671875,12.697199821472168,22.87257957458496,73.9739990234375,56.71605682373047,56.406532287597656,26.844100952148438,98.33382415771484,72.62975311279297
2020-10-09,181.0800018310547,133.9326934814453,12.494303703308105,22.899805068969727,74.25000762939453,57.58329772949219,56.8475456237793,26.83987045288086,99.2220230102539,73.38568878173828
2020-10-12,180.55999755859375,134.35943603515625,12.526769638061523,23.15394401550293,74.67317962646484,59.15488815307617,57.504737854003906,27.008996963500977,99.89962768554688,74.3616714477539
2020-10-13,177.72000122070312,135.32142639160156,12.331986427307129,22.709197998046875,73.84520721435547,58.77635955810547,57.46149444580078,26.82295799255371,99.1396255493164,74.34732818603516
2020-10-14,178.27000427246094,135.63096618652344,12.38473892211914,22.491371154785156,74.25920867919922,58.46491622924805,57.16748809814453,26.789134979248047,98.562744140625,73.5244369506836
2020-10-15,178.9199981689453,135.39674377441406,12.534883499145508,22.663818359375,74.5260009765625,58.20138931274414,57.20207595825195,26.772226333618164,97.84851837158203,73.7971420288086
2020-10-16,178.3000030517578,135.02027893066406,12.25083065032959,22.68197250366211,75.06875610351562,58.03369140625,57.2193717956543,27.059730529785156,98.81912994384766,73.12733459472656
2020-10-19,178.38999938964844,134.5099334716797,11.99112319946289,22.337066650390625,74.13958740234375,56.96998977661133,56.4757080078125,26.831418991088867,97.25332641601562,72.22789764404297
2020-10-20,179.25,133.22991943359375,12.133151054382324,22.518596649169922,74.5260009765625,57.166439056396484,56.41516876220703,26.99207878112793,97.38153076171875,72.8067855834961
2020-10-21,180.60000610351562,132.7698211669922,11.901849746704102,22.400602340698242,73.77162170410156,57.0802116394043,56.46706008911133,26.920202255249023,96.89622497558594,72.40969848632812
2020-10-22,178.8300018310547,131.38941955566406,12.392858505249023,22.84535026550293,74.37879943847656,56.81187438964844,56.44112777709961,27.300729751586914,98.3613052368164,72.55799102783203
2020-10-23,178.63999938964844,132.1925506591797,12.331986427307129,22.917953491210938,74.67317962646484,56.74958801269531,56.54488754272461,27.376834869384766,98.72757720947266,73.19432067871094
2020-10-26,178.5500030517578,133.42227172851562,11.889676094055176,22.400602340698242,72.80567169189453,55.51820373535156,55.818511962890625,27.368383407592773,97.6287612915039,71.78775024414062
2020-10-27,179.02000427246094,134.3175048828125,11.735475540161133,21.992164611816406,71.21411895751953,55.79609680175781,55.671504974365234,27.347244262695312,96.96031951904297,71.75423431396484
2020-10-28,176.1300048828125,134.4429931640625,11.244466781616211,21.429424285888672,68.87743377685547,53.429134368896484,54.045814514160156,26.5523624420166,93.8836669921875,69.48653411865234
2020-10-29,175.39999389648438,133.1378631591797,11.58938980102539,21.59280014038086,69.88017272949219,54.32034683227539,54.02852249145508,26.624238967895508,93.11450958251953,69.92666625976562
2020-10-30,176.1999969482422,131.82440185546875,11.654319763183594,21.656333923339844,69.79740142822266,53.11768341064453,53.838260650634766,26.374778747558594,93.08704376220703,68.4004898071289
2020-11-02,177.91000366210938,132.8118438720703,12.05199146270752,22.064777374267578,71.68331909179688,53.25185775756836,54.694358825683594,26.954029083251953,94.76273345947266,68.88850402832031
2020-11-03,178.9199981689453,132.04135131835938,11.983006477355957,22.554903030395508,73.79920959472656,54.190975189208984,55.593666076660156,27.343015670776367,96.1453857421875,70.40509796142578
2020-11-04,178.82000732421875,134.90560913085938,11.999237060546875,22.29168128967285,73.03565216064453,56.2991943359375,55.61962127685547,26.93288803100586,100.41239166259766,71.90257263183594
2020-11-05,182.92999267578125,135.1400909423828,11.999237060546875,22.836267471313477,74.7559814453125,58.048057556152344,56.02605056762695,27.173891067504883,100.61384582519531,73.3043441772461
2020-11-06,183.19000244140625,133.50692749023438,11.739533424377441,22.654741287231445,74.82958221435547,58.25408935546875,56.285465240478516,27.11469841003418,100.65047454833984,73.08428955078125
2020-11-09,175.0800018310547,130.7013397216797,13.415450096130371,24.515409469604492,77.37786865234375,57.83245086669922,56.155765533447266,27.617841720581055,101.59362030029297,72.84507751464844
2020-11-10,175.66000366210938,129.94761657714844,13.849644660949707,24.642478942871094,78.7393798828125,56.754390716552734,57.26261901855469,28.01527976989746,101.8866195678711,72.58671569824219
2020-11-11,174.89999389648438,130.4165496826172,13.707619667053223,24.54263687133789,78.0770492553711,58.10077667236328,57.75550842285156,28.120981216430664,101.75843048095703,73.22303009033203
2020-11-12,175.9600067138672,132.6359405517578,13.265304565429688,24.134199142456055,77.18467712402344,57.58329772949219,57.59986877441406,27.668577194213867,101.38301849365234,72.24224090576172
2020-11-13,177.16000366210938,132.4600830078125,13.748197555541992,24.533565521240234,78.89578247070312,58.072021484375,58.39541244506836,27.943401336669922,102.66494750976562,73.41439056396484
2020-11-16,177.14999389648438,132.14186096191406,14.653111457824707,25.078144073486328,80.81851196289062,58.63262939453125,58.931549072265625,28.226682662963867,102.490966796875,74.37602233886719
2020-11-17,176.5,133.00445556640625,14.803256034851074,25.041839599609375,80.60691833496094,58.30679702758789,58.516475677490234,27.67280387878418,101.82252502441406,74.06027221679688
2020-11-18,175.49000549316406,133.38973999023438,14.37311840057373,24.805850982666016,80.2481460571289,57.68391418457031,57.7122688293457,27.131608963012695,99.92709350585938,73.55313873291016
2020-11-19,175.16000366210938,134.07644653320312,14.608476638793945,24.88753890991211,80.45051574707031,58.148681640625,57.86793518066406,26.86100959777832,99.8538589477539,73.91674041748047
2020-11-20,175.69000244140625,135.26576232910156,14.531375885009766,24.669708251953125,79.7237548828125,57.54975509643555,57.504737854003906,26.8652400970459,99.62493896484375,73.52921295166016
2020-11-23,172.22999572753906,134.64593505859375,15.558025360107422,25.13260841369629,81.05769348144531,57.535377502441406,57.52203369140625,26.869474411010742,99.36854553222656,74.33773040771484
2020-11-24,169.58999633789062,133.30592346191406,16.357437133789062,26.013011932373047,82.47444152832031,58.33554458618164,57.91117477416992,27.156982421875,99.66154479980469,75.44290161132812
2020-11-25,169.50999450683594,132.89556884765625,15.975995063781738,25.922252655029297,81.84886932373047,58.46012878417969,57.87657165527344,27.228857040405273,99.2952880859375,75.53382110595703
2020-11-27,167.7899932861328,134.1853790283203,15.789323806762695,25.840564727783203,81.71086883544922,58.77157974243164,57.86793518066406,26.9582576751709,100.21097564697266,75.69648742675781
2020-11-30,166.6699981689453,134.01780700683594,14.916876792907715,25.3050594329834,80.98410034179688,59.16447067260742,57.859291076660156,26.56927490234375,100.48564910888672,75.23717498779297
2020-12-01,170.17999267578125,132.04183959960938,14.985860824584961,25.695341110229492,80.78170776367188,59.921512603759766,58.369468688964844,26.755311965942383,101.32809448242188,75.79695129394531
2020-12-02,171.4600067138672,130.9939727783203,15.472811698913574,25.976709365844727,80.89212036132812,59.83047866821289,57.88522720336914,26.93288803100586,102.08808135986328,75.32330322265625
2020-12-03,172.80999755859375,132.0501708984375,15.635123252868652,25.985782623291016,81.10369873046875,59.792152404785156,58.0322265625,26.65383529663086,101.95987701416016,75.53382110595703
2020-12-04,172.32000732421875,130.1136474609375,16.487287521362305,26.30345916748047,82.06965637207031,60.39107131958008,58.48188400268555,26.387462615966797,103.04953002929688,75.60556030273438
2020-12-07,174.88999938964844,131.2872772216797,16.101787567138672,26.12193489074707,81.67405700683594,60.56357192993164,58.257057189941406,26.535449981689453,102.417724609375,75.43333435058594
2020-12-08,175.5,131.90768432617188,16.341203689575195,26.11285400390625,82.06965637207031,60.760005950927734,58.57699966430664,26.45511817932129,103.19605255126953,75.27546691894531
2020-12-09,172.5,131.4718017578125,16.377723693847656,26.0493221282959,82.253662109375,59.595699310302734,58.34352493286133,26.408607482910156,102.83893585205078,75.20369720458984
2020-12-10,172.1699981689453,132.6371307373047,16.880903244018555,26.09470558166504,81.4716796875,59.681941986083984,58.08411407470703,26.273313522338867,102.66494750976562,75.13672637939453
2020-12-11,172.49000549316406,133.10655212402344,16.68612289428711,25.831485748291016,81.6648941040039,59.55736541748047,58.213829040527344,26.315587997436523,102.26206970214844,74.77789306640625
2020-12-14,171.5399932861328,132.7376708984375,16.101787567138672,25.531965255737305,80.60691833496094,59.772987365722656,57.988983154296875,26.18029022216797,101.492919921875,74.887939453125
2020-12-15,173.94000244140625,132.29336547851562,16.418304443359375,25.96763801574707,81.72925567626953,60.769596099853516,58.127349853515625,26.696115493774414,102.59172058105469,75.89741516113281
2020-12-16,174.89999389648438,131.9412078857422,16.337148666381836,26.013011932373047,81.22329711914062,61.1816520690918,58.2397575378418,26.387462615966797,102.28953552246094,76.39497375488281
2020-12-17,176.74000549316406,131.59210205078125,16.26004409790039,26.085630416870117,81.7200698852539,61.66558837890625,58.61159133911133,26.56504249572754,103.38832092285156,76.91647338867188
2020-12-18,176.44000244140625,131.19764709472656,15.988165855407715,25.858718872070312,81.72925567626953,61.449974060058594,58.741310119628906,26.336727142333984,103.47074127197266,76.54329681396484
2020-12-21,175.8800048828125,131.71803283691406,15.67974853515625,26.20729637145996,81.23597717285156,61.511451721191406,58.108253479003906,26.01779556274414,102.4354476928711,75.67860412597656
2020-12-22,174.49000549316406,132.3977813720703,15.416571617126465,25.95179557800293,80.85723114013672,62.04454803466797,57.69842529296875,25.966630935668945,102.12284851074219,75.35266876220703
2020-12-23,175.64999389648438,131.4830322265625,15.7578763961792,26.380674362182617,81.28216552734375,61.57388687133789,57.8902587890625,25.91546630859375,102.1964111328125,75.51564025878906
2020-12-24,176.35000610351562,132.00331115722656,15.675641059875488,26.417171478271484,81.29141998291016,61.98210525512695,58.178009033203125,26.09881019592285,102.4906234741211,75.673828125
2020-12-28,175.7100067138672,132.06202697753906,15.576945304870605,26.5449275970459,81.39301300048828,62.68328857421875,58.640159606933594,26.213930130004883,102.748046875,76.53660583496094
2020-12-29,176.35000610351562,131.8942413330078,15.474142074584961,26.45367431640625,80.90343475341797,62.38551712036133,58.46576690673828,26.20966911315918,103.2353744506836,76.56053924560547
2020-12-30,177.6999969482422,132.1796417236328,15.716758728027344,26.572307586669922,81.42073822021484,62.35190963745117,58.404727935791016,26.34185028076172,103.21696472167969,77.02068328857422
2020-12-31,178.36000061035156,132.3726348876953,15.585169792175293,26.900802612304688,81.79947662353516,62.44314956665039,58.81454849243164,26.734113693237305,104.30193328857422,77.0638198852539
2021-01-04,182.3300018310547,132.2130889892578,15.609843254089355,26.535799026489258,79.8226318359375,61.42500305175781,58.178009033203125,26.060436248779297,103.85139465332031,76.41195678710938
2021-01-05,182.8699951171875,131.23121643066406,16.308917999267578,26.654422760009766,80.6078109741211,61.823612213134766,58.178009033203125,26.05617332458496,104.60533142089844,76.98233795166016
2021-01-06,179.89999389648438,128.53732299804688,16.80649185180664,27.831565856933594,82.52925109863281,60.75743865966797,58.221614837646484,26.704273223876953,106.03966522216797,77.7684097290039
2021-01-07,179.47999572753906,127.40428924560547,17.053218841552734,28.233068466186523,82.9819107055664,62.39512634277344,58.04723358154297,26.354639053344727,107.4188461303711,79.2686538696289
2021-01-08,173.33999633789062,126.99317169189453,17.03265953063965,28.21481704711914,82.77865600585938,62.79854202270508,58.334983825683594,26.576356887817383,107.93372344970703,80.90310668945312
2021-01-11,173.0,126.78330993652344,17.299951553344727,28.30607032775879,82.75096893310547,62.279869079589844,57.83794403076172,26.329057693481445,108.43942260742188,79.3932876586914
2021-01-12,174.1199951171875,126.68256378173828,17.904441833496094,28.59807014465332,83.57310485839844,61.98210525512695,57.6461067199707,26.188344955444336,107.26252746582031,80.60594177246094
2021-01-13,173.3699951171875,128.1092987060547,17.764625549316406,28.57982635498047,82.85256958007812,62.37590789794922,57.73331069946289,26.70000457763672,107.55679321289062,80.60115051269531
2021-01-14,173.27999877929688,126.9091567993164,18.290987014770508,28.707571029663086,83.13895416259766,61.82842254638672,57.428123474121094,26.597673416137695,107.21656799316406,80.08828735351562
2021-01-15,171.1300048828125,127.41271209716797,17.579574584960938,28.233068466186523,82.05813598632812,61.19448471069336,57.22755813598633,26.857769012451172,107.54756164550781,79.46995544433594
2021-01-19,172.5800018310547,127.82396697998047,17.933225631713867,28.30607032775879,82.3260269165039,61.99171447753906,56.97469711303711,26.75543975830078,108.35667419433594,79.92052459716797
2021-01-20,175.38999938964844,127.94983673095703,17.9990234375,28.187440872192383,82.83409118652344,63.221153259277344,57.079322814941406,26.913198471069336,108.9543228149414,81.43037414550781
2021-01-21,175.27999877929688,127.05177307128906,17.39041519165039,27.886310577392578,82.18746185302734,64.0376205444336,56.887489318847656,26.75543975830078,108.43942260742188,81.80899810791016
2021-01-22,173.89999389648438,127.46309661865234,17.299951553344727,27.68556022644043,81.76255798339844,63.792686462402344,56.73925018310547,26.793811798095703,108.11763000488281,81.5310287475586
2021-01-25,174.0500030517578,128.96527099609375,17.123126983642578,27.484813690185547,81.20826721191406,64.32576751708984,57.306034088134766,27.331050872802734,108.8255844116211,81.8329849243164
2021-01-26,173.6199951171875,128.72186279296875,16.75714683532715,27.265810012817383,80.46002197265625,64.36898040771484,57.82050704956055,27.05816650390625,108.42102813720703,81.78026580810547
2021-01-27,172.52000427246094,129.04920959472656,16.530969619750977,26.462800979614258,78.86190032958984,63.153926849365234,56.84389877319336,26.329057693481445,105.1294174194336,79.25909423828125
2021-01-28,172.67999267578125,128.33583068847656,16.7242431640625,26.95555877685547,80.03508758544922,63.413246154785156,57.0618896484375,26.64457893371582,106.66490173339844,79.5083236694336
2021-01-29,172.61000061035156,127.56375122070312,16.169105529785156,26.417171478271484,78.3076400756836,61.91967010498047,55.88472366333008,26.49960708618164,105.76384735107422,77.65338134765625
2021-02-01,174.22999572753906,127.71162414550781,16.28424072265625,26.76392936706543,79.12057495117188,63.47089385986328,55.93704605102539,26.627517700195312,106.16840362548828,79.6712875366211
2021-02-02,172.11000061035156,126.88827514648438,16.4610652923584,27.411808013916016,80.80181121826172,64.3305435180664,56.31199645996094,26.844974517822266,106.47180938720703,81.36326599121094
2021-02-03,171.85000610351562,125.7624282836914,17.164247512817383,27.566936492919922,80.85723114013672,64.1096420288086,56.399192810058594,26.75969886779785,105.71786499023438,80.90791320800781
2021-02-04,168.14999389648438,125.42626953125,17.35340690612793,28.178319931030273,81.7255859375,65.13259887695312,56.80901336669922,26.968631744384766,106.15918731689453,81.77069854736328
2021-02-05,169.80999755859375,124.37602996826172,17.50144386291504,28.187440872192383,82.20592498779297,64.98851776123047,57.34091567993164,27.11359977722168,106.3522720336914,82.55194854736328
2021-02-08,171.52000427246094,124.92223358154297,18.233415603637695,28.55245018005371,82.90798950195312,65.67046356201172,57.55891418457031,26.90467071533203,106.48099517822266,83.02169036865234
2021-02-09,172.0800018310547,125.01460266113281,18.040142059326172,28.56157684326172,83.1204605102539,65.5936279296875,57.50660705566406,26.943042755126953,106.63732147216797,82.56153106689453
2021-02-10,172.7100067138672,125.8464126586914,18.385562896728516,28.56157684326172,82.99111938476562,65.4975814819336,57.44554901123047,27.049638748168945,106.83041381835938,81.74671936035156
2021-02-11,171.2100067138672,125.15740203857422,18.101829528808594,28.47032356262207,82.81562042236328,66.21798706054688,57.192684173583984,26.896142959594727,107.03266143798828,81.52142333984375
2021-02-12,170.69000244140625,123.60304260253906,18.369115829467773,28.762327194213867,83.41607666015625,66.55896759033203,57.279876708984375,26.70000457763672,107.83259582519531,81.63645935058594
2021-02-16,168.24000549316406,121.72099304199219,18.829683303833008,29.255081176757812,83.33291625976562,66.34284210205078,57.17524719238281,26.401540756225586,106.76603698730469,81.28178405761719
2021-02-17,166.3300018310547,122.49396514892578,19.10930824279785,29.40108299255371,83.10198211669922,65.7569351196289,57.384517669677734,26.42285919189453,107.15221405029297,81.75151062011719
2021-02-18,166.32000732421875,121.99822235107422,18.67753028869629,29.227705001831055,82.6863021850586,65.43513488769531,57.34964370727539,26.58062171936035,106.48099517822266,81.77545928955078
2021-02-19,167.00999450683594,120.37663269042969,18.99005889892578,29.574460983276367,84.04424285888672,65.33910369873047,56.625911712646484,26.184083938598633,105.19379425048828,81.30094146728516
2021-02-22,169.50999450683594,119.4608154296875,19.648008346557617,29.848215103149414,84.31214141845703,63.89833068847656,56.678226470947266,25.672428131103516,104.94554138183594,79.58499908447266
2021-02-23,169.1199951171875,119.11637115478516,19.972869873046875,30.03072166442871,84.57079315185547,63.72063446044922,56.75669860839844,25.885618209838867,104.77086639404297,79.06256103515625
2021-02-24,169.0,118.33491516113281,20.680164337158203,30.61471939086914,86.16888427734375,64.69556427001953,56.72181701660156,25.582889556884766,105.4971923828125,79.89176940917969
2021-02-25,165.82000732421875,116.4024658203125,20.281282424926758,30.058086395263672,84.58000946044922,62.43354415893555,56.10272216796875,25.35264015197754,104.43983459472656,76.92003631591797
2021-02-26,161.80999755859375,120.25059509277344,19.800159454345703,29.483205795288086,83.70243072509766,62.764915466308594,55.195865631103516,24.883621215820312,103.53877258300781,77.24116516113281
2021-03-01,161.52999877929688,118.6623764038086,20.314176559448242,30.404844284057617,85.8455810546875,64.78679656982422,55.75392532348633,25.433652877807617,104.89036560058594,79.052978515625
2021-03-02,162.41000366210938,118.67078399658203,20.20315170288086,30.29534149169922,85.5961685180664,63.75904846191406,55.65802001953125,25.35690689086914,104.58694458007812,78.14227294921875
2021-03-03,160.6199951171875,117.38372802734375,20.499229431152344,30.532588958740234,85.68852233886719,62.15498352050781,55.39642333984375,25.058441162109375,103.26295471191406,76.3065185546875
2021-03-04,159.0399932861328,116.62661743164062,20.988576889038086,30.185840606689453,84.32138061523438,60.78144836425781,55.195865631103516,25.037124633789062,101.87458801269531,74.69123077392578
2021-03-05,159.13999938964844,116.85376739501953,21.774005889892578,30.76072120666504,86.31668853759766,61.92926788330078,56.416629791259766,25.446447372436523,103.9157485961914,75.16574096679688
2021-03-08,157.49000549316406,115.94527435302734,21.81512451171875,31.153104782104492,87.22199249267578,60.43085861206055,56.66078567504883,25.804609298706055,103.65830993652344,75.25680541992188
2021-03-09,160.83999633789062,117.55197143554688,21.432693481445312,30.87022590637207,86.8616943359375,62.48637008666992,56.60845947265625,26.145708084106445,104.2651596069336,78.09913635253906
2021-03-10,161.66000366210938,117.78751373291016,21.975496292114258,31.49985694885254,88.14575958251953,62.236629486083984,57.34964370727539,26.324790954589844,104.50419616699219,78.49695587158203
2021-03-11,161.52000427246094,116.9378662109375,21.983726501464844,31.408605575561523,88.21040344238281,63.566951751708984,57.21011734008789,26.256572723388672,105.13862609863281,79.70006561279297
2021-03-12,161.49000549316406,114.45628356933594,22.028961181640625,31.727991104125977,89.39283752441406,63.11071014404297,57.68098068237305,26.610464096069336,105.36849212646484,79.93490600585938
2021-03-15,162.1999969482422,115.12925720214844,21.778114318847656,31.54548454284668,90.14108276367188,63.78307342529297,57.9338493347168,26.951568603515625,106.0948486328125,81.00856018066406
2021-03-16,162.35000610351562,114.66659545898438,21.157176971435547,31.216976165771484,88.85704803466797,64.2633285522461,58.00362014770508,26.98568344116211,106.03045654296875,80.16976928710938
2021-03-17,163.50999450683594,113.80852508544922,21.321664810180664,31.426855087280273,89.88243865966797,64.21049499511719,57.916419982910156,26.5465087890625,105.64432525634766,81.2961654663086
2021-03-18,162.55999755859375,112.65605163574219,20.363527297973633,31.591110229492188,89.79928588867188,62.428733825683594,57.68098068237305,26.448442459106445,105.42364501953125,79.3070068359375
2021-03-19,163.24000549316406,113.35427856445312,20.367637634277344,31.226102828979492,89.11569213867188,62.24143600463867,57.88153076171875,26.520925521850586,105.80062866210938,79.78153228759766
2021-03-22,163.0,114.62455749511719,20.172313690185547,30.8237361907959,89.065673828125,63.46531677246094,58.492591857910156,26.482696533203125,106.72140502929688,80.30672454833984
2021-03-23,161.80999755859375,115.6592025756836,19.87725257873535,30.39295196533203,87.50897216796875,63.0706672668457,58.738059997558594,26.877901077270508,105.64192199707031,79.55303192138672
2021-03-24,162.3699951171875,116.28170013427734,20.37594985961914,30.502941131591797,88.14833068847656,62.30544662475586,58.51012420654297,26.886491775512695,105.52197265625,78.3768310546875
2021-03-25,161.77999877929688,115.36479949951172,20.450756072998047,31.016204833984375,89.55677795410156,62.266944885253906,59.0799674987793,27.174297332763672,105.96485137939453,79.06334686279297
2021-03-26,162.24000549316406,114.96105194091797,20.957765579223633,31.501983642578125,91.10421752929688,63.8503303527832,60.12324142456055,27.26450538635254,107.96697235107422,79.72103881835938
2021-03-29,160.30999755859375,113.98518371582031,20.708412170410156,31.22701644897461,91.12274169921875,63.518253326416016,60.72813034057617,27.55661392211914,108.47440338134766,79.2841796875
2021-03-30,157.57000732421875,114.5824966430664,20.529714584350586,31.446989059448242,91.52117156982422,62.916664123535156,60.07939147949219,27.307458877563477,107.49642181396484,80.0618896484375
2021-03-31,159.9600067138672,113.94312286376953,20.3884220123291,31.208690643310547,91.22466278076172,63.91770553588867,59.88652801513672,27.509353637695312,107.70862579345703,80.68597412109375
2021-04-01,161.97999572753906,115.83425903320312,20.907894134521484,31.593647003173828,91.53044891357422,65.20270538330078,59.597225189208984,27.483583450317383,107.38569641113281,81.33409118652344
2021-04-05,161.9199981689453,115.32884979248047,20.409196853637695,31.84111785888672,92.66091918945312,66.55025482177734,60.35994338989258,27.784276962280273,108.13304138183594,83.18238067626953
2021-04-06,163.22000122070312,116.11224365234375,20.355173110961914,31.776948928833008,92.43852996826172,66.26630401611328,60.61418151855469,27.93032455444336,107.71785736083984,83.54241943359375
2021-04-07,162.75999450683594,115.30360412597656,20.425823211669922,31.93276596069336,92.01229858398438,66.61763763427734,60.46513366699219,27.895963668823242,107.47796630859375,83.29278564453125
2021-04-08,164.50999450683594,116.25546264648438,20.15984535217285,31.941926956176758,92.23468017578125,67.58018493652344,60.52650833129883,27.874486923217773,107.64405822753906,83.68647766113281
2021-04-09,163.27000427246094,115.83425903320312,20.026859283447266,32.21689987182617,93.13348388671875,68.22990417480469,60.421302795410156,27.844417572021484,108.82503509521484,84.48336791992188
2021-04-12,162.27999877929688,115.78376007080078,19.86893653869629,32.354373931884766,93.47633361816406,67.90264892578125,60.745689392089844,27.870187759399414,108.93574523925781,85.02586364746094
2021-04-13,163.42999267578125,116.65137481689453,19.889720916748047,32.05191421508789,93.02228546142578,68.54273223876953,60.421302795410156,28.200956344604492,109.3878402709961,85.92359161376953
2021-04-14,162.72000122070312,116.28074645996094,20.442440032958984,32.2443962097168,93.14273834228516,67.81600952148438,60.36869812011719,28.325529098510742,109.37861633300781,85.07865142822266
2021-04-15,165.35000610351562,118.22660064697266,20.276214599609375,32.21689987182617,93.51339721679688,68.9806900024414,60.850887298583984,28.639108657836914,111.25154876708984,85.68833923339844
2021-04-16,166.35000610351562,117.30838775634766,20.114131927490234,32.4460334777832,93.71724700927734,68.96624755859375,61.201560974121094,28.871078491210938,112.0819320678711,86.35084533691406
2021-04-19,165.88999938964844,116.97148895263672,20.093355178833008,32.354373931884766,93.32807922363281,68.39354705810547,60.9648551940918,28.725025177001953,112.10960388183594,85.38111114501953
2021-04-20,166.47999572753906,117.51055145263672,19.561412811279297,31.74945640563965,92.29955291748047,67.78713989257812,61.29799270629883,29.090158462524414,112.54325103759766,84.30574798583984
2021-04-21,168.1300048828125,117.74645233154297,19.810758590698242,32.189395904541016,93.55973052978516,68.47055053710938,61.604827880859375,28.845298767089844,113.8718490600586,85.42910766601562
2021-04-22,167.0399932861328,118.26031494140625,19.578035354614258,31.831941604614258,93.087158203125,67.66681671142578,61.14895248413086,28.639108657836914,113.36439514160156,84.48336791992188
2021-04-23,166.39999389648438,117.9822998046875,19.756736755371094,32.42770767211914,94.10643768310547,68.67747497558594,60.99113464355469,28.60045623779297,114.11172485351562,85.36670684814453
2021-04-26,166.83999633789062,117.81383514404297,19.889720916748047,32.5560302734375,93.82845306396484,69.02880859375,60.30732727050781,28.437219619750977,113.7242202758789,85.7411880493164
2021-04-27,166.4199981689453,116.7861557006836,20.130754470825195,32.812660217285156,94.60679626464844,68.86038970947266,60.26350402832031,28.218137741088867,113.06916046142578,85.64032745361328
2021-04-28,166.91000366210938,116.86195373535156,20.82478141784668,32.94097137451172,94.41220092773438,68.22028350830078,60.30732727050781,28.179481506347656,112.72776794433594,85.53953552246094
2021-04-29,166.22000122070312,116.51667022705078,21.057498931884766,33.52756881713867,95.07936096191406,68.16253662109375,60.94731903076172,28.437219619750977,112.27568054199219,85.56353759765625
2021-04-30,165.66000366210938,116.7861557006836,20.525556564331055,33.23427963256836,94.44927215576172,67.23368072509766,60.99991989135742,28.660593032836914,111.94355010986328,85.89476013183594
2021-05-03,167.80999755859375,116.856201171875,21.090749740600586,33.39925003051758,95.42220306396484,67.04596710205078,61.49962615966797,28.656295776367188,113.21676635742188,85.48670959472656
2021-05-04,166.5800018310547,117.649169921875,21.10321807861328,33.66505813598633,95.83920288085938,65.84278869628906,61.184017181396484,28.54890251159668,113.33670806884766,84.59379577636719
2021-05-05,167.27000427246094,117.84322357177734,21.784770965576172,33.940025329589844,95.93185424804688,65.6839828491211,61.14018630981445,28.06778907775879,113.53968811035156,84.32975769042969
2021-05-06,170.05999755859375,118.0372085571289,21.896974563598633,34.444122314453125,96.59900665283203,66.34331512451172,61.9292106628418,28.282569885253906,113.68732452392578,84.51217651367188
2021-05-07,171.58999633789062,117.45514678955078,22.28762435913086,34.62744140625,97.61827087402344,66.91121673583984,61.9292106628418,28.368488311767578,114.4715576171875,85.27068328857422
2021-05-10,172.11000061035156,116.26567077636719,22.295940399169922,34.599945068359375,97.7109375,65.22195434570312,62.402626037597656,28.656295776367188,114.61920166015625,83.75365447998047
2021-05-11,172.13999938964844,115.60763549804688,21.722434997558594,33.9858512878418,96.26541900634766,65.02462768554688,61.859073638916016,28.30405616760254,113.38285064697266,82.80790710449219
2021-05-12,170.42999267578125,114.39282989501953,21.826332092285156,33.63756561279297,93.95814514160156,63.19578552246094,61.03499984741211,27.64252281188965,112.3125991821289,80.00428009033203
2021-05-13,171.1300048828125,114.56998443603516,21.560359954833984,34.178321838378906,95.71873474121094,64.03323364257812,61.894134521484375,28.175180435180664,113.32749938964844,80.5707778930664
2021-05-14,172.69000244140625,115.64141845703125,22.229446411132812,34.71908950805664,97.04376983642578,65.4433364868164,62.165916442871094,28.312646865844727,113.89952850341797,81.9677963256836
2021-05-17,174.6999969482422,115.39672088623047,22.74476432800293,34.78325271606445,96.74726867675781,64.96208190917969,62.078243255615234,28.0806827545166,113.68732452392578,81.81895446777344
2021-05-18,175.0399932861328,115.10148620605469,22.216978073120117,34.29747772216797,95.33882141113281,64.44227600097656,61.8853874206543,28.076385498046875,113.7242202758789,81.18048095703125
2021-05-19,175.16000366210938,114.82307434082031,21.664255142211914,34.086669921875,94.80137634277344,64.66850280761719,61.683738708496094,28.029129028320312,113.53045654296875,80.49876403808594
2021-05-20,175.9600067138672,115.7679443359375,21.631006240844727,34.10499954223633,95.0145034790039,65.90536499023438,62.253570556640625,28.273983001708984,114.7206802368164,81.3244857788086
2021-05-21,176.0399932861328,116.1391372680664,21.676719665527344,34.444122314453125,95.47779846191406,65.54440307617188,62.262351989746094,28.420042037963867,114.73912048339844,80.91642761230469
2021-05-24,176.35000610351562,116.5693130493164,21.892820358276367,34.60910415649414,96.07083129882812,66.70909118652344,62.44645309448242,28.368488311767578,114.84984588623047,81.71814727783203
2021-05-25,177.9499969482422,117.649169921875,21.448152542114258,34.26081848144531,95.7835922241211,66.72833251953125,62.463993072509766,28.02483558654785,114.50845336914062,81.97737884521484
2021-05-26,177.63999938964844,117.44670104980469,21.63931655883789,34.36163330078125,96.08936309814453,66.72352600097656,62.332481384277344,28.029129028320312,113.84416961669922,82.75990295410156
2021-05-27,177.7100067138672,116.9742660522461,21.65594482421875,34.75575256347656,97.4051513671875,66.3721923828125,61.94676971435547,27.84012222290039,113.59505462646484,83.09117126464844
2021-05-28,178.3800048828125,116.7886734008789,21.697500228881836,34.819915771484375,97.4051513671875,66.60802459716797,62.078243255615234,27.990474700927734,114.03791809082031,82.9759292602539
2021-06-01,177.89999389648438,116.76250457763672,22.532819747924805,35.03071975708008,97.7850570678711,66.28076934814453,61.86783981323242,27.81864356994629,112.16496276855469,82.81752014160156
2021-06-02,178.77000427246094,117.03282165527344,22.952552795410156,35.08570861816406,97.50708770751953,66.73794555664062,62.09578323364258,27.96469497680664,111.94355010986328,82.4334716796875
2021-06-03,175.27000427246094,116.59353637695312,23.014890670776367,35.168212890625,97.29395294189453,66.11713409423828,62.48152542114258,28.132225036621094,112.28489685058594,81.4541244506836
2021-06-04,177.16000366210938,118.19023895263672,23.168657302856445,35.25986099243164,97.6090087890625,67.3876724243164,62.700687408447266,28.089269638061523,112.64472198486328,82.10700988769531
2021-06-07,177.8699951171875,117.82698822021484,23.068918228149414,35.03071975708008,96.9325942993164,67.37324523925781,62.59550094604492,28.140817642211914,113.05069732666016,82.10700988769531
2021-06-08,177.32000732421875,118.6548843383789,23.26839828491211,34.93906021118164,97.18278503417969,67.3780517578125,62.069488525390625,27.900257110595703,112.70011138916016,82.76950073242188
2021-06-09,176.97999572753906,119.70243072509766,23.122943878173828,34.60910415649414,96.19129180908203,67.42618560791016,61.77142333984375,28.14940643310547,113.78882598876953,82.31343841552734
2021-06-10,177.74000549316406,120.4205093383789,23.093854904174805,34.20582962036133,95.71873474121094,67.92189025878906,62.15715026855469,28.334125518798828,115.73558044433594,82.70230102539062
2021-06-11,175.74000549316406,120.22623443603516,23.014890670776367,34.42579650878906,95.9133071899414,68.326171875,62.192222595214844,28.3985538482666,114.9144058227539,83.15357208251953
2021-06-14,174.7100067138672,119.30535125732422,22.91515350341797,34.06834030151367,95.47779846191406,69.01921081542969,62.15715026855469,28.458694458007812,115.01593017578125,83.17756652832031
2021-06-15,174.0500030517578,119.1617202758789,23.351511001586914,34.13249969482422,95.8855209350586,68.59566497802734,62.00811767578125,28.544607162475586,115.05281829833984,82.73591613769531
2021-06-16,171.11000061035156,119.06038665771484,23.226837158203125,34.09584045410156,94.9774398803711,68.22509002685547,61.184017181396484,28.11504554748535,114.60995483398438,82.77430725097656
2021-06-17,165.85000610351562,120.84298706054688,22.43723487854004,33.08762741088867,93.51339721679688,69.01437377929688,61.40319061279297,28.269689559936523,115.48645782470703,83.08634185791016
2021-06-18,164.92999267578125,123.11551666259766,21.772302627563477,32.290218353271484,92.29955291748047,68.3839111328125,60.31611251831055,27.535131454467773,114.16707611083984,82.64947509765625
2021-06-21,166.9499969482422,121.05413055419922,22.700124740600586,33.043853759765625,94.32965850830078,69.11679077148438,61.00788879394531,27.89183807373047,115.53884887695312,83.28653717041016
2021-06-22,166.25,121.349853515625,22.85126304626465,33.099063873291016,94.43191528320312,69.74358367919922,61.096126556396484,27.723007202148438,115.7889404296875,84.07019805908203
2021-06-23,166.13999938964844,121.03726196289062,22.914241790771484,33.16347885131836,94.21810150146484,69.66644287109375,60.7166862487793,27.428638458251953,115.30730438232422,84.71927642822266
2021-06-24,166.0399932861328,121.23161315917969,23.111557006835938,33.57756423950195,94.95243835449219,70.10519409179688,61.016719818115234,27.402660369873047,115.90007781982422,85.00773620605469
2021-06-25,166.58999633789062,119.97277069091797,23.23331069946289,33.98244857788086,95.13836669921875,70.02323150634766,61.48438262939453,27.69703483581543,116.42803192138672,85.54622650146484
2021-06-28,166.5800018310547,121.20620727539062,22.448226928710938,33.7339973449707,94.63639831542969,70.7561264038086,61.537330627441406,27.87452507019043,116.60400390625,85.5654525756836
2021-06-29,164.8300018310547,121.40904235839844,22.339067459106445,33.61436080932617,94.45047760009766,71.27201843261719,61.2637825012207,27.424304962158203,116.73369598388672,85.77699279785156
2021-06-30,165.6300048828125,121.94967651367188,22.61615753173828,33.76160430908203,95.18482208251953,71.19486999511719,61.74027633666992,27.372358322143555,116.65959930419922,85.84429931640625
2021-07-01,166.1999969482422,121.95642852783203,23.010801315307617,34.0284538269043,95.86338806152344,71.31539916992188,61.55496597290039,27.671064376831055,117.69697570800781,86.32990264892578
2021-07-02,167.2899932861328,122.69239044189453,22.960420608520508,33.99164581298828,96.01212310791016,72.25562286376953,61.704986572265625,27.714345932006836,118.82698822021484,87.08953094482422
2021-07-06,168.1199951171875,124.1304702758789,22.213119506835938,33.45793914794922,95.09187316894531,72.5304183959961,61.44908142089844,27.83123779296875,118.7158432006836,87.19052124023438
2021-07-07,168.75999450683594,125.23015594482422,21.85207176208496,33.503944396972656,96.04000091552734,72.92581176757812,61.775569915771484,28.013057708740234,119.46607971191406,87.14242553710938
2021-07-08,168.64999389648438,125.72075653076172,21.726125717163086,32.83220672607422,94.70146179199219,72.23631286621094,61.546146392822266,27.930801391601562,118.80846405029297,86.92607879638672
2021-07-09,169.2100067138672,123.95284271240234,22.18792724609375,33.780006408691406,96.19802856445312,72.90167999267578,61.89910888671875,27.96543312072754,119.21599578857422,87.73861694335938
2021-07-12,169.0,123.79209899902344,22.154348373413086,34.11127471923828,96.32816314697266,72.95956420898438,61.802040100097656,28.05634307861328,119.44757843017578,88.339599609375
2021-07-13,169.22000122070312,122.84471893310547,21.98641586303711,33.743194580078125,95.39862823486328,73.25848388671875,61.78437805175781,27.844221115112305,119.33642578125,87.28186798095703
2021-07-14,171.0399932861328,124.24043273925781,21.331483840942383,33.58676528930664,95.38932800292969,73.79851531982422,62.33146286010742,28.08664321899414,119.22526550292969,87.12319946289062
2021-07-15,171.07000732421875,125.6108169555664,21.033403396606445,33.69717788696289,95.57522583007812,73.19097137451172,62.58736038208008,28.402664184570312,118.80846405029297,86.65203094482422
2021-07-16,169.41000366210938,125.37401580810547,20.437246322631836,33.237098693847656,94.72935485839844,72.4677505493164,62.684410095214844,28.688377380371094,119.13264465332031,85.58467864990234
2021-07-19,169.61000061035156,128.1232147216797,19.715145111083984,32.30771255493164,92.74944305419922,71.4697036743164,62.499122619628906,28.233835220336914,117.88223266601562,84.60389709472656
2021-07-20,169.38999938964844,126.8881607055664,19.97963523864746,33.108272552490234,95.34284210205078,72.5304183959961,62.51675796508789,28.355039596557617,119.3178939819336,86.16644287109375
2021-07-21,168.75999450683594,125.28094482421875,20.676551818847656,33.67878341674805,96.25381469726562,73.22956848144531,62.35792541503906,28.04336166381836,119.51239776611328,86.95975494384766
2021-07-22,169.08999633789062,126.46515655517578,20.445648193359375,33.310707092285156,95.90056610107422,73.76958465576172,62.252071380615234,28.08664321899414,120.39232635498047,87.33473205566406
2021-07-23,168.55999755859375,125.61933135986328,20.370080947875977,33.36592483520508,96.30958557128906,74.50244903564453,63.00206756591797,28.44595718383789,121.78170013427734,88.1136245727539
2021-07-26,168.16000366210938,125.24710083007812,20.873872756958008,33.55916213989258,96.26309204101562,74.4638900756836,63.10795211791992,28.454614639282227,120.99436950683594,88.76750183105469
2021-07-27,168.44000244140625,126.58363342285156,20.680749893188477,33.54996109008789,95.73324584960938,73.7599105834961,63.240318298339844,28.943796157836914,121.55941009521484,87.86843872070312
2021-07-28,169.2899932861328,126.59205627441406,20.869670867919922,33.503944396972656,95.51017761230469,73.66831970214844,62.684410095214844,28.723012924194336,121.99470520019531,87.58474731445312
2021-07-29,171.1699981689453,125.88998413085938,21.071191787719727,33.87202453613281,96.26309204101562,74.01065063476562,62.993255615234375,28.800931930541992,122.2911148071289,88.57036590576172
2021-07-30,169.82000732421875,126.48214721679688,20.73532485961914,33.605167388916016,96.07717895507812,73.96243286132812,63.0991325378418,28.558509826660156,122.4022445678711,86.7481689453125
2021-08-02,169.61000061035156,127.6102523803711,20.57999038696289,33.61436080932617,95.41719818115234,73.69725036621094,62.83443069458008,28.7792911529541,122.5689697265625,86.9981918334961
2021-08-03,169.49000549316406,127.67799377441406,20.93264389038086,33.99164581298828,96.66281127929688,74.16975402832031,63.116798400878906,28.943796157836914,124.27325439453125,87.64242553710938
2021-08-04,169.52999877929688,127.94059753417969,20.365877151489258,33.706390380859375,95.35213470458984,74.31922149658203,62.29618835449219,28.90049934387207,123.74532318115234,86.79145812988281
2021-08-05,168.86000061035156,127.28844451904297,20.59678840637207,34.14807891845703,95.79833221435547,74.72906494140625,62.59619140625,29.21651840209961,123.23588562011719,87.62321472167969
2021-08-06,164.63999938964844,125.16252899169922,20.78570556640625,34.838218688964844,96.24449920654297,74.66637420654297,62.59619140625,29.19919776916504,123.13397979736328,87.02704620361328
2021-08-09,161.72000122070312,124.71371459960938,20.49182891845703,34.930240631103516,95.86338806152344,74.4253158569336,62.82559585571289,29.190540313720703,123.60636138916016,86.90681457519531
2021-08-10,161.77000427246094,124.13778686523438,20.852880477905273,35.29831314086914,96.83940887451172,73.89010620117188,63.275604248046875,29.22084617614746,123.31920623779297,87.24821472167969
2021-08-11,164.0,124.0615234375,21.016611099243164,35.70319747924805,98.09429168701172,73.89976501464844,63.487388610839844,29.493581771850586,122.09661865234375,87.5030288696289
2021-08-12,164.0399932861328,123.85826110839844,20.995620727539062,35.76760482788086,97.90838623046875,74.32403564453125,63.45207977294922,29.52387809753418,123.05989074707031,87.54149627685547
2021-08-13,166.38999938964844,125.81471252441406,20.7479248046875,35.50074768066406,97.60163116455078,74.72906494140625,63.98153305053711,29.73167610168457,123.82865905761719,87.2914810180664
2021-08-16,167.22000122070312,126.11962890625,20.365877151489258,35.40872573852539,97.936279296875,75.06656646728516,64.35211944580078,29.913494110107422,125.23657989501953,86.88761138916016
2021-08-17,166.97000122070312,126.06879425048828,20.155961990356445,35.16028594970703,96.87660217285156,74.44457244873047,64.38739776611328,29.930803298950195,126.71853637695312,84.82501983642578
2021-08-18,167.10000610351562,126.4923324584961,19.736135482788086,34.72779846191406,95.81690979003906,73.41758728027344,63.58444595336914,29.77928352355957,124.79197692871094,85.1279296875
2021-08-19,166.61000061035156,127.4239273071289,19.22394561767578,34.47013473510742,95.14765167236328,74.13600158691406,64.09622955322266,29.90049934387207,125.35697174072266,84.58464813232422
2021-08-20,166.6999969482422,127.50859069824219,19.26592445373535,34.68178939819336,95.39862823486328,75.09066772460938,64.20211029052734,30.27280616760254,126.07017517089844,85.39717102050781
2021-08-23,168.72999572753906,127.4239273071289,19.9880313873291,34.9670524597168,96.17943572998047,76.05979919433594,63.99916458129883,29.88318634033203,126.11644744873047,86.49817657470703
2021-08-24,168.64999389648438,126.4329605102539,20.3196964263916,35.178688049316406,96.66281127929688,75.9730224609375,63.51386260986328,29.688379287719727,125.671875,87.1087646484375
2021-08-25,167.47999572753906,125.38282012939453,20.475034713745117,35.59276580810547,97.28559112548828,75.92961883544922,63.40798568725586,29.74465560913086,125.32919311523438,87.44532775878906
2021-08-26,167.6699981689453,125.73004150390625,20.16436195373535,35.417930603027344,96.85799407958984,75.45230865478516,63.116798400878906,29.671070098876953,124.83829498291016,86.63761138916016
2021-08-27,170.19000244140625,126.58546447753906,20.70174217224121,35.887229919433594,97.52725982666016,76.18035888671875,63.3373908996582,29.662410736083984,124.6993408203125,87.42610931396484
2021-08-30,169.35000610351562,126.915771484375,20.45824432373047,35.381126403808594,97.41571807861328,77.0,63.6197395324707,29.705703735351562,125.40328216552734,88.08476257324219
2021-08-31,169.69000244140625,126.0519027709961,20.3196964263916,35.335121154785156,97.14616394042969,76.594970703125,63.76092529296875,29.671070098876953,125.23657989501953,88.29631805419922
2021-09-01,169.6999969482422,126.26302337646484,20.021617889404297,35.13267135620117,96.77435302734375,76.61427307128906,64.09622955322266,30.060678482055664,125.27362060546875,88.29149627685547
2021-09-02,169.25,126.81421661376953,20.52960777282715,35.25230407714844,97.8154296875,76.53231811523438,64.3432846069336,30.333404541015625,126.61665344238281,88.28668975830078
2021-09-03,171.05999755859375,125.66088104248047,20.412059783935547,35.03145980834961,97.22052001953125,76.83606719970703,64.26390075683594,30.08232307434082,126.75558471679688,88.23381042480469
2021-09-07,167.7100067138672,124.60090637207031,20.29030990600586,34.81980895996094,95.53805541992188,76.85536193847656,63.522674560546875,29.684062957763672,126.01457214355469,88.4934310913086
2021-09-08,167.2899932861328,125.44895935058594,20.030014038085938,34.73699951171875,95.66816711425781,76.56123352050781,64.06976318359375,30.216522216796875,125.95903015136719,88.59441375732422
2021-09-09,168.02999877929688,126.9669189453125,20.07199478149414,34.838218688964844,95.20343017578125,76.27196502685547,63.69916534423828,30.05201530456543,124.50482177734375,88.47900390625
2021-09-10,167.17999267578125,125.84751892089844,20.063602447509766,34.580562591552734,94.77583312988281,75.519775390625,63.425628662109375,29.63210105895996,123.36551666259766,87.93572998046875
2021-09-13,167.74000549316406,126.61068725585938,20.63876724243164,34.97624969482422,95.02680206298828,75.54390716552734,63.58444595336914,29.580154418945312,122.60601043701172,88.15209197998047
2021-09-14,168.82000732421875,128.1455841064453,20.34069061279297,34.506954193115234,93.88346862792969,75.44747161865234,63.29328155517578,29.480588912963867,122.58750915527344,87.85879516601562
2021-09-15,167.8300018310547,127.69625091552734,21.100576400756836,34.838218688964844,94.91524505615234,76.10801696777344,63.522674560546875,29.441633224487305,123.38407897949219,88.42613220214844
2021-09-16,164.02999877929688,127.11105346679688,20.86127471923828,34.73699951171875,94.26459503173828,76.15140533447266,63.3109016418457,29.19487762451172,123.06915283203125,88.82998657226562
2021-09-17,163.77000427246094,126.5005111694336,20.70594024658203,34.580562591552734,93.26066589355469,74.96531677246094,62.966793060302734,28.744661331176758,123.18956756591797,88.51747131347656
2021-09-20,164.94000244140625,128.06935119628906,20.073650360107422,33.778385162353516,92.19105529785156,73.59986114501953,62.33815383911133,28.691879272460938,121.90406036376953,86.49756622314453
2021-09-21,166.0399932861328,127.95909118652344,20.120386123657227,33.732181549072266,91.70613098144531,73.62885284423828,62.26712417602539,28.613370895385742,122.08998107910156,86.62757873535156
2021-09-22,165.4199981689453,128.7222900390625,20.740785598754883,34.295921325683594,92.43351745605469,74.63832092285156,62.4447021484375,28.595918655395508,122.2944564819336,87.80726623535156
2021-09-23,163.50999450683594,125.81360626220703,21.46741485595703,35.13691329956055,93.85099029541016,75.63815307617188,62.67554473876953,28.443260192871094,123.1774673461914,88.69802856445312
2021-09-24,163.3000030517578,124.58393096923828,21.628887176513672,35.32175064086914,94.04679870605469,75.69126892089844,62.702178955078125,28.41272735595703,122.67555236816406,89.03028869628906
2021-09-27,163.63999938964844,124.12600708007812,22.398006439208984,35.80232620239258,94.14007568359375,74.95710754394531,62.4180793762207,28.07686996459961,120.9281005859375,89.5069808959961
2021-09-28,162.0500030517578,122.1924819946289,22.474496841430664,35.210845947265625,93.04899597167969,72.73529052734375,61.68112564086914,27.723562240600586,118.85530853271484,87.78319549560547
2021-09-29,161.32000732421875,122.40453338623047,22.474496841430664,35.23857116699219,93.15158081054688,72.64350891113281,62.24048614501953,28.085588455200195,119.79410552978516,87.86985778808594
2021-09-30,164.22000122070312,122.38753509521484,22.134550094604492,34.68408203125,91.23983764648438,72.12189483642578,61.12177276611328,27.863140106201172,118.32548522949219,86.40608978271484
2021-10-01,164.58999633789062,123.41749572753906,22.878173828125,35.257057189941406,92.48947143554688,73.2086410522461,61.28156280517578,27.863140106201172,118.3533706665039,87.05612182617188
2021-10-04,165.36000061035156,123.10332489013672,23.252111434936523,34.95207595825195,91.98589324951172,71.51329803466797,61.08625030517578,28.24697494506836,116.5501480102539,86.36756134033203
2021-10-05,164.58999633789062,121.91454315185547,23.388090133666992,35.63597106933594,93.01168823242188,72.5324478149414,61.39700698852539,28.17718505859375,117.24724578857422,86.7142105102539
2021-10-06,165.02999877929688,122.60236358642578,23.141632080078125,35.67292404174805,93.42198944091797,73.00577545166016,61.99189376831055,28.613370895385742,117.03348541259766,86.98870086669922
2021-10-07,164.16000366210938,121.32022857666016,23.32010841369629,35.88549041748047,94.14938354492188,73.67230224609375,62.26712417602539,28.460702896118164,118.58575439453125,88.34172821044922
2021-10-08,164.22999572753906,120.47109985351562,24.038230895996094,36.06108474731445,94.14007568359375,73.39701843261719,62.196102142333984,28.251338958740234,117.9908676147461,87.9372787475586
2021-10-11,163.9199981689453,120.16545104980469,23.948999404907227,35.700660705566406,93.38471221923828,72.99129486083984,62.1783447265625,27.86749839782715,117.0706558227539,87.58094024658203
2021-10-12,164.66000366210938,122.22027587890625,23.970243453979492,35.589752197265625,93.07697296142578,72.61455535888672,62.20497512817383,28.055057525634766,116.50365447998047,88.2743148803711
2021-10-13,167.58999633789062,123.40909576416016,23.948999404907227,35.386444091796875,93.27279663085938,73.05890655517578,62.320411682128906,28.382184982299805,116.6895523071289,88.70767974853516
2021-10-14,168.0,123.8675537109375,24.242197036743164,35.977909088134766,95.03530883789062,74.70594024658203,63.021812438964844,28.731136322021484,118.36265563964844,89.63697814941406
2021-10-15,165.3300018310547,123.14578247070312,24.36117935180664,36.5139274597168,95.94921112060547,75.30487823486328,62.87089157104492,28.64826011657715,118.94824981689453,91.00926208496094
2021-10-18,164.9199981689453,123.72318267822266,24.378175735473633,36.523170471191406,96.01447296142578,75.94242858886719,62.497989654541016,28.373472213745117,118.13957977294922,92.12155151367188
2021-10-19,165.4499969482422,122.01641845703125,24.65437889099121,36.88359069824219,96.58333587646484,76.6958999633789,62.52460479736328,28.731136322021484,119.69184875488281,91.86151123046875
2021-10-20,166.89999389648438,121.1928482055664,24.85409927368164,37.17932891845703,97.1894760131836,76.48340606689453,62.88864517211914,29.184762954711914,121.40213775634766,91.79413604736328
2021-10-21,166.75,121.04850006103516,24.395172119140625,37.02222442626953,97.38532257080078,76.77803039550781,62.80873489379883,29.184762954711914,121.894775390625,93.142333984375
2021-10-22,167.77000427246094,122.38162231445312,24.6246337890625,37.53975296020508,97.73035430908203,76.5123519897461,63.29705810546875,29.333065032958984,122.38740539550781,92.81009674072266
2021-10-25,168.92999267578125,122.19481658935547,24.985824584960938,37.49354934692383,97.95414733886719,76.76353454589844,63.252681732177734,29.206575393676758,122.53611755371094,95.11170196533203
2021-10-26,167.67999267578125,123.20520782470703,25.13029670715332,37.521263122558594,97.3480224609375,76.98087310791016,63.47465896606445,29.36359977722168,123.14029693603516,95.12613677978516
2021-10-27,168.1199951171875,125.44686889648438,24.40791893005371,36.90208053588867,96.21029663085938,76.91326141357422,63.10173797607422,29.167316436767578,122.164306640625,95.33799743652344
2021-10-28,168.0800018310547,125.02230834960938,24.58213996887207,37.354915618896484,97.41329956054688,77.68605041503906,63.323707580566406,29.359235763549805,123.186767578125,96.60435485839844
2021-10-29,166.64999389648438,125.40436553955078,24.420669555664062,37.207054138183594,97.4412612915039,78.01932525634766,63.26155471801758,29.184762954711914,124.38584899902344,96.85472869873047
2021-11-01,167.52000427246094,124.5014877319336,24.841346740722656,37.22554397583008,97.71170806884766,77.9034194946289,63.359230041503906,29.289440155029297,124.23709106445312,98.63148498535156
2021-11-02,167.16000366210938,125.05412292480469,24.607641220092773,37.317962646484375,98.0380859375,78.58927917480469,63.78540802001953,29.315616607666016,125.01788330078125,97.96701049804688
2021-11-03,165.77000427246094,123.76187133789062,24.40367317199707,37.456581115722656,97.82361602783203,79.0481185913086,64.38031005859375,29.206575393676758,125.75216674804688,99.72933959960938
2021-11-04,167.64999389648438,125.0626449584961,24.437664031982422,36.96677017211914,98.21527099609375,80.28461456298828,64.44242858886719,29.04518699645996,124.88778686523438,101.07271575927734
2021-11-05,169.83999633789062,126.93297576904297,24.756359100341797,36.98524856567383,99.21308898925781,80.69999694824219,64.81536102294922,29.319976806640625,123.4935073852539,101.72274780273438
2021-11-08,170.4499969482422,126.69499969482422,24.981578826904297,37.18857192993164,99.62342071533203,81.13471221923828,64.3003921508789,28.883800506591797,124.22781372070312,100.28304290771484
2021-11-09,171.2899932861328,128.34437561035156,25.083559036254883,36.98524856567383,99.87519073486328,80.80142974853516,64.52234649658203,29.0320987701416,123.77235412597656,98.42926025390625
2021-11-10,173.14999389648438,125.9978256225586,24.420669555664062,36.92055892944336,99.31568908691406,79.46833801269531,64.71768188476562,29.26763153076172,124.12555694580078,98.06330871582031
2021-11-11,174.1199951171875,125.81078338623047,24.51415252685547,37.02222442626953,98.90534973144531,79.84024047851562,64.67328643798828,29.08880043029785,123.76309967041016,97.79850006103516
2021-11-12,174.4499969482422,125.25824737548828,24.454662322998047,37.10539245605469,99.68868255615234,80.81108093261719,64.67328643798828,29.07135581970215,124.37654113769531,98.12590026855469
2021-11-15,174.17999267578125,123.68533325195312,24.65863037109375,37.10539245605469,99.87519073486328,80.72897338867188,64.98405456542969,29.45519256591797,123.60503387451172,98.04405212402344
2021-11-16,172.9199981689453,123.37071228027344,24.696870803833008,37.06843185424805,99.89385223388672,81.57907104492188,64.57563018798828,29.315616607666016,124.12555694580078,99.58969116210938
2021-11-17,174.5,124.34845733642578,24.31868553161621,36.64331817626953,99.29703521728516,81.33272552490234,64.43355560302734,29.341785430908203,124.30216979980469,100.22527313232422
2021-11-18,173.94000244140625,124.81612396240234,24.174205780029297,36.45847702026367,99.09187316894531,82.14417266845703,64.20272064208984,29.189125061035156,124.34864807128906,101.36162567138672
2021-11-19,172.61000061035156,126.1338882446289,23.23086929321289,36.06108474731445,98.59761810302734,82.74309539794922,63.97188186645508,29.35487174987793,123.59575653076172,101.7998046875
2021-11-22,168.74000549316406,124.65454864501953,23.643051147460938,36.56938171386719,98.86804962158203,81.820556640625,64.47797393798828,29.53370475769043,123.03804016113281,101.54460144042969
2021-11-23,167.27999877929688,122.85215759277344,24.369672775268555,37.14236068725586,99.0359115600586,81.63218688964844,64.90414428710938,29.564239501953125,123.16818237304688,100.80789947509766
2021-11-24,167.1199951171875,124.82459259033203,24.607641220092773,37.05918884277344,98.92399597167969,82.22627258300781,64.70880889892578,29.581689834594727,123.12168884277344,101.01493835449219
2021-11-26,166.85000610351562,127.97877502441406,23.617557525634766,35.83004379272461,96.24759674072266,80.17353057861328,63.8919563293457,29.119333267211914,122.66627502441406,98.26072692871094
2021-11-29,166.6199951171875,126.95003509521484,23.75353240966797,35.94094467163086,96.41547393798828,82.17797088623047,64.05176544189453,29.55115509033203,123.00086975097656,99.787109375
2021-11-30,165.5,128.87998962402344,23.19687271118164,35.08147048950195,93.97219848632812,81.49211883544922,62.409202575683594,28.68751335144043,120.58415222167969,98.43889617919922
2021-12-01,166.16000366210938,129.67503356933594,22.950416564941406,34.69331741333008,92.66665649414062,80.37638092041016,62.10731506347656,28.7398624420166,120.3703842163086,96.66212463378906
2021-12-02,165.24000549316406,129.8367462158203,23.617557525634766,35.72837448120117,95.41765594482422,81.11537170410156,62.76434326171875,29.106252670288086,120.95597839355469,98.03924560546875
2021-12-03,166.6300048828125,131.38595581054688,23.430583953857422,35.146156311035156,95.30574798583984,79.75814819335938,63.545677185058594,29.398494720458984,121.17904663085938,96.1324691772461
2021-12-06,166.22000122070312,129.581298828125,23.779024124145508,35.68218231201172,96.91902923583984,80.51644134521484,64.66443634033203,29.847753524780273,121.86687469482422,97.23030090332031
2021-12-07,166.80999755859375,128.5343780517578,24.33568572998047,36.319847106933594,97.90753173828125,83.32752990722656,64.80645751953125,30.070207595825195,123.43773651123047,99.49821472167969
2021-12-08,166.89999389648438,126.31265258789062,24.33143424987793,36.12577819824219,98.1500015258789,83.7091064453125,64.60225677490234,30.0396728515625,124.36724853515625,99.74858856201172
2021-12-09,165.8800048828125,127.01921081542969,24.14446258544922,36.051841735839844,97.84225463867188,82.80587768554688,64.77983856201172,30.000417709350586,124.65541076660156,98.01998901367188
2021-12-10,166.5800018310547,126.71275329589844,24.322933197021484,36.08880615234375,98.24323272705078,84.4674072265625,65.8719253540039,30.16179847717285,125.09226989746094,98.70372772216797
2021-12-13,167.0,128.58544921875,23.647296905517578,35.700660705566406,97.22676849365234,83.21160125732422,66.73316955566406,30.532554626464844,126.27274322509766,96.16136932373047
2021-12-14,165.44000244140625,128.2789764404297,23.549560546875,35.9132194519043,96.3035659790039,81.8447036743164,66.77757263183594,30.3493595123291,125.76151275634766,95.60283660888672
2021-12-15,166.14999389648438,127.04473114013672,23.434837341308594,36.01487731933594,97.1428451538086,84.0134048461914,67.4523696899414,30.84661102294922,128.33619689941406,96.81622314453125
2021-12-16,168.16000366210938,127.09420013427734,23.583559036254883,36.467716217041016,97.1894760131836,81.63218688964844,67.93180847167969,31.003633499145508,129.09840393066406,94.67835235595703
2021-12-17,167.8000030517578,128.53433227539062,23.1033935546875,35.6636962890625,95.5295639038086,81.08641052246094,66.7686767578125,30.536922454833984,128.19677734375,94.0331039428711
2021-12-20,167.08999633789062,127.57144927978516,22.81715202331543,34.97095489501953,93.99909973144531,80.12196350097656,66.7883529663086,30.565927505493164,127.42042541503906,92.51508331298828
2021-12-21,167.02000427246094,127.08560180664062,23.467103958129883,35.69526672363281,95.87123107910156,82.14956665039062,66.69895935058594,30.521968841552734,127.95230865478516,94.91173553466797
2021-12-22,168.58999633789062,127.6736831665039,23.617755889892578,35.8624153137207,96.14266967773438,83.22386169433594,67.1191177368164,30.653854370117188,129.4452362060547,96.6429443359375
2021-12-23,168.97000122070312,126.56580352783203,23.63066864013672,36.048126220703125,97.27530670166016,83.68841552734375,67.27108764648438,30.649463653564453,129.97708129882812,97.9835205078125
2021-12-27,169.3699951171875,126.87260437011719,24.147186279296875,36.41957473754883,98.30499267578125,85.48373413085938,67.98628234863281,30.798931121826172,131.3487091064453,98.9383316040039
2021-12-28,168.63999938964844,126.3698501586914,24.129966735839844,36.43814468383789,98.80108642578125,85.03852844238281,68.37068176269531,31.075883865356445,131.0034942626953,98.9817123413086
2021-12-29,168.58999633789062,124.98929595947266,23.97500991821289,36.3917121887207,98.97892761230469,85.11113739013672,68.68357849121094,31.242923736572266,131.7499237060547,99.17945098876953
2021-12-30,169.8000030517578,126.0374526977539,23.828664779663086,36.32671356201172,98.62324523925781,84.54977416992188,68.46900177001953,31.35722541809082,132.02052307128906,98.82259368896484
2021-12-31,170.9600067138672,126.28456115722656,23.888925552368164,36.2617073059082,99.04444122314453,84.1384506225586,68.93388366699219,31.467124938964844,131.46066284179688,98.58631134033203
2022-01-03,168.3300018310547,122.96963500976562,24.6292667388916,36.707435607910156,98.2301025390625,84.93692779541016,68.92494201660156,31.155006408691406,130.10769653320312,101.41696166992188
2022-01-04,169.57000732421875,122.45826721191406,25.481523513793945,37.673179626464844,100.20518493652344,84.03683471679688,69.38981628417969,31.058286666870117,128.39088439941406,100.79971313476562
2022-01-05,169.05999755859375,121.79361724853516,25.477216720581055,37.23673629760742,99.25038146972656,81.45272064208984,69.32720184326172,31.040714263916016,127.4764404296875,98.0799560546875
2022-01-06,166.99000549316406,122.10892486572266,26.04538345336914,37.78460693359375,99.70906829833984,81.0414047241211,69.13948059082031,30.719789505004883,126.00215911865234,97.82440185546875
2022-01-07,167.75,121.23115539550781,26.40264320373535,38.23033142089844,99.68097686767578,80.2961654663086,69.2110366821289,30.95279312133789,125.3583755493164,96.19445037841797
2022-01-10,168.25999450683594,121.52947235107422,26.320859909057617,38.100318908691406,98.55770874023438,80.3106689453125,68.66568756103516,30.750566482543945,126.64602661132812,95.60614013671875
2022-01-11,170.2899932861328,122.33902740478516,27.21615982055664,38.43462371826172,99.14742279052734,81.273681640625,68.5852279663086,30.47361946105957,127.65372467041016,96.52719116210938
2022-01-12,170.74000549316406,121.87033081054688,27.26780891418457,38.46248245239258,99.46568298339844,81.6559829711914,68.61205291748047,30.57032585144043,127.28984069824219,97.16373443603516
2022-01-13,170.16000366210938,122.95259094238281,27.13007354736328,38.313899993896484,99.68097686767578,79.54125213623047,68.7372055053711,30.719789505004883,125.31172943115234,95.21073150634766
2022-01-14,169.6699981689453,121.09484100341797,27.76711082458496,37.914615631103516,99.08190155029297,80.21390533447266,68.86235046386719,30.50878143310547,125.09711456298828,94.76707458496094
2022-01-18,169.38999938964844,119.39044189453125,27.879016876220703,37.06958770751953,97.9399185180664,78.28791809082031,67.87007141113281,30.143911361694336,123.34293365478516,92.97319793701172
2022-01-19,172.0800018310547,120.21711730957031,27.67672348022461,36.44742202758789,96.84473419189453,77.19425964355469,68.29916381835938,30.280187606811523,122.83906555175781,91.29505157470703
2022-01-20,171.64999389648438,120.95848846435547,27.42276382446289,36.21528244018555,95.60912322998047,76.19739532470703,67.85218048095703,30.319759368896484,122.03662872314453,89.63135528564453
2022-01-21,171.08999633789062,122.39862823486328,26.88042449951172,35.47240447998047,94.72921752929688,74.6827392578125,67.90581512451172,30.262603759765625,120.80496978759766,87.00322723388672
2022-01-24,172.02999877929688,121.39303588867188,27.061201095581055,35.57454299926758,95.27213287353516,75.06987762451172,67.68232727050781,29.972463607788086,120.40372467041016,88.04967498779297
2022-01-25,172.5800018310547,121.1971206665039,28.111452102661133,35.723121643066406,94.3360824584961,73.3326187133789,66.93138885498047,29.502077102661133,119.62931060791016,86.5595932006836
2022-01-26,169.7899932861328,119.7313232421875,28.06410789489746,35.815982818603516,93.5123519897461,73.76331329345703,66.42182922363281,29.260297775268555,119.00414276123047,86.1400375366211
2022-01-27,167.60000610351562,121.92991638183594,28.369714736938477,35.4909782409668,92.67925262451172,73.25519561767578,66.86882019042969,29.519664764404297,119.31205749511719,84.05200958251953
2022-01-28,167.10000610351562,121.97257995605469,28.24919319152832,35.95527267456055,93.32514190673828,76.4587173461914,67.65550231933594,29.875747680664062,121.74739837646484,85.88446807861328
2022-01-31,168.08999633789062,121.34192657470703,28.3740177154541,36.27099609375,94.29863739013672,78.3798599243164,67.91475677490234,30.442840576171875,122.44718933105469,89.18772888183594
2022-02-01,168.22999572753906,120.93914794921875,29.385528564453125,36.772438049316406,95.59974670410156,78.58311462402344,67.85218048095703,30.038406372070312,122.77375030517578,89.72781372070312
2022-02-02,168.83999633789062,121.34880828857422,29.480222702026367,37.02315139770508,96.26436614990234,79.22187805175781,68.66568756103516,30.482404708862305,124.42530822753906,89.19253540039062
2022-02-03,168.60000610351562,120.4015884399414,29.2004451751709,36.61457443237305,94.72921752929688,76.92327880859375,68.68357849121094,30.34613037109375,123.89344787597656,86.46314239501953
2022-02-04,168.86000061035156,118.62651824951172,29.65670394897461,37.23673629760742,93.70890808105469,77.23297119140625,67.84323120117188,30.104351043701172,123.445556640625,88.92249298095703
2022-02-07,170.11000061035156,118.70333862304688,30.035480499267578,37.34817123413086,93.78380584716797,76.72001647949219,67.96839141845703,30.060382843017578,123.2309799194336,88.73925018310547
2022-02-08,170.6300048828125,117.90973663330078,29.38983154296875,37.86817932128906,94.7198715209961,77.66851043701172,68.22764587402344,30.082361221313477,124.23870086669922,89.98821258544922
2022-02-09,171.2100067138672,118.131591796875,29.635177612304688,38.109619140625,96.02098846435547,79.39125061035156,68.24551391601562,30.214244842529297,125.19975280761719,91.17931365966797
2022-02-10,170.55999755859375,116.25419616699219,29.450098037719727,37.77531433105469,94.44840240478516,77.31526184082031,67.5124740600586,29.449331283569336,123.24030303955078,89.60726165771484
2022-02-11,173.80999755859375,117.97797393798828,30.30665397644043,37.24602127075195,93.0068588256836,74.9537353515625,67.27108764648438,29.466907501220703,121.53277587890625,87.03215789794922
2022-02-14,174.74000549316406,116.51016235351562,29.59213638305664,36.82815170288086,92.66053009033203,74.92952728271484,67.08336639404297,29.216331481933594,120.2917709350586,87.52885437011719
2022-02-15,173.0800018310547,115.18745422363281,29.282228469848633,37.32959747314453,94.0552749633789,76.8990707397461,67.1995849609375,29.080060958862305,121.64474487304688,89.4866943359375
2022-02-16,174.86000061035156,115.87019348144531,29.51896095275879,37.357452392578125,94.55137634277344,76.8216552734375,67.32473754882812,29.1460018157959,121.83139038085938,89.74227905273438
2022-02-17,177.25,116.7320327758789,29.47161865234375,36.42885971069336,92.81966400146484,74.5230484008789,67.84323120117188,29.163583755493164,119.87191009521484,87.34078216552734
2022-02-18,177.1199951171875,117.96092224121094,29.29084014892578,36.41957473754883,92.05208587646484,73.76814270019531,67.96839141845703,29.1108341217041,118.97615814208984,86.80070495605469
2022-02-22,177.49000549316406,118.26814270019531,28.817359924316406,36.23385238647461,91.16283416748047,73.08582305908203,67.44094848632812,29.080060958862305,118.67755889892578,84.26901245117188
2022-02-23,178.2899932861328,116.63818359375,29.114360809326172,35.60240936279297,89.48728942871094,71.25662231445312,66.8956298828125,28.58769416809082,118.08039855957031,81.45280456542969
2022-02-24,177.13999938964844,116.71499633789062,28.886228561401367,35.17524337768555,90.62926483154297,73.69071960449219,65.7424087524414,28.816293716430664,118.55626678466797,83.31419372558594
2022-02-25,176.5500030517578,116.80030822753906,29.64809226989746,36.30813980102539,92.79158782958984,74.69243621826172,67.86112976074219,29.70870018005371,122.18590545654297,84.96341705322266
2022-02-28,178.3800048828125,119.3604507446289,30.379825592041016,35.76955032348633,93.50297546386719,74.55693054199219,66.95822143554688,29.862565994262695,121.26221466064453,85.56138610839844
2022-03-01,181.6199951171875,120.740478515625,30.6854305267334,34.4509391784668,92.1082534790039,73.06648254394531,66.56484985351562,29.60319709777832,120.59039306640625,84.2641830444336
2022-03-02,179.72999572753906,116.61322021484375,31.387033462524414,35.34238815307617,94.073974609375,74.64886474609375,67.27108764648438,29.96367835998535,122.40985870361328,86.03394317626953
2022-03-03,180.8000030517578,117.80097198486328,31.473127365112305,35.230960845947266,94.17694854736328,73.75846862792969,67.81641387939453,30.491207122802734,123.0350112915039,84.08576202392578
2022-03-04,183.67999267578125,119.834716796875,32.3813362121582,34.571659088134766,93.97103118896484,72.46640014648438,67.82535552978516,31.163803100585938,123.6508560180664,82.7499771118164
2022-03-07,186.41000366210938,118.92034912109375,32.85911560058594,33.30876541137695,91.4530258178711,69.81452941894531,66.59166717529297,31.5682315826416,121.4954605102539,78.6944580078125
2022-03-08,191.50999450683594,117.72412109375,33.37562561035156,33.11376953125,90.89138793945312,69.47581481933594,64.79480743408203,31.080270767211914,119.01348876953125,78.8584213256836
2022-03-09,185.82000732421875,116.57051849365234,32.35550308227539,34.33022689819336,92.53885650634766,72.22444152832031,65.23283386230469,30.8604679107666,121.26221466064453,81.39491271972656
2022-03-10,186.39999389648438,114.89569091796875,33.34550094604492,34.04236602783203,92.41715240478516,70.96141815185547,64.61601257324219,31.06708335876465,121.21552276611328,81.97361755371094
2022-03-11,185.08999633789062,115.28023529052734,33.07863235473633,33.80093765258789,91.67767333984375,69.71290588378906,63.865081787109375,30.961576461791992,120.31047058105469,80.396728515625
2022-03-14,182.3000030517578,112.58853149414062,32.08864212036133,34.22806930541992,91.98656463623047,68.42086791992188,64.20477294921875,30.926408767700195,121.1595458984375,79.05615234375
2022-03-15,178.88999938964844,112.39200592041016,30.91356658935547,34.71095275878906,93.44682312011719,70.71946716308594,65.64408111572266,31.322059631347656,123.57621765136719,81.70356750488281
2022-03-16,180.00999450683594,113.49434661865234,30.771522521972656,35.685977935791016,94.68241882324219,73.01805877685547,65.7155990600586,31.26491355895996,125.05980682373047,84.49083709716797
2022-03-17,180.88999938964844,112.64836883544922,31.83038330078125,36.13170623779297,95.89929962158203,73.5358657836914,66.1715316772461,31.396785736083984,127.03787994384766,85.89894104003906
2022-03-18,179.3000030517578,114.02410125732422,31.800249099731445,36.21528244018555,96.26436614990234,75.04085540771484,66.32349395751953,31.12862777709961,127.82168579101562,87.70729064941406
2022-03-21,180.6699981689453,111.38370513916016,33.082176208496094,36.179847717285156,96.48130798339844,74.8982925415039,66.40882873535156,31.336631774902344,127.72434997558594,86.9726791381836
2022-03-22,179.36000061035156,109.9566879272461,32.83882141113281,36.76715850830078,97.00724029541016,75.97459411621094,66.9027099609375,31.380882263183594,127.75241088867188,89.13154602050781
2022-03-23,181.80999755859375,112.36638641357422,33.40373611450195,36.086631774902344,96.07746887207031,74.80619049072266,66.36389923095703,31.42513656616211,125.45925903320312,88.02556610107422
2022-03-24,183.1300048828125,111.48624420166016,33.486297607421875,36.37562561035156,96.81002807617188,76.75027465820312,66.83087158203125,31.748199462890625,126.95683288574219,88.71137237548828
2022-03-25,182.3800048828125,109.93962860107422,34.22068405151367,36.84173583984375,97.41108703613281,76.70664978027344,67.38764953613281,32.20844650268555,127.54651641845703,88.55682373046875
2022-03-28,179.05999755859375,110.87955474853516,33.37331008911133,36.739192962646484,97.43926239013672,77.61810302734375,67.66604614257812,32.416446685791016,128.4730987548828,90.91852569580078
2022-03-29,179.13999938964844,111.71699523925781,33.286407470703125,36.823089599609375,98.34086608886719,79.26644134521484,68.2677001953125,32.71736145019531,129.23129272460938,92.50265502929688
2022-03-30,180.5800018310547,112.58853149414062,33.673152923583984,36.562068939208984,98.2281723022461,78.20955657958984,68.31262969970703,32.9873161315918,129.4840087890625,91.09722900390625
2022-03-31,180.64999389648438,112.86198425292969,33.21687316894531,35.72305679321289,96.71611022949219,77.05086517333984,68.15097045898438,32.95191192626953,128.2204132080078,89.348876953125
2022-04-01,179.5,113.29161834716797,33.486297607421875,35.62984085083008,95.96475982666016,76.822998046875,68.83345794677734,33.41215896606445,129.23129272460938,89.4599609375
2022-04-04,180.3699951171875,112.50426483154297,33.529754638671875,35.471351623535156,95.8426742553711,78.28228759765625,68.61795043945312,33.155494689941406,128.1548614501953,91.4690933227539
2022-04-05,179.24000549316406,109.96253204345703,33.00395202636719,35.24761962890625,94.48086547851562,76.6339340209961,68.68080139160156,33.36348342895508,128.42630004882812,89.32474517822266
2022-04-06,179.66000366210938,109.07247924804688,33.19949722290039,35.0052375793457,93.74830627441406,74.82073211669922,69.55187225341797,34.027305603027344,130.38253784179688,87.04513549804688
2022-04-07,180.33999633789062,108.25090026855469,33.63404083251953,34.96795654296875,94.06764221191406,74.93709564208984,70.39601135253906,33.94321060180664,132.8909912109375,87.48946380615234
2022-04-08,181.47000122070312,107.07847595214844,34.55963134765625,35.32219314575195,93.54168701171875,73.88990020751953,70.6923828125,34.05827713012695,133.68658447265625,86.68292236328125
2022-04-11,182.3699951171875,105.38392639160156,33.521053314208984,35.163719177246094,93.24115753173828,72.02822875976562,70.4050064086914,33.59361267089844,131.02833557128906,85.07462310791016
2022-04-12,183.77000427246094,105.23848724365234,34.0772819519043,34.78152084350586,93.09089660644531,71.70825958251953,70.42294311523438,33.721946716308594,129.75543212890625,85.26297760009766
2022-04-13,184.64999389648438,105.4524154663086,34.58570098876953,34.78152084350586,93.96432495117188,72.86209869384766,70.81809997558594,33.65556335449219,130.39190673828125,87.3832015991211
2022-04-14,184.0399932861328,103.3386001586914,34.69868469238281,34.38997268676758,93.86101531982422,71.09254455566406,70.80012512207031,33.67326736450195,129.76478576660156,86.16130065917969
2022-04-18,184.61000061035156,102.82511901855469,35.20711135864258,34.595062255859375,93.53231048583984,71.32525634765625,70.21642303466797,33.49182891845703,128.33274841308594,86.422119140625
2022-04-19,181.82000732421875,102.05484771728516,34.920310974121094,35.07049560546875,95.23221588134766,72.663330078125,71.28507232666016,33.70866394042969,129.55886840820312,88.92869567871094
2022-04-20,182.7100067138672,104.10881042480469,35.05500411987305,35.31287384033203,95.74874877929688,72.59546661376953,72.35370635986328,33.98304748535156,131.29978942871094,87.78407287597656
2022-04-21,182.05999755859375,103.3386001586914,33.94258117675781,34.75353240966797,94.77202606201172,71.36402893066406,72.29085540771484,33.421016693115234,129.84902954101562,86.93404388427734
2022-04-22,180.2899932861328,102.68818664550781,33.112586975097656,33.71876525878906,92.44287872314453,69.36662292480469,71.15935516357422,32.858985900878906,125.11294555664062,84.91527557373047
2022-04-25,177.0500030517578,103.71514892578125,32.01752471923828,33.77470016479492,92.44287872314453,70.40896606445312,71.4736557006836,32.63329315185547,125.95532989501953,85.52861785888672
2022-04-26,177.32000732421875,104.75922393798828,32.060977935791016,32.926368713378906,90.42362976074219,67.78614044189453,70.36908721923828,32.30580520629883,123.73705291748047,81.20123291015625
2022-04-27,175.97999572753906,103.41557312011719,32.53029251098633,32.898406982421875,90.76171875,68.78970336914062,70.62950897216797,32.150909423828125,123.46562194824219,81.21088409423828
2022-04-28,176.92999267578125,103.56964111328125,33.51671600341797,33.31791687011719,91.78543853759766,71.54344177246094,71.67123413085938,32.50937271118164,125.16910552978516,82.87714385986328
2022-04-29,176.91000366210938,102.22603607177734,32.65631103515625,32.171260833740234,89.35296630859375,68.56184387207031,69.7225112915039,31.5357723236084,121.94932556152344,78.6656494140625
2022-05-02,173.6300048828125,100.4540786743164,33.17776870727539,32.18058776855469,89.54080963134766,69.60419464111328,68.80652618408203,31.212711334228516,121.191162109375,79.81513977050781
2022-05-03,174.08999633789062,101.13130187988281,34.107696533203125,32.6000862121582,90.13249206542969,69.72540283203125,68.60896301269531,31.332210540771484,121.57493591308594,79.61710357666016
2022-05-04,175.8000030517578,101.68850708007812,35.52431869506836,33.59756851196289,92.74339294433594,72.17367553710938,70.15355682373047,32.03142166137695,124.27056121826172,81.95467376708984
2022-05-05,175.1300048828125,98.9024429321289,34.98982620239258,32.618736267089844,90.3203353881836,68.70243072509766,68.8244857788086,31.703941345214844,121.8557357788086,77.36164093017578
2022-05-06,175.4199981689453,97.4450912475586,36.032752990722656,32.38568115234375,89.70985412597656,68.14974975585938,68.89631652832031,31.95618438720703,121.47199249267578,76.38123321533203
2022-05-09,172.8800048828125,98.30233764648438,33.05175018310547,31.611927032470703,87.54039001464844,65.51239013671875,68.86939239501953,31.71721076965332,118.32705688476562,73.12602233886719
2022-05-10,171.4199981689453,99.19386291503906,33.351585388183594,31.332252502441406,86.96748352050781,66.51110076904297,68.3934326171875,31.332210540771484,118.74826049804688,72.90869903564453
2022-05-11,172.82000732421875,101.10558319091797,33.799171447753906,31.043262481689453,86.17858123779297,64.41187286376953,68.09709167480469,31.557903289794922,117.96202850341797,70.29583740234375
2022-05-12,170.1699981689453,100.9169692993164,33.94258117675781,30.81020164489746,86.3382339477539,63.747684478759766,68.0791244506836,31.23926544189453,119.10391998291016,70.77881622314453
2022-05-13,168.7899932861328,99.42535400390625,35.10282516479492,31.25767707824707,87.43707275390625,65.86630249023438,69.10287475585938,31.61100196838379,120.36750793457031,73.5655288696289
2022-05-16,170.39999389648438,99.3224868774414,36.028404235839844,30.99665641784668,87.3149642944336,65.2845230102539,69.41718292236328,31.70836639404297,121.25670623779297,71.9765625
2022-05-17,169.3300018310547,98.1222915649414,36.44557571411133,31.826330184936523,89.29663848876953,67.17528533935547,68.94121551513672,32.03584671020508,122.92273712158203,73.79251861572266
2022-05-18,169.4199981689453,100.21404266357422,35.51129150390625,30.950040817260742,85.97196960449219,64.10155487060547,64.50499725341797,31.726064682006836,119.749755859375,68.96768951416016
2022-05-19,171.91000366210938,100.4540786743164,35.38093566894531,30.744953155517578,85.20184326171875,63.39860916137695,63.35554122924805,31.659685134887695,120.01182556152344,69.0159912109375
2022-05-20,172.02999877929688,101.59422302246094,35.53301239013672,30.689016342163086,84.28144073486328,63.53920364379883,63.4902229309082,31.748199462890625,121.47199249267578,67.81339263916016
2022-05-23,172.8300018310547,99.92254638671875,36.471641540527344,31.68650245666504,85.66202545166016,64.99850463867188,64.80133819580078,32.128787994384766,122.53898620605469,68.32051086425781
2022-05-24,174.1300048828125,101.89427947998047,36.61069869995117,31.621246337890625,85.61507415771484,64.03372192382812,65.86100006103516,32.770477294921875,122.90399932861328,66.5625
2022-05-25,173.0800018310547,102.29717254638672,37.3668098449707,31.87295150756836,86.11283874511719,64.78031158447266,65.87897491455078,32.748348236083984,122.86659240722656,68.44125366210938
2022-05-26,172.75999450683594,101.83425903320312,37.779632568359375,32.60940933227539,87.85969543457031,66.33655548095703,66.57942962646484,32.84128189086914,123.39073944091797,71.7978515625
2022-05-27,172.85000610351562,102.08284759521484,38.470577239990234,33.159427642822266,89.66290283203125,68.58123016357422,67.35174560546875,33.35463333129883,125.44058227539062,74.26097869873047
2022-05-31,171.13999938964844,99.92254638671875,37.89261245727539,33.06620788574219,88.93975830078125,68.09156799316406,66.87577819824219,32.89438247680664,123.76512145996094,74.6376953125
2022-06-01,172.22999572753906,99.80836486816406,38.509674072265625,32.53483581542969,88.39501190185547,67.88795471191406,66.00469970703125,32.84128189086914,121.98675537109375,73.8601303100586
2022-06-02,174.35000610351562,99.85986328125,38.388004302978516,32.98230743408203,90.08553314208984,69.53144836425781,66.96559143066406,33.06256103515625,122.95084381103516,76.12042236328125
2022-06-03,172.5800018310547,99.64517211914062,38.89642333984375,32.506866455078125,89.73804473876953,67.86856079101562,66.29205322265625,32.90323257446289,121.50940704345703,73.89395141601562
2022-06-06,171.82000732421875,97.8073501586914,38.852970123291016,32.6000862121582,90.11372375488281,67.87340545654297,66.31900787353516,33.04927062988281,121.52811431884766,74.63289642333984
2022-06-07,172.94000244140625,98.86370849609375,40.013214111328125,32.85179138183594,91.32523345947266,68.68303680419922,66.66921997070312,33.24842834472656,123.10993957519531,74.44935607910156
2022-06-08,172.77999877929688,97.9876937866211,40.10011672973633,32.2738151550293,89.67229461669922,67.90734100341797,65.8520278930664,32.59788513183594,122.13652038574219,74.00985717773438
2022-06-09,172.22999572753906,98.31404876708984,39.21364212036133,31.462766647338867,87.9066390991211,66.09416198730469,64.86421203613281,31.814563751220703,119.3753662109375,72.67205810546875
2022-06-10,174.5399932861328,97.70430755615234,38.54878616333008,30.325448989868164,85.31453704833984,63.553749084472656,64.5858154296875,31.571176528930664,117.45659637451172,69.77424621582031
2022-06-13,169.92999267578125,94.63844299316406,36.536827087402344,29.421184539794922,82.7505874633789,60.737003326416016,63.19387435913086,30.119626998901367,113.89985656738281,66.55284118652344
2022-06-14,168.57000732421875,93.44471740722656,36.606353759765625,29.169485092163086,82.54398345947266,61.1200065612793,62.448516845703125,29.358449935913086,112.8141098022461,66.49972534179688
2022-06-15,170.77000427246094,95.18806457519531,35.798095703125,29.495759963989258,83.34227752685547,62.409603118896484,62.51140213012695,29.548742294311523,113.95601654052734,68.36883544921875
2022-06-16,172.69000244140625,95.94380187988281,33.78178405761719,28.749977111816406,80.56231689453125,59.86919021606445,62.035423278808594,28.97786521911621,112.28060913085938,65.02184295654297
2022-06-17,171.27000427246094,96.2529525756836,31.934959411621094,28.833877563476562,80.35569763183594,60.417022705078125,61.810935974121094,28.70791244506836,112.21508026123047,65.73180389404297
2022-06-21,170.6300048828125,94.62129211425781,33.589385986328125,29.409318923950195,81.82158660888672,61.9544677734375,63.46031951904297,29.25436782836914,115.23604583740234,67.61196899414062
2022-06-22,171.30999755859375,97.22341918945312,32.2447509765625,29.343719482421875,81.36880493164062,61.69198989868164,63.41508102416992,29.56216049194336,116.83393096923828,67.48126983642578
2022-06-23,170.25999450683594,98.02205657958984,31.049524307250977,29.231252670288086,80.9537582397461,62.61552047729492,64.64556121826172,30.258052825927734,119.45635986328125,68.54141235351562
2022-06-24,170.08999633789062,96.66516876220703,31.45818519592285,30.309032440185547,83.78365325927734,64.86602020263672,65.91222381591797,30.784446716308594,121.43962097167969,71.15547943115234
2022-06-27,169.89999389648438,95.84072875976562,32.3809700012207,30.2059383392334,83.58554077148438,64.42857360839844,65.73128509521484,31.03424835205078,121.89077758789062,70.40999603271484
2022-06-28,169.6199951171875,96.2873306274414,33.25542068481445,29.906038284301758,82.61396026611328,62.49886703491211,64.85365295410156,30.91827392578125,119.76652526855469,67.59746551513672
2022-06-29,169.49000549316406,97.7901840209961,32.09973907470703,29.73733901977539,82.13286590576172,62.6252326965332,65.26079559326172,30.94057273864746,120.80984497070312,67.54420471191406
2022-06-30,168.4600067138672,98.64897918701172,31.42303466796875,29.474924087524414,82.38756561279297,61.78921127319336,65.3060302734375,31.284059524536133,120.53727722167969,66.55183410644531
2022-07-01,168.32000732421875,99.66178131103516,31.893213272094727,29.877920150756836,83.10447692871094,61.9301643371582,66.24699401855469,32.05132293701172,121.89077758789062,67.77658081054688
2022-07-05,164.75,100.44482421875,30.627687454223633,29.774829864501953,81.85931396484375,62.70787048339844,65.82176208496094,30.958410263061523,121.18582916259766,69.29176330566406
2022-07-06,162.13999938964844,98.75824737548828,30.104764938354492,29.69985580444336,82.33096313476562,63.24740219116211,66.01174926757812,31.27959442138672,122.00358581542969,69.0642318725586
2022-07-07,162.22999572753906,97.88916015625,31.19014549255371,30.13096809387207,83.30255889892578,64.5549545288086,66.07508850097656,31.248380661010742,122.52052307128906,70.84567260742188
2022-07-08,162.3000030517578,96.80494689941406,31.176958084106445,30.06536102294922,82.92525482177734,64.58411407470703,65.95745849609375,31.145767211914062,122.8871078491211,70.85533905029297
2022-07-11,161.42999267578125,98.47428894042969,30.87814712524414,29.821685791015625,82.36869812011719,63.694583892822266,65.86699676513672,31.34204864501953,122.57693481445312,68.9141616821289
2022-07-12,160.8300018310547,99.05943298339844,30.27614974975586,29.63425064086914,82.11400604248047,62.82452392578125,65.6769790649414,31.19038200378418,121.01663970947266,68.49784851074219
2022-07-13,161.60000610351562,100.19526672363281,30.22780418395996,29.371835708618164,81.11409759521484,62.659271240234375,65.72222900390625,31.061012268066406,119.84172058105469,69.05939483642578
2022-07-14,159.3300018310547,99.37779998779297,29.656557083129883,28.80951499938965,80.6518783569336,63.23283386230469,65.77650451660156,31.061012268066406,119.49395751953125,69.00130462646484
2022-07-15,159.00999450683594,99.93714141845703,30.139915466308594,29.784204483032227,81.9158935546875,64.34593963623047,65.9936752319336,31.11901092529297,122.37954711914062,70.11469268798828
2022-07-18,159.16000366210938,98.89593505859375,30.829811096191406,29.67173194885254,81.4253921508789,63.7237663269043,65.35128021240234,30.686296463012695,119.79472351074219,70.3180160522461
2022-07-19,159.5399932861328,98.36244201660156,31.778968811035156,30.56207275390625,84.33076477050781,65.66803741455078,66.03889465332031,30.882583618164062,121.8343734741211,72.47219848632812
2022-07-20,158.0399932861328,98.62059020996094,32.08655548095703,30.67453956604004,84.98162841796875,66.69364929199219,65.59556579589844,30.47218132019043,120.63127136230469,73.66303253173828
2022-07-21,160.27000427246094,100.32432556152344,31.524105072021484,30.871349334716797,85.59476470947266,67.63175964355469,65.79460906982422,30.55247688293457,122.5393295288086,75.34764862060547
2022-07-22,160.6699981689453,102.01091766357422,31.26484489440918,30.69328498840332,85.32122039794922,66.69851684570312,66.2289047241211,30.971797943115234,122.03176879882812,74.9119644165039
2022-07-25,160.22999572753906,101.01273345947266,32.4117317199707,30.890092849731445,85.72682189941406,66.27564239501953,66.55461120605469,31.359893798828125,122.67093658447266,74.26813507080078
2022-07-26,160.0399932861328,101.0901870727539,32.1173095703125,30.458986282348633,85.26461029052734,65.201416015625,66.40079498291016,31.547252655029297,123.30069732666016,71.87676239013672
2022-07-27,161.6699981689453,100.52228546142578,32.84236145019531,30.927583694458008,86.5852279663086,68.00605010986328,66.85318756103516,31.57401466369629,124.07145690917969,74.59732055664062
2022-07-28,163.63999938964844,101.32251739501953,33.02692794799805,31.15251350402832,88.39635467529297,69.04137420654297,67.92081451416016,32.70707702636719,124.86097717285156,75.88014221191406
2022-07-29,164.10000610351562,101.04715728759766,34.45943832397461,31.59299659729004,90.2169189453125,70.10101318359375,67.39605712890625,32.98810958862305,124.4474105834961,78.82337188720703
2022-08-01,165.02999877929688,103.48074340820312,33.7475700378418,31.330583572387695,90.31124114990234,69.9503173828125,68.23748779296875,33.023799896240234,123.5262680053711,79.21546173095703
2022-08-02,164.0500030517578,101.29110717773438,33.66848373413086,30.983814239501953,89.3585205078125,69.45453643798828,67.69461059570312,32.956886291503906,123.0844955444336,78.67329406738281
2022-08-03,164.4499969482422,102.88590240478516,32.70173645019531,31.45241928100586,90.19805908203125,71.30158996582031,68.13795471191406,33.162078857421875,124.21239471435547,80.59027099609375
2022-08-04,167.1699981689453,102.8514404296875,31.48894500732422,31.34932518005371,90.52820587158203,71.62725830078125,67.6855697631836,33.23345184326172,123.60144805908203,80.91944122314453
2022-08-05,165.2899932861328,100.40320587158203,32.1129264831543,31.574251174926758,90.66971588134766,71.4620132446289,67.53176879882812,33.11301803588867,123.55448913574219,79.53981018066406
2022-08-08,166.69000244140625,102.02386474609375,32.27989959716797,31.555505752563477,90.64141082763672,70.85441589355469,67.49556732177734,33.162078857421875,123.8458480834961,79.89802551269531
2022-08-09,167.1999969482422,101.62731170654297,32.84675598144531,31.71482276916504,90.31124114990234,70.14474487304688,67.39605712890625,33.5323371887207,123.46990203857422,78.62489318847656
2022-08-10,166.77999877929688,100.96354675292969,33.084049224853516,32.42710494995117,92.29217529296875,72.05987548828125,67.89366912841797,33.679534912109375,124.81397247314453,80.84197998046875
2022-08-11,166.33999633789062,98.61009979248047,34.222145080566406,32.81135559082031,92.78268432617188,71.7779312133789,67.73081970214844,33.675079345703125,124.0056381225586,80.43053436279297
2022-08-12,167.8699951171875,99.6101303100586,34.481407165527344,33.326820373535156,94.17876434326172,73.20698547363281,68.31892395019531,34.22377014160156,125.5941162109375,82.25069427490234
2022-08-15,165.7100067138672,99.5239028930664,33.809085845947266,33.31744384765625,94.40516662597656,73.66874694824219,68.99749755859375,34.50926971435547,126.22386932373047,82.81704711914062
2022-08-16,165.4199981689453,99.93769836425781,33.7299919128418,33.561119079589844,94.82966613769531,73.4694595336914,69.77559661865234,34.6074104309082,125.885498046875,83.73196411132812
2022-08-17,164.35000610351562,98.8946304321289,34.01122283935547,33.39242172241211,94.07500457763672,72.94451904296875,69.5765380859375,34.54941177368164,125.15235900878906,82.83157348632812
2022-08-18,163.9199981689453,99.0411376953125,34.92522430419922,33.429908752441406,94.45231628417969,73.32364654541016,69.81178283691406,34.678775787353516,124.5978012084961,82.80738067626953
2022-08-19,162.72000122070312,97.44636535644531,34.91643142700195,32.76449203491211,93.2354736328125,71.9918212890625,69.58558654785156,34.66093063354492,124.93616485595703,81.09854888916016
2022-08-22,161.63999938964844,97.1187973022461,34.85051727294922,32.0428581237793,91.46207427978516,69.98434448242188,68.8798599243164,34.188087463378906,123.30069732666016,78.84757232666016
2022-08-23,162.77000427246094,96.58429718017578,36.10725784301758,31.911643981933594,91.63188171386719,69.79963684082031,68.58131408691406,33.982879638671875,121.58060455322266,79.07024383544922
2022-08-24,163.25,95.87743377685547,36.551082611083984,32.08032989501953,91.93370819091797,69.84339141845703,68.7531967163086,34.08994674682617,121.73098754882812,79.40910339355469
2022-08-25,163.75,97.2136001586914,36.832313537597656,32.577056884765625,93.3392333984375,71.0245361328125,69.0698471069336,34.29961013793945,123.0750961303711,80.35791015625
2022-08-26,161.75999450683594,97.94635009765625,36.401676177978516,31.60236930847168,90.10371398925781,67.99147033691406,67.35986328125,33.773231506347656,119.64434051513672,77.2984848022461
2022-08-29,161.86000061035156,97.13603210449219,36.95095443725586,31.37744140625,89.69811248779297,67.09223175048828,67.25128936767578,33.875831604003906,118.80780792236328,76.88703155517578
2022-08-30,160.50999450683594,97.37740325927734,35.698604583740234,31.208744049072266,88.40581512451172,66.39230346679688,66.55461120605469,33.380672454833984,118.01824951171875,76.03020477294922
2022-08-31,159.27000427246094,96.44637298583984,35.37342834472656,30.974441528320312,87.66059112548828,65.74581146240234,66.14747619628906,33.162078857421875,117.26630401611328,75.27986907958984
2022-09-01,157.8699951171875,94.68063354492188,34.503379821777344,31.068164825439453,87.78321838378906,65.42501831054688,66.51841735839844,33.63939666748047,119.19317626953125,75.96726989746094
2022-09-02,159.25999450683594,95.21625518798828,35.136138916015625,30.824493408203125,86.93424987792969,64.57437133789062,65.64984130859375,33.27806854248047,117.48247528076172,75.27018737792969
2022-09-06,158.3300018310547,92.85784912109375,34.81096649169922,30.749513626098633,87.07575225830078,64.14665222167969,65.27889251708984,33.362831115722656,117.59527587890625,75.11528015136719
2022-09-07,159.94000244140625,94.326416015625,34.40670394897461,31.358701705932617,88.4718246459961,65.1722412109375,66.45508575439453,34.40666580200195,119.51275634765625,77.41951751708984
2022-09-08,158.97999572753906,93.35890197753906,34.55611038208008,31.911643981933594,88.73592376708984,65.3958511352539,66.28319549560547,34.37990188598633,121.59001159667969,78.14079284667969
2022-09-09,159.82000732421875,93.56621551513672,35.41737747192383,32.20218276977539,89.88676452636719,66.68878936767578,66.93461608886719,34.5181884765625,122.6615219116211,79.62210845947266
2022-09-12,160.6300048828125,92.7973861694336,36.067726135253906,32.46458435058594,90.42445373535156,67.75814819335938,67.19699096679688,34.848297119140625,123.479248046875,80.64836120605469
2022-09-13,158.5399932861328,93.01334381103516,35.158103942871094,31.255603790283203,87.01915740966797,64.1612319946289,64.95318603515625,33.92042541503906,119.39995574951172,76.49007415771484
2022-09-14,157.92999267578125,93.33299255371094,36.151206970214844,31.161888122558594,86.84937286376953,64.39453887939453,64.9260482788086,34.19701385498047,119.46574401855469,77.47277069091797
2022-09-15,154.97999572753906,93.27252197265625,35.21963119506836,31.264976501464844,85.94377899169922,62.91203308105469,64.38317108154297,33.34498596191406,120.13309478759766,77.07583618164062
2022-09-16,155.83999633789062,92.49502563476562,34.468223571777344,30.983814239501953,84.1515121459961,62.56206512451172,64.53697967529297,33.22007369995117,119.79472351074219,76.4561996459961
2022-09-19,155.9600067138672,92.71097564697266,34.48866271972656,31.33523178100586,85.29364013671875,63.072235107421875,64.96591186523438,33.66514205932617,119.14925384521484,77.53794860839844
2022-09-20,155.07000732421875,91.78666687011719,34.248779296875,30.87359046936035,84.23209381103516,62.701900482177734,64.6107406616211,33.17561340332031,117.75259399414062,76.22333526611328
2022-09-21,155.7899932861328,93.3243637084961,33.74681854248047,30.23293685913086,83.11368560791016,61.72248840332031,64.3648681640625,32.722015380859375,115.79917907714844,74.4188003540039
2022-09-22,155.6999969482422,90.94004821777344,33.626888275146484,29.724185943603516,81.86256408691406,61.09391403198242,64.2738037109375,32.605247497558594,116.41258239746094,72.7015151977539
2022-09-23,153.00999450683594,91.3115234375,31.308103561401367,29.253124237060547,80.32711029052734,60.294795989990234,63.1810188293457,32.22799301147461,115.81804656982422,71.02793884277344
2022-09-26,151.22999572753906,89.56649017333984,30.539613723754883,28.791481018066406,79.48355102539062,59.875732421875,63.2265510559082,31.45103645324707,114.71394348144531,70.86786651611328
2022-09-27,151.5399932861328,87.2081069946289,30.881650924682617,28.669002532958984,79.2181625366211,59.953704833984375,62.1337776184082,30.921092987060547,114.36479187011719,71.09101867675781
2022-09-28,154.69000244140625,90.12799835205078,32.249820709228516,29.234283447265625,80.9621353149414,60.587154388427734,62.88050842285156,31.25343132019043,116.86553192138672,73.01199340820312
2022-09-29,154.66000366210938,89.66152954101562,32.249820709228516,28.866849899291992,79.55937957763672,59.008392333984375,61.84238052368164,30.000423431396484,115.88412475585938,70.48948669433594
2022-09-30,154.6699981689453,88.5039291381836,31.99217987060547,28.603055953979492,78.51676940917969,57.877933502197266,60.7678108215332,29.421070098876953,114.28927612304688,69.10210418701172
2022-10-03,158.42999267578125,89.9101791381836,33.80012893676758,29.375598907470703,80.88631439208984,59.67108154296875,61.81504440307617,30.283353805541992,116.63904571533203,69.1700210571289
2022-10-04,160.6999969482422,89.65907287597656,35.25270080566406,30.468469619750977,83.7013168334961,61.67376708984375,62.75303649902344,30.925582885742188,119.3474349975586,71.58583068847656
2022-10-05,159.80999755859375,88.80179595947266,35.9812126159668,30.23293685913086,83.2463607788086,61.87841796875,62.38875961303711,30.238447189331055,119.74375915527344,71.16378021240234
2022-10-06,159.6300048828125,88.30824279785156,36.62088394165039,29.808982849121094,82.28907012939453,61.37165832519531,61.47810745239258,29.24142837524414,118.21501159667969,70.65928649902344
2022-10-07,157.8800048828125,87.45093536376953,36.33658981323242,29.102384567260742,80.7156982421875,58.84759521484375,60.558353424072266,28.635128021240234,115.71424865722656,68.22894287109375
2022-10-10,155.47999572753906,86.09142303466797,35.59030532836914,28.970481872558594,81.00004577636719,57.85844039916992,60.77689743041992,28.684532165527344,114.98760223388672,67.8069076538086
2022-10-11,155.16000366210938,86.47245025634766,35.30601119995117,28.603055953979492,80.98109436035156,56.97160720825195,61.27776336669922,28.581235885620117,115.60100555419922,67.25390625
2022-10-12,155.99000549316406,86.89675903320312,35.59030532836914,28.537107467651367,80.34605407714844,56.79618835449219,61.60560989379883,27.629127502441406,115.0348129272461,67.42853546142578
2022-10-13,154.91000366210938,86.06546783447266,37.042884826660156,29.71476936340332,82.11845397949219,58.56011199951172,62.625526428222656,28.320755004882812,117.71485137939453,68.16588592529297
2022-10-14,152.97999572753906,85.35536193847656,35.661380767822266,29.21544075012207,80.31761932373047,56.91313552856445,61.49632263183594,27.912067413330078,116.92216491699219,65.6191177368164
2022-10-17,153.4199981689453,84.93974304199219,36.1055908203125,29.950300216674805,82.07108306884766,58.6478271484375,62.16109848022461,28.495908737182617,118.80007934570312,68.28229522705078
2022-10-18,153.75,85.13887786865234,36.420982360839844,30.430788040161133,84.052001953125,59.14483642578125,62.971580505371094,29.016870498657227,119.46064758300781,69.22338104248047
2022-10-19,151.69000244140625,83.58887481689453,37.49597930908203,29.931455612182617,83.45489501953125,58.97429275512695,62.68017578125,28.639623641967773,117.79035186767578,68.4472427368164
2022-10-20,151.4499969482422,82.16009521484375,37.531517028808594,29.450971603393555,81.8151626586914,59.008392333984375,61.80595016479492,27.91655921936035,116.7900390625,67.12291717529297
2022-10-21,154.14999389648438,80.6793212890625,38.615394592285156,30.327150344848633,84.06148529052734,60.587154388427734,62.75303649902344,28.433034896850586,119.41348266601562,69.0778579711914
2022-10-24,153.64999389648438,80.01255798339844,38.79751205444336,30.73227310180664,85.1799087524414,61.425262451171875,63.882232666015625,28.67106056213379,121.7160415649414,69.36406707763672
2022-10-25,154.0,82.3419189453125,38.83749771118164,31.099695205688477,86.32675170898438,62.59957504272461,64.72003936767578,29.24592399597168,122.6408920288086,71.10072326660156
2022-10-26,154.97999572753906,83.52824401855469,39.366111755371094,31.175065994262695,86.63006591796875,61.205989837646484,65.14804077148438,29.232446670532227,123.999755859375,70.5283203125
2022-10-27,154.74000549316406,84.4028549194336,39.50825881958008,31.42943572998047,87.64420318603516,60.50918960571289,65.20267486572266,29.465980529785156,123.34864044189453,70.25664520263672
2022-10-28,153.16000366210938,83.82266998291016,39.645973205566406,32.21140670776367,89.68201446533203,63.14045333862305,66.63240051269531,30.274381637573242,125.3775405883789,70.31970977783203
2022-10-31,151.91000366210938,83.22518157958984,39.979129791259766,32.0135612487793,89.42610931396484,62.307220458984375,66.24081420898438,29.991436004638672,125.27375793457031,69.86857604980469
2022-11-01,153.4600067138672,84.00297546386719,40.36559295654297,32.098358154296875,89.3407974243164,61.78584289550781,66.03137969970703,30.10820198059082,125.34925079345703,69.16033935546875
2022-11-02,152.38999938964844,83.63838958740234,39.39276123046875,31.693233489990234,87.7674331665039,59.65159225463867,64.88395690917969,29.816286087036133,123.21656036376953,66.54564666748047
2022-11-03,151.80999755859375,83.18697357177734,40.121273040771484,31.372913360595703,88.68679809570312,57.89741897583008,64.6654052734375,29.94652557373047,122.697509765625,66.14788818359375
2022-11-04,156.47000122070312,81.78939819335938,40.60990524291992,31.947616577148438,90.10852813720703,58.95479965209961,65.43034362792969,30.130659103393555,123.44300079345703,66.70089721679688
2022-11-07,155.85000610351562,80.97340393066406,41.307315826416016,32.26792907714844,91.0752944946289,59.939090728759766,66.01314544677734,29.555805206298828,124.76416778564453,66.23519134521484
2022-11-08,159.4499969482422,81.85881042480469,41.347293853759766,32.456363677978516,91.8714599609375,60.51406478881836,66.20438385009766,29.762386322021484,125.38697814941406,66.07025146484375
2022-11-09,158.64999389648438,82.12794494628906,39.32612991333008,31.909934997558594,90.59192657470703,58.940181732177734,65.4849853515625,29.52885627746582,124.03754425048828,64.05224609375
2022-11-10,163.47999572753906,85.28771209716797,40.20123291015625,33.52097702026367,94.39263153076172,63.78364562988281,67.02397918701172,30.921092987060547,127.1894302368164,68.73343658447266
2022-11-11,164.55999755859375,84.97518920898438,41.369510650634766,33.794193267822266,94.33577728271484,64.8751220703125,66.95111846923828,30.575279235839844,125.63233184814453,70.38278198242188
2022-11-14,164.9199981689453,84.7668685913086,41.35618209838867,33.3137092590332,93.7575912475586,64.31964111328125,66.42295837402344,30.211496353149414,125.74560546875,69.26704406738281
2022-11-15,165.5,86.13842010498047,41.791507720947266,33.389076232910156,94.40211486816406,65.09928894042969,66.97844696044922,30.54384422302246,125.58515930175781,70.2129898071289
2022-11-16,165.1199951171875,88.02214050292969,40.938621520996094,33.22891616821289,93.71968078613281,64.20756530761719,67.30628967285156,30.81779670715332,125.52851867675781,69.14091491699219
2022-11-17,163.9199981689453,87.0932846069336,41.0274658203125,33.04990768432617,93.55857849121094,64.2904052734375,67.28807067871094,30.278860092163086,125.47190856933594,68.30170440673828
2022-11-18,162.7899932861328,86.49431610107422,40.703189849853516,33.3231201171875,94.25047302246094,64.36348724365234,68.0074691772461,30.921092987060547,126.9912338256836,68.39386749267578
2022-11-21,161.8800048828125,86.8589096069336,40.152374267578125,33.426753997802734,94.55377197265625,63.67156219482422,68.65404510498047,31.060321807861328,127.0478744506836,67.4042739868164
2022-11-22,162.07000732421875,88.09156799316406,41.40949249267578,33.76592254638672,95.28359985351562,64.90436553955078,69.1548843383789,31.325286865234375,128.1519775390625,68.16588592529297
2022-11-23,163.0800018310547,89.6280517578125,40.96083450317383,33.907249450683594,95.64375305175781,65.4793472290039,69.39167785644531,31.675588607788086,128.6615447998047,69.15062713623047
2022-11-25,163.22000122070312,89.32421875,40.8098030090332,34.02030563354492,96.01341247558594,65.09928894042969,69.43718719482422,31.85972785949707,129.42591857910156,69.18943786621094
2022-11-28,161.92999267578125,89.57595825195312,39.69038391113281,33.436180114746094,94.26942443847656,63.70568084716797,69.1731185913086,31.53187370300293,128.45394897460938,68.7625503540039
2022-11-29,162.72999572753906,88.52561950683594,40.29007339477539,33.634029388427734,94.84759521484375,63.08197021484375,68.9090347290039,31.298343658447266,128.1331024169922,68.54425048828125
2022-11-30,164.80999755859375,89.1766586303711,40.489967346191406,34.20872497558594,96.41146087646484,66.24922943115234,70.293212890625,32.07979202270508,131.1906280517578,70.90668487548828
2022-12-01,167.83999633789062,92.02548217773438,40.35670471191406,34.01087951660156,96.43993377685547,66.3418197631836,69.9744873046875,32.0528450012207,131.56808471679688,70.89697265625
2022-12-02,167.25999450683594,93.1827392578125,40.1168327331543,33.8507080078125,96.9896469116211,65.95687103271484,70.293212890625,31.900148391723633,131.9078369140625,70.8048095703125
2022-12-05,164.38999938964844,91.87757110595703,38.92634582519531,33.01222610473633,95.36890411376953,64.86051940917969,69.4098892211914,31.72049331665039,130.64329528808594,68.7625503540039
2022-12-06,164.83999633789062,93.06095123291016,37.900203704833984,32.72016906738281,94.24100494384766,63.47178268432617,68.98188018798828,31.918106079101562,129.65245056152344,67.69048309326172
2022-12-07,166.3300018310547,95.25367736816406,37.81137466430664,32.58827209472656,94.1177749633789,63.15019226074219,69.2732925415039,31.769908905029297,130.71878051757812,67.28299713134766
2022-12-08,166.47000122070312,94.99264526367188,37.6425666809082,32.61653137207031,94.67698669433594,64.1832046508789,69.64665222167969,31.976497650146484,131.8983917236328,67.93302917480469
2022-12-09,167.05999755859375,92.52145385742188,36.72748947143555,32.531734466552734,93.8997802734375,63.78852081298828,69.10936737060547,31.810319900512695,130.20921325683594,67.6371078491211
2022-12-12,165.67999267578125,92.81727600097656,37.69143295288086,32.965118408203125,95.51105499267578,65.1821060180664,69.83789825439453,32.537879943847656,131.59640502929688,67.8069076538086
2022-12-13,168.50999450683594,93.7135238647461,38.4066162109375,33.04990768432617,95.87122344970703,65.95201110839844,69.73773193359375,32.636680603027344,132.00216674804688,67.8069076538086
2022-12-14,168.10000610351562,94.11382293701172,38.171180725097656,32.635372161865234,95.6911392211914,65.39649963378906,69.69219207763672,32.59626007080078,132.20982360839844,67.30239868164062
2022-12-15,165.35000610351562,94.48103332519531,37.940189361572266,31.994722366333008,93.37847900390625,62.95041275024414,68.50834655761719,32.2010498046875,129.78451538085938,66.19639587402344
2022-12-16,166.7899932861328,93.42562103271484,37.4737663269043,31.74976921081543,92.98040771484375,62.1171875,68.17141723632812,31.653139114379883,127.89716339111328,64.95938110351562
2022-12-19,166.32000732421875,91.85556030273438,37.46928024291992,31.664447784423828,92.49089050292969,61.28889083862305,68.12830352783203,31.527257919311523,127.41961669921875,63.9164924621582
2022-12-20,169.0800018310547,90.2244873046875,38.03475570678711,31.79717445373535,92.60516357421875,61.38172912597656,68.07327270507812,31.53632354736328,127.39120483398438,63.17224884033203
2022-12-21,168.8000030517578,90.4512710571289,38.75729751586914,32.290138244628906,94.34796142578125,62.398170471191406,68.7519760131836,31.975515365600586,129.06838989257812,64.17916107177734
2022-12-22,166.75999450683594,90.4338150024414,37.86421585083008,32.005733489990234,93.14801788330078,60.82465362548828,68.59605407714844,31.780820846557617,128.8883514404297,62.53016662597656
2022-12-23,167.25999450683594,89.10800170898438,39.071449279785156,32.18585968017578,93.70037078857422,60.88817596435547,68.95375061035156,32.10683059692383,128.96417236328125,62.95820999145508
2022-12-27,168.6699981689453,87.34609985351562,39.48881912231445,32.17638397216797,93.98607635498047,60.31154251098633,69.28395080566406,32.30604553222656,128.6325225830078,61.93672180175781
2022-12-28,167.91000366210938,86.83147430419922,38.604713439941406,32.06261444091797,92.7575454711914,59.33909606933594,68.42179870605469,31.998159408569336,127.79862976074219,61.416259765625
2022-12-29,168.85000610351562,87.81708526611328,39.00862121582031,32.508201599121094,93.90034484863281,60.893062591552734,68.71528625488281,32.22907257080078,129.19154357910156,62.997135162353516
2022-12-30,169.63999938964844,86.84019470214844,39.25545120239258,32.42286682128906,93.52893829345703,60.80998992919922,68.37593078613281,31.92118263244629,128.7272491455078,62.82689666748047
2023-01-03,171.05999755859375,88.49742126464844,37.87767791748047,32.536643981933594,93.72893524169922,60.23335266113281,68.11911010742188,31.92118263244629,128.3577117919922,62.45234298706055
2023-01-04,172.6699981689453,89.7098617553711,37.87318420410156,33.05805587768555,94.55745697021484,60.38973617553711,68.38510131835938,32.21096420288086,128.69882202148438,63.357093811035156
2023-01-05,170.52000427246094,90.08492279052734,38.5643196105957,32.81156921386719,93.53845977783203,59.2169303894043,67.69721984863281,31.513683319091797,127.38169860839844,62.768516540527344
2023-01-06,173.7100067138672,91.7421875,39.29584503173828,33.54155731201172,96.10025787353516,60.95170593261719,69.50406646728516,32.1475715637207,128.5566864013672,64.24239349365234
2023-01-09,174.10000610351562,92.23062896728516,39.15672302246094,33.418312072753906,95.67170715332031,61.6602783203125,68.82535552978516,32.36491012573242,126.40569305419922,64.63153839111328
2023-01-10,174.74000549316406,90.70423126220703,39.434974670410156,33.60792541503906,96.19548797607422,62.04143524169922,68.73363494873047,32.373966217041016,127.46699523925781,65.44385528564453
2023-01-11,174.6199951171875,92.17831420898438,39.5561408996582,33.9207763671875,97.11924743652344,63.11650848388672,68.77032470703125,32.6365852355957,128.18714904785156,67.20960235595703
2023-01-12,176.63999938964844,93.9925537109375,40.31010055541992,33.98712921142578,97.69064331054688,63.58562088012695,68.22918701171875,32.41471862792969,127.77970123291016,67.32147216796875
2023-01-13,178.75999450683594,93.11163330078125,40.36845016479492,34.243099212646484,97.57637786865234,63.766441345214844,68.55020904541016,32.297000885009766,128.3482208251953,67.95382690429688
2023-01-17,177.58999633789062,92.5097427368164,40.45371627807617,34.01557540893555,96.74784088134766,64.05474853515625,68.59605407714844,32.25171661376953,127.75130462646484,68.00247955322266
2023-01-18,177.0800018310547,94.75138854980469,39.71321487426758,33.3803825378418,94.92887115478516,63.22888946533203,66.72500610351562,31.47745704650879,125.95085144042969,67.11717224121094
2023-01-19,179.88999938964844,94.15827941894531,40.206886291503906,32.99169921875,92.9765853881836,62.49100875854492,66.09214782714844,31.160511016845703,126.25411987304688,66.00326538085938
2023-01-20,179.2899932861328,92.63188171386719,40.60630416870117,33.51311492919922,94.27175903320312,64.18180847167969,66.60577392578125,31.34615135192871,126.88895416259766,67.60360717773438
2023-01-23,179.6300048828125,92.19575500488281,40.660160064697266,33.90181350708008,95.30029296875,65.64293670654297,66.81671905517578,31.35520362854004,127.32486724853516,68.65914154052734
2023-01-24,180.27999877929688,93.52153015136719,40.50308609008789,33.9207763671875,95.92882537841797,65.61359405517578,67.09187316894531,31.513683319091797,126.48151397705078,68.58131408691406
2023-01-25,181.11000061035156,93.74832916259766,40.507564544677734,34.186222076416016,95.39551544189453,65.47676849365234,67.25697326660156,31.088064193725586,126.51942443847656,68.93155670166016
2023-01-26,179.47000122070312,93.31219482421875,41.78662109375,34.36635208129883,95.91930389404297,66.52252197265625,67.01850891113281,31.19220733642578,126.75631713867188,70.34217834472656
2023-01-27,179.22000122070312,93.07671356201172,40.94289779663086,34.36635208129883,96.31929779052734,66.80107116699219,66.82588958740234,31.19220733642578,125.8940200805664,71.93766021728516
2023-01-30,178.75999450683594,92.73651885986328,40.00492858886719,34.19570541381836,95.37648010253906,65.52565002441406,66.90843963623047,31.051843643188477,124.75691986083984,70.71186828613281
2023-01-31,179.41000366210938,93.4779281616211,40.359474182128906,34.66024398803711,96.99544525146484,66.43946075439453,67.63302612304688,31.282756805419922,126.3677978515625,72.3316650390625
2023-02-01,181.6699981689453,94.6016616821289,39.56511688232422,34.66024398803711,97.7001724243164,68.00321960449219,68.17415618896484,31.33709716796875,126.96477508544922,73.70338439941406
2023-02-02,177.89999389648438,94.72409057617188,38.663055419921875,34.75503921508789,98.46204376220703,69.86016082763672,67.587158203125,31.40501594543457,126.10250091552734,75.96041107177734
2023-02-03,173.4600067138672,93.30742645263672,38.577789306640625,34.68867874145508,97.9477767944336,69.27862548828125,67.32119750976562,30.748470306396484,125.73292541503906,73.62069702148438
2023-02-06,173.82000732421875,92.61659240722656,38.40275955200195,34.67919921875,97.70970916748047,68.43323516845703,67.40372467041016,31.01109504699707,125.0317611694336,73.513671875
2023-02-07,173.97999572753906,91.8732681274414,39.650390625,35.0773811340332,98.01444244384766,70.1435775756836,67.119384765625,30.99750518798828,125.83715057373047,73.68394470214844
2023-02-08,174.41000366210938,92.31050109863281,39.29584503173828,34.86880111694336,97.46209716796875,69.29817199707031,66.60577392578125,30.476802825927734,125.46761322021484,73.05644989013672
2023-02-09,173.02999877929688,91.43601989746094,38.95925521850586,34.4801139831543,96.58592987060547,68.91702270507812,66.31227111816406,30.06024742126465,124.36842346191406,72.92024993896484
2023-02-10,173.36000061035156,90.4128646850586,40.48513412475586,34.59387969970703,97.2716293334961,68.59937286376953,66.92677307128906,30.65791893005371,125.54341125488281,72.06414794921875
2023-02-13,172.47999572753906,91.17367553710938,40.38191223144531,34.9920539855957,98.15730285644531,69.7868423461914,67.68805694580078,30.84356689453125,126.58573150634766,73.11968994140625
2023-02-14,172.61000061035156,90.96381378173828,40.39537811279297,34.80244827270508,97.8906478881836,70.08493041992188,67.07353210449219,30.71224594116211,125.83715057373047,73.99524688720703
2023-02-15,170.88999938964844,90.11553955078125,39.70872497558594,34.84036636352539,98.5001449584961,70.41233825683594,67.20193481445312,30.911470413208008,125.21175384521484,74.861083984375
2023-02-16,170.75,88.83880615234375,39.31828689575195,34.48958969116211,97.48113250732422,69.19066619873047,66.71583557128906,30.6760311126709,123.96096801757812,73.22669219970703
2023-02-17,171.25999450683594,89.52965545654297,37.91806411743164,34.49907684326172,98.11921691894531,68.32572174072266,67.5779800415039,31.006568908691406,125.06964874267578,73.24127197265625
2023-02-21,170.6199951171875,87.7894058227539,37.72957992553711,33.788055419921875,95.87169647216797,66.70333099365234,67.32119750976562,30.427001953125,123.44928741455078,70.7945556640625
2023-02-22,169.66000366210938,88.59392547607422,37.4782600402832,33.7501220703125,95.63360595703125,66.6056137084961,67.22029113769531,30.309276580810547,123.0323486328125,71.1545181274414
2023-02-23,169.57000732421875,89.45967102050781,38.04372787475586,33.778568267822266,96.08120727539062,67.70999908447266,67.1377182006836,30.150806427001953,123.3639907836914,71.09613800048828
2023-02-24,168.35000610351562,88.296630859375,37.99436569213867,33.8070068359375,95.52885437011719,66.50298309326172,66.6883316040039,30.159854888916016,121.7720947265625,69.97737121582031
2023-02-27,169.00999450683594,88.54150390625,38.1065559387207,33.79753112792969,96.37643432617188,66.8597183227539,66.61493682861328,29.956113815307617,121.40253448486328,70.84320068359375
2023-02-28,169.77999877929688,88.94374084472656,37.559043884277344,33.863895416259766,96.15740203857422,66.7131118774414,66.06463623046875,29.430879592895508,120.50235748291016,70.7945556640625
2023-03-01,170.75999450683594,87.98819732666016,38.29954147338867,33.7501220703125,96.53833770751953,66.22445678710938,65.57852935791016,28.946399688720703,120.3033676147461,69.90441131591797
2023-03-02,170.66000366210938,87.20800018310547,38.6361198425293,33.588958740234375,97.67159271240234,67.04053497314453,66.47736358642578,29.49427032470703,121.04246520996094,69.67090606689453
2023-03-03,172.49000549316406,89.32069396972656,39.16121292114258,34.119869232177734,98.72869873046875,68.48209381103516,66.53237915039062,29.996854782104492,122.39749908447266,71.16911315917969
2023-03-06,171.6199951171875,88.62815856933594,39.179161071777344,34.14830017089844,98.54776000976562,68.80949401855469,66.70665740966797,30.14175033569336,122.34063720703125,70.64863586425781
2023-03-07,168.6199951171875,89.17167663574219,38.497005462646484,33.266624450683594,97.28114318847656,67.9543228149414,66.04627990722656,29.648216247558594,120.36968994140625,69.68551635742188
2023-03-08,168.5399932861328,89.25933837890625,38.10206604003906,33.14337921142578,97.50971221923828,68.51629638671875,66.15634155273438,29.87460708618164,119.725341796875,69.55902862548828
2023-03-09,170.1999969482422,89.47846984863281,37.56352233886719,31.79717445373535,96.0716781616211,67.5340805053711,65.54183959960938,29.634632110595703,118.51245880126953,67.90031433105469
2023-03-10,173.8699951171875,92.5642318725586,37.08332061767578,31.21886444091797,94.28128814697266,66.34661102294922,65.2208251953125,29.16826629638672,117.64070129394531,67.22418212890625
2023-03-13,177.86000061035156,92.774658203125,36.32936096191406,29.986417770385742,93.74797058105469,66.7082290649414,65.55099487304688,29.61652183532715,118.73987579345703,67.36524963378906
2023-03-14,176.8300018310547,91.2492904663086,36.688392639160156,30.593164443969727,94.73841857910156,68.2475357055664,66.14718627929688,30.00590705871582,119.80116271972656,68.50836181640625
2023-03-15,178.2100067138672,93.0113296508789,34.71820831298828,29.777851104736328,92.40518951416016,68.28661346435547,66.57823944091797,30.413414001464844,119.69691467285156,68.40619659423828
2023-03-16,178.57000732421875,92.28373718261719,35.095191955566406,30.346670150756836,93.59561157226562,70.20221710205078,66.62411499023438,30.61717414855957,120.81504821777344,69.64171600341797
2023-03-17,183.77000427246094,93.66881561279297,34.543190002441406,29.370193481445312,92.06233978271484,70.10447692871094,66.13801574707031,30.32286262512207,119.26103210449219,68.75157165527344
2023-03-20,183.83999633789062,92.84477996826172,35.2347297668457,29.69698715209961,93.28157043457031,70.29351043701172,67.05499267578125,30.56005096435547,120.77259063720703,69.04920196533203
2023-03-21,180.3699951171875,92.0470199584961,36.45456314086914,30.449649810791016,94.36210632324219,70.86163330078125,66.99968719482422,29.94428253173828,121.50506591796875,70.9569320678711
2023-03-22,183.44000244140625,93.27433776855469,35.67912673950195,29.74462127685547,92.55481719970703,70.15638732910156,66.38223266601562,29.355884552001953,119.66912078857422,69.37609100341797
2023-03-23,185.74000549316406,93.27433776855469,35.184844970703125,29.544544219970703,92.28707122802734,71.2975082397461,66.1241683959961,29.054847717285156,119.44082641601562,69.30290222167969
2023-03-24,183.64999389648438,93.66881561279297,35.32088851928711,29.525489807128906,92.66956329345703,71.48359680175781,67.2485122680664,29.9625244140625,121.09603881835938,69.07847595214844
2023-03-27,181.9499969482422,91.46845245361328,36.07365417480469,29.935169219970703,93.44410705566406,70.9301986694336,67.60794067382812,29.999011993408203,121.59066772460938,69.21995544433594
2023-03-28,183.44000244140625,91.6350326538086,36.63141632080078,29.925643920898438,93.92223358154297,70.59716796875,67.72774505615234,30.081117630004883,120.85821533203125,69.13701629638672
2023-03-29,182.52999877929688,91.45093536376953,37.13930892944336,30.36390495300293,95.2896728515625,72.0761947631836,68.10560607910156,30.518991470336914,121.19115447998047,70.44949340820312
2023-03-30,184.17999267578125,91.87171936035156,37.30256271362305,30.297212600708008,95.490478515625,72.91366577148438,68.29913330078125,30.651268005371094,121.8475112915039,71.06427001953125
2023-03-31,183.22000122070312,93.24801635742188,37.561038970947266,30.630674362182617,96.75272369384766,73.95682525634766,68.85209655761719,30.87476921081543,123.15077209472656,72.96223449707031
2023-04-03,184.5399932861328,93.68659210205078,39.26155471801758,30.687835693359375,96.92484283447266,73.83930206298828,69.21150970458984,30.66495132446289,124.53009796142578,72.29379272460938
2023-04-04,187.97999572753906,94.15238952636719,38.54960250854492,30.402013778686523,94.75416564941406,73.43281555175781,69.07327270507812,30.820032119750977,124.54910278320312,72.17671966552734
2023-04-05,187.8300018310547,95.13671112060547,39.130043029785156,30.36390495300293,93.5206069946289,72.59532928466797,69.39583587646484,31.61824607849121,126.69898986816406,70.69833374023438
2023-04-06,186.49000549316406,95.38279724121094,38.5360107421875,30.47823143005371,93.49192810058594,73.00672149658203,69.45111846923828,31.84173583984375,127.01290130615234,70.71295928955078
2023-04-10,185.11000061035156,93.84478759765625,38.844364166259766,30.54492950439453,94.3429946899414,72.96755981445312,69.45111846923828,31.777883529663086,126.92727661132812,71.02523803710938
2023-04-11,186.27999877929688,94.03815460205078,39.211673736572266,30.811691284179688,94.90717315673828,72.28187561035156,69.65387725830078,31.805255889892578,127.35535430908203,71.13746643066406
2023-04-12,187.19000244140625,93.94144439697266,39.238887786865234,30.74500274658203,95.22272491455078,71.87051391601562,69.34054565429688,31.773330688476562,127.39340209960938,70.0347671508789
2023-04-13,189.72000122070312,93.20320892333984,39.4837532043457,31.02129554748535,95.57653045654297,73.20752716064453,69.72762298583984,31.777883529663086,129.04859924316406,71.58145141601562
2023-04-14,186.36000061035156,92.35073852539062,39.55631637573242,31.326171875,95.4617919921875,72.80103302001953,69.28524780273438,31.42211151123047,128.01174926757812,71.67414855957031
2023-04-17,185.52999877929688,91.25212097167969,39.08924102783203,31.688217163085938,96.21723175048828,73.06549072265625,69.72762298583984,31.59543228149414,127.9071044921875,72.18157196044922
2023-04-18,186.25,91.57733154296875,39.2434196472168,31.783483505249023,96.67621612548828,73.29076385498047,69.9395751953125,31.43123435974121,127.03192138671875,72.2986831665039
2023-04-19,185.36000061035156,91.48942565917969,39.10737228393555,31.859710693359375,96.5997314453125,73.08019256591797,69.89347076416016,31.672977447509766,127.42195129394531,72.2303695678711
2023-04-20,186.08999633789062,92.27161407470703,38.762733459472656,31.764429092407227,96.42759704589844,72.60022735595703,70.05937957763672,31.663848876953125,126.89872741699219,71.117919921875
2023-04-21,184.25,91.7530746459961,38.5360107421875,31.650102615356445,96.20765686035156,72.3651351928711,70.56625366210938,31.755077362060547,127.75487518310547,71.90347290039062
2023-04-24,184.80999755859375,92.64073944091797,39.12551498413086,31.573883056640625,96.43714904785156,72.04682159423828,70.85194396972656,31.914716720581055,128.46832275390625,71.89372253417969
2023-04-25,185.75,94.00299072265625,38.39088439941406,31.03082275390625,94.65853881835938,70.5090103149414,70.7597885131836,31.88279151916504,127.0984878540039,70.46900939941406
2023-04-26,184.74000549316406,93.0010757446289,37.87847137451172,30.735477447509766,92.87036895751953,71.55705261230469,70.20683288574219,31.134754180908203,125.2911148071289,70.10795593261719
2023-04-27,184.75,92.07828521728516,38.014503479003906,31.230897903442383,94.70637512207031,73.07528686523438,70.99017333984375,31.508773803710938,125.94749450683594,71.9571533203125
2023-04-28,184.8000030517578,93.56356048583984,38.6040153503418,31.602466583251953,95.62435150146484,73.86868286132812,71.36803436279297,31.463163375854492,127.02239227294922,72.14254760742188
2023-05-01,183.97000122070312,90.86567687988281,38.16868591308594,31.5167179107666,96.1407241821289,73.91275787353516,71.42332458496094,31.517892837524414,127.67879486083984,71.43021392822266
2023-05-02,187.52000427246094,93.13005828857422,36.50897979736328,30.802165985107422,95.13666534423828,73.22221374511719,71.22980499267578,31.134754180908203,127.12702178955078,71.5033950805664
2023-05-03,189.11000061035156,93.64990234375,35.819705963134766,30.449649810791016,94.77330017089844,72.60514068603516,70.64920043945312,31.0480899810791,126.9558334350586,70.93743133544922
2023-05-04,190.44000244140625,92.72474670410156,35.42064666748047,30.059022903442383,93.74055480957031,72.25741577148438,70.4740982055664,31.2852783203125,125.94749450683594,70.39095306396484
2023-05-05,187.4600067138672,92.41638946533203,36.38201141357422,30.802165985107422,95.15579986572266,74.06947326660156,71.12842559814453,31.4859619140625,127.07947540283203,71.81564331054688
2023-05-08,187.69000244140625,91.12118530273438,36.38201141357422,30.84980010986328,94.81155395507812,74.0302963256836,70.91645050048828,31.390182495117188,126.80361938476562,72.05961608886719
2023-05-09,189.02000427246094,90.79520416259766,36.39561080932617,30.735477447509766,95.02191925048828,73.46219635009766,70.69528198242188,31.349130630493164,125.95697784423828,72.04007720947266
2023-05-10,188.75,91.67628479003906,35.98295593261719,30.563982009887695,94.67766571044922,74.35843658447266,70.58467864990234,31.636491775512695,126.30895233154297,72.40602111816406
2023-05-11,187.1300048828125,92.64545440673828,35.55215835571289,30.516342163085938,94.10391998291016,74.02539825439453,70.7966537475586,31.312639236450195,125.9189453125,72.74268341064453
2023-05-12,186.80999755859375,91.87010955810547,35.606571197509766,30.392484664916992,94.1708755493164,73.92742919921875,71.0731430053711,31.4859619140625,125.7477035522461,72.12791442871094
2023-05-15,187.2100067138672,90.9185562133789,35.7879638671875,30.640195846557617,94.6298599243164,74.53963470458984,70.89801025390625,31.08915138244629,125.5289306640625,72.22061157226562
2023-05-16,184.8699951171875,90.64541625976562,34.908226013183594,30.35437774658203,93.34849548339844,74.61799621582031,70.29898834228516,30.40039825439453,124.48253631591797,71.92786407470703
2023-05-17,184.22999572753906,90.381103515625,35.57936096191406,30.964136123657227,94.95498657226562,75.6121826171875,70.26213073730469,30.29093360900879,124.6347427368164,73.42578125
2023-05-18,181.83999633789062,89.71147155761719,35.83783721923828,31.192794799804688,95.64347076416016,77.15978240966797,69.92113494873047,30.19971466064453,124.33033752441406,74.56746673583984
2023-05-19,183.63999938964844,89.07708740234375,36.11445999145508,31.05940055847168,95.41397094726562,77.12550354003906,69.96722412109375,30.154096603393555,124.91057586669922,73.94294738769531
2023-05-22,183.2100067138672,88.7598876953125,35.96481704711914,31.116573333740234,95.39486694335938,77.27241516113281,68.90737915039062,30.163223266601562,125.03424835205078,73.71361541748047
2023-05-23,183.42999267578125,89.0154037475586,36.35026931762695,30.754526138305664,94.24735260009766,76.13130187988281,68.40052032470703,30.058313369750977,123.6644515991211,73.04029083251953
2023-05-24,181.9499969482422,88.57488250732422,36.50897979736328,30.35437774658203,93.0329360961914,75.57300567626953,67.9581527709961,29.8621826171875,122.81781768798828,72.77194213867188
2023-05-25,180.1999969482422,88.35462188720703,35.86051940917969,30.344852447509766,93.33892059326172,78.4723129272461,67.44204711914062,29.46079444885254,121.5621337890625,72.44506072998047
2023-05-26,180.9199981689453,89.06829833984375,35.719940185546875,30.592559814453125,94.0369873046875,80.7006607055664,67.6724624633789,29.46079444885254,121.31481170654297,74.14787292480469
2023-05-30,182.0399932861328,89.95816040039062,35.35263442993164,30.58303451538086,93.8935546875,81.13164520263672,66.8983154296875,29.346763610839844,120.5633316040039,74.6455307006836
2023-05-31,182.32000732421875,90.7423324584961,34.73137283325195,30.25909996032715,92.61217498779297,80.45579528808594,66.97203063964844,29.615875244140625,121.60020446777344,73.97220611572266
2023-06-01,183.75999450683594,91.0983657836914,35.16217041015625,30.58303451538086,93.79792785644531,81.273681640625,66.91675567626953,29.396936416625977,122.3992691040039,74.84557342529297
2023-06-02,181.0500030517578,90.10008239746094,36.23236083984375,31.249954223632812,96.52322387695312,81.73892974853516,67.83834838867188,29.70254135131836,123.9688720703125,76.60205841064453
2023-06-05,182.13999938964844,89.93225860595703,35.99202346801758,31.08798599243164,95.85384368896484,81.26878356933594,67.58950805664062,29.843935012817383,124.41593170166016,76.83138275146484
2023-06-06,182.33999633789062,90.46228790283203,36.28224563598633,31.478612899780273,96.45628356933594,81.24917602539062,67.2485122680664,29.82112693786621,123.3790512084961,77.63153839111328
2023-06-07,180.14999389648438,89.11949157714844,37.24360656738281,31.602466583251953,98.00540924072266,80.03460693359375,67.02734375,30.327421188354492,122.89392852783203,77.1046142578125
2023-06-08,182.52999877929688,90.16191864013672,37.08488845825195,31.573883056640625,98.17752838134766,80.90147399902344,67.48814392089844,30.459699630737305,123.68346405029297,78.2463150024414
2023-06-09,182.0399932861328,90.03824615478516,36.88083267211914,31.583415985107422,97.91934204101562,81.30304718017578,67.37754821777344,30.281810760498047,124.06397247314453,78.65129852294922
2023-06-12,181.8800048828125,90.30329895019531,36.527122497558594,31.573883056640625,98.61737823486328,83.071044921875,67.35912322998047,30.22707176208496,124.5110855102539,80.00279998779297
2023-06-13,180.5399932861328,89.4110107421875,36.69943618774414,31.764429092407227,99.764892578125,83.57546997070312,67.63558197021484,30.22251319885254,125.1388931274414,80.83224487304688
2023-06-14,180.63999938964844,90.12660217285156,36.323062896728516,31.64057731628418,99.49713134765625,84.43742370605469,68.05030059814453,30.204269409179688,123.85469818115234,80.77371215820312
2023-06-15,181.91000366210938,90.99234008789062,36.72211456298828,32.059783935546875,100.99845123291016,85.52468872070312,68.73228454589844,30.532676696777344,125.7762451171875,81.3006591796875
2023-06-16,181.6300048828125,90.63898468017578,36.66769790649414,31.993099212646484,100.83588409423828,84.8194351196289,68.81522369384766,30.696880340576172,125.76676940917969,81.17866516113281
2023-06-20,179.75,91.26620483398438,35.84700012207031,31.75383949279785,100.08702850341797,84.24622344970703,68.29176330566406,30.336864471435547,125.62538146972656,81.7868423461914
2023-06-21,179.49000549316406,91.48704528808594,36.130638122558594,31.715557098388672,100.64385986328125,82.99964904785156,68.53307342529297,30.580554962158203,125.64447021484375,80.80416870117188
2023-06-22,177.7100067138672,90.38276672363281,35.645713806152344,31.466733932495117,99.91421508789062,83.67691802978516,68.93217468261719,30.346059799194336,126.5041275024414,81.83574676513672
2023-06-23,178.1999969482422,91.28388214111328,35.38954162597656,31.3327579498291,99.15574645996094,82.76898193359375,68.4773941040039,29.90006446838379,126.08385467529297,80.88728332519531
2023-06-26,178.50999450683594,91.38104248046875,36.025413513183594,31.265758514404297,99.9814224243164,82.1751480102539,68.5701904296875,30.194332122802734,125.36746978759766,79.85084533691406
2023-06-27,177.69000244140625,91.14253997802734,36.10776138305664,31.514585494995117,101.1814956665039,83.79470825195312,68.7743911743164,30.203527450561523,125.0809326171875,81.56684875488281
2023-06-28,177.27999877929688,91.53120422363281,36.473731994628906,31.438018798828125,101.1814956665039,83.84378051757812,68.3103256225586,29.75753402709961,124.67974090576172,81.88951110839844
2023-06-29,177.08999633789062,89.87922668457031,36.89459991455078,31.983518600463867,102.1607666015625,83.99102020263672,68.24535369873047,29.75753402709961,125.49165344238281,81.97752380371094
2023-06-30,178.27000427246094,90.93932342529297,37.132484436035156,32.26105499267578,103.03443908691406,85.32592010498047,68.83934783935547,30.08858299255371,126.78114318847656,83.01885223388672
2023-07-03,178.47000122070312,90.42378997802734,37.21940231323242,32.442893981933594,103.05362701416016,85.14433288574219,69.37767028808594,30.313879013061523,125.73998260498047,84.02108001708984
2023-07-05,177.83999633789062,89.5645523071289,37.01354217529297,32.37589645385742,102.49678802490234,84.61920166015625,69.25701904296875,30.658716201782227,125.67315673828125,84.05530548095703
2023-07-06,177.30999755859375,88.2978515625,36.18095397949219,32.09836959838867,101.7287368774414,84.39346313476562,69.08068084716797,30.286285400390625,124.67018127441406,82.70108795166016
2023-07-07,178.63999938964844,87.76634216308594,36.95864486694336,32.14622116088867,101.95914459228516,84.02537536621094,68.18038940429688,30.065589904785156,123.21831512451172,82.80372619628906
2023-07-10,178.77999877929688,87.88150787353516,37.24684524536133,32.28976821899414,103.40886688232422,84.24622344970703,68.16181182861328,29.936845779418945,124.19259643554688,83.05797576904297
2023-07-11,179.4499969482422,88.33328247070312,38.06571578979492,32.67257308959961,104.6281509399414,84.42781066894531,68.26392364501953,30.309276580810547,124.22126770019531,83.75220489501953
2023-07-12,181.8800048828125,89.31654357910156,38.41796112060547,32.883121490478516,104.44573974609375,85.38481903076172,68.42170715332031,30.750673294067383,123.8869400024414,84.50508880615234
2023-07-13,182.00999450683594,90.25548553466797,38.27157211303711,32.99795913696289,104.58014678955078,86.49886322021484,68.70942687988281,30.856422424316406,123.93470764160156,85.29710388183594
2023-07-14,181.42999267578125,89.72401428222656,37.260562896728516,32.7778434753418,104.27291107177734,86.37127685546875,68.94145965576172,30.736886978149414,125.79732513427734,85.51708984375
2023-07-17,181.55999755859375,89.76830291748047,37.187381744384766,33.09366226196289,104.66654205322266,87.47550964355469,68.73727416992188,30.382848739624023,125.22420501708984,85.86421966552734
2023-07-18,183.63999938964844,90.17578887939453,37.5625,33.46689987182617,105.252197265625,88.46688842773438,68.66302490234375,30.148351669311523,126.15074920654297,86.21621704101562
2023-07-19,183.6699981689453,91.19445037841797,37.782081604003906,33.610450744628906,105.20419311523438,88.24603271484375,69.35911560058594,30.456411361694336,126.7333755493164,86.51933288574219
2023-07-20,182.74000549316406,90.08717346191406,38.2258186340332,33.85927963256836,105.67462158203125,86.48414611816406,69.95310974121094,31.01274871826172,128.83477783203125,83.57130432128906
2023-07-21,182.17999267578125,90.11375427246094,38.56435012817383,33.74443817138672,105.17538452148438,86.43998718261719,70.19441986083984,31.477142333984375,130.13385009765625,83.59085083007812
2023-07-24,181.39999389648438,89.78600311279297,39.186500549316406,34.069820404052734,105.41542053222656,86.59211730957031,70.46359252929688,31.394380569458008,129.84727478027344,84.13843536376953
2023-07-25,182.41000366210938,89.6176986694336,39.392364501953125,33.84970474243164,105.281005859375,87.58348846435547,70.44502258300781,31.449556350708008,129.78994750976562,83.94285583496094
2023-07-26,183.3000030517578,89.70626831054688,39.40608596801758,34.05068588256836,106.02024841308594,86.4056167602539,70.528564453125,31.449556350708008,129.70396423339844,83.92330169677734
2023-07-27,180.4199981689453,87.96125030517578,39.154476165771484,33.620025634765625,105.10816955566406,86.15532684326172,69.90670776367188,30.893207550048828,128.74879455566406,83.0530776977539
2023-07-28,181.86000061035156,88.41299438476562,39.27342224121094,33.687015533447266,105.76103210449219,87.32829284667969,70.63064575195312,30.824237823486328,129.13088989257812,84.46109008789062
2023-07-31,182.35000610351562,88.62559509277344,40.01909255981445,33.81142044067383,106.01063537597656,87.52949523925781,70.3058090209961,30.838031768798828,128.1374969482422,84.94020080566406
2023-08-01,180.4600067138672,87.17329406738281,39.83152770996094,33.81142044067383,106.32746124267578,87.67672729492188,69.9252700805664,30.46100616455078,127.46887969970703,83.9770736694336
2023-08-02,179.60000610351562,86.2406234741211,39.310028076171875,33.524322509765625,105.21377563476562,85.50749206542969,70.17586517333984,30.46100616455078,127.55484771728516,82.47130584716797
2023-08-03,179.5399932861328,84.25094604492188,39.7080192565918,33.54345703125,104.55133819580078,85.15907287597656,69.98096466064453,29.7667293548584,126.91487121582031,82.6668472290039
2023-08-04,180.19000244140625,85.74322509765625,39.762908935546875,33.409481048583984,103.91769409179688,84.00084686279297,69.28485870361328,29.421884536743164,126.4659194946289,83.8695297241211
2023-08-07,179.77999877929688,84.89937591552734,39.808650970458984,33.878421783447266,105.194580078125,84.23639678955078,69.85102844238281,29.417285919189453,127.9273452758789,84.72997283935547
2023-08-08,178.63999938964844,85.8853530883789,40.00536346435547,33.572174072265625,104.71455383300781,83.58860778808594,69.3498306274414,29.55522346496582,128.91122436523438,84.05530548095703
2023-08-09,177.7899932861328,86.32946014404297,40.50857925415039,33.32334899902344,104.65695190429688,82.50887298583984,69.4519271850586,29.61959457397461,128.87298583984375,83.05797576904297
2023-08-10,177.60000610351562,84.90824127197266,40.504005432128906,33.35205841064453,104.36892700195312,82.51869201660156,69.31269836425781,29.527637481689453,128.78701782226562,83.25840759277344
2023-08-11,177.60000610351562,84.71283721923828,41.12615966796875,33.41904830932617,104.541748046875,81.91014099121094,69.42408752441406,29.688560485839844,129.58934020996094,82.974853515625
2023-08-14,177.05999755859375,84.52631378173828,40.95232009887695,33.35205841064453,104.58014678955078,83.2155990600586,69.08068084716797,29.454071044921875,129.98098754882812,83.22907257080078
2023-08-15,176.58999633789062,84.01113891601562,40.101444244384766,32.739566802978516,103.24564361572266,82.39600372314453,68.33816528320312,28.975889205932617,129.50338745117188,82.0948486328125
2023-08-16,175.57000732421875,83.3537826538086,39.75375747680664,32.69171142578125,102.66960144042969,81.61077117919922,68.18038940429688,29.104631423950195,128.51956176757812,81.07795715332031
2023-08-17,175.3000030517578,82.99850463867188,40.22952651977539,32.529022216796875,101.80554962158203,80.83533477783203,67.52141571044922,29.040260314941406,127.4975357055664,79.70416259765625
2023-08-18,175.3300018310547,83.2916259765625,40.627525329589844,32.51945495605469,101.99755096435547,80.95803833007812,67.77202606201172,29.191993713378906,127.54527282714844,79.52327728271484
2023-08-21,175.80999755859375,82.18131256103516,40.371341705322266,32.481170654296875,101.87274932861328,82.50397491455078,67.31722259521484,29.00807762145996,127.67899322509766,80.43750762939453
2023-08-22,176.10000610351562,82.81196594238281,40.060264587402344,32.174922943115234,101.63272857666016,82.41072845458984,66.93669128417969,29.09084129333496,127.2300796508789,80.5548324584961
2023-08-23,177.88999938964844,84.86383819580078,39.95961380004883,32.49074172973633,102.67921447753906,83.89775848388672,67.38219451904297,29.20578384399414,127.61217498779297,81.2001724243164
2023-08-24,177.85000610351562,84.30423736572266,39.68513870239258,32.37589645385742,101.43112182617188,81.96411895751953,66.84386444091797,29.03566551208496,126.5041275024414,79.61127471923828
2023-08-25,177.6199951171875,84.57957458496094,40.06941604614258,32.529022216796875,102.28558349609375,82.79844665527344,67.21514129638672,29.25636100769043,127.43065643310547,80.50105285644531
2023-08-28,178.1300048828125,84.66841888427734,40.339317321777344,32.710853576660156,103.12084197998047,83.47570037841797,67.52141571044922,29.251760482788086,127.72679901123047,80.82373046875
2023-08-29,179.8699951171875,85.54778289794922,40.44911193847656,33.007530212402344,103.90809631347656,85.14923858642578,67.76272583007812,29.36211585998535,128.87298583984375,82.84284210205078
2023-08-30,180.32000732421875,85.45899200439453,40.650390625,33.026668548583984,104.3785400390625,85.79216003417969,67.87410736083984,29.228775024414062,128.77749633789062,83.19975280761719
2023-08-31,180.02000427246094,85.8409423828125,40.6778450012207,32.90226745605469,103.90809631347656,86.20931243896484,67.53070831298828,28.948305130004883,127.23963928222656,83.45886993408203
2023-09-01,180.11000061035156,84.50363159179688,41.51042556762695,33.19893264770508,104.45532989501953,86.47431945800781,66.95525360107422,28.801170349121094,127.5835189819336,82.95040893554688
2023-09-05,178.63999938964844,83.31873321533203,41.73000717163086,32.863975524902344,102.69841003417969,86.78352355957031,66.37980651855469,28.35977554321289,126.26534271240234,83.00908660888672
2023-09-06,177.8300018310547,83.52362060546875,41.74831771850586,32.84484100341797,102.25679016113281,85.86578369140625,66.30557250976562,28.424142837524414,125.57762145996094,82.27086639404297
2023-09-07,178.02000427246094,83.75525665283203,41.70713806152344,32.75870132446289,101.92076110839844,84.62411499023438,66.46334838867188,28.796573638916016,126.14115905761719,82.5006332397461
2023-09-08,178.0800018310547,84.07598876953125,42.10971450805664,32.82569885253906,101.41191101074219,84.80079650878906,66.546875,29.049457550048828,126.14115905761719,82.5006332397461
2023-09-11,178.41000366210938,83.47015380859375,41.55617141723633,32.97882080078125,101.44072723388672,85.24249267578125,67.122314453125,29.16899871826172,127.01038360595703,84.72019958496094
2023-09-12,177.49000549316406,83.95130157470703,42.53514862060547,33.19893264770508,101.07589721679688,83.69654846191406,66.546875,29.20578384399414,126.84798431396484,83.95263671875
2023-09-13,177.0800018310547,83.93346405029297,42.21492385864258,33.19893264770508,100.40385437011719,83.90758514404297,66.75106811523438,29.55522346496582,126.86710357666016,84.61753845214844
2023-09-14,177.1699981689453,83.32763671875,42.708988189697266,33.50517654418945,101.39271545410156,84.51616668701172,67.4286117553711,29.987422943115234,127.26828002929688,85.44864654541016
2023-09-15,178.33999633789062,82.81980895996094,42.09141159057617,33.332923889160156,100.80706024169922,82.89167785644531,66.8717269897461,29.858688354492188,126.26534271240234,83.98686981201172
2023-09-18,179.38999938964844,83.2919692993164,42.44810104370117,33.42423629760742,100.91889953613281,83.29007720947266,66.84835815429688,29.836437225341797,126.07352447509766,83.07345581054688
2023-09-19,179.22000122070312,82.67725372314453,42.05177688598633,33.38578796386719,100.4947509765625,83.24578857421875,66.68952178955078,29.6742000579834,126.17902374267578,82.65716552734375
2023-09-20,179.35000610351562,82.9356460571289,41.66006088256836,33.15507888793945,100.09951782226562,81.93755340576172,66.75492858886719,29.702014923095703,126.18860626220703,81.83436584472656
2023-09-21,178.0500030517578,80.80632019042969,41.088623046875,32.607139587402344,98.46076202392578,80.68831634521484,65.89525604248047,29.391462326049805,125.08563995361328,79.60104370117188
2023-09-22,178.6199951171875,81.45668029785156,41.157737731933594,32.35720443725586,98.12335968017578,80.86045837402344,65.54017639160156,29.335838317871094,124.8266830444336,78.81742858886719
2023-09-25,177.6999969482422,79.45213317871094,41.67388153076172,32.43410873413086,98.614990234375,81.12112426757812,65.30655670166016,29.29412269592285,125.50765228271484,79.30228424072266
2023-09-26,176.27999877929688,79.17595672607422,41.43425369262695,32.00152587890625,97.11119079589844,79.66040802001953,64.82067108154297,28.418081283569336,124.44305419921875,77.85748291015625
2023-09-27,174.10000610351562,78.76612854003906,42.46653366088867,31.953462600708008,97.83415985107422,79.78337097167969,64.2880630493164,27.871135711669922,123.81963348388672,77.5587387084961
2023-09-28,173.22999572753906,79.00669860839844,42.51261901855469,32.184173583984375,98.24868774414062,80.34896850585938,64.48429107666016,27.268566131591797,124.41427612304688,78.42562103271484
2023-09-29,171.4499969482422,79.01561737060547,41.655452728271484,31.886167526245117,97.7281265258789,80.6243896484375,64.29740142822266,27.314918518066406,123.474365234375,78.84190368652344
2023-10-02,169.64999389648438,77.69285583496094,40.82593536376953,31.617008209228516,96.77378845214844,81.48999786376953,63.858219146728516,26.044883728027344,123.3017349243164,78.90558624267578
2023-10-03,169.16000366210938,76.02155303955078,40.79829025268555,31.117128372192383,96.09901428222656,80.10797882080078,63.40035629272461,26.34617042541504,122.20834350585938,76.9857177734375
2023-10-04,169.13999938964844,77.09403991699219,39.517147064208984,31.347843170166016,96.40748596191406,81.10637664794922,63.90494918823242,26.318359375,122.72627258300781,78.50397491455078
2023-10-05,168.8300018310547,76.7097396850586,39.27290725708008,31.492034912109375,95.83872985839844,81.2145767211914,62.64347457885742,26.1653995513916,123.39764404296875,78.11216735839844
2023-10-06,169.6999969482422,75.78022003173828,39.507930755615234,31.76120376586914,97.14973449707031,82.73429870605469,62.297733306884766,26.536211013793945,124.69242095947266,78.66069793701172
2023-10-09,172.82000732421875,77.55878448486328,40.82593536376953,31.780426025390625,98.6728286743164,83.16218566894531,62.35381317138672,26.8004150390625,125.12401580810547,78.74397277832031
2023-10-10,172.52999877929688,77.4515609741211,40.87663650512695,32.011138916015625,99.2705078125,83.29007720947266,62.98920822143555,27.16659164428711,125.71864318847656,79.60594940185547
2023-10-11,173.7899932861328,79.0692138671875,40.35127639770508,32.05919647216797,99.8681640625,84.0622329711914,62.55937576293945,27.606929779052734,125.16239929199219,79.88999938964844
2023-10-12,173.25999450683594,76.9242172241211,40.39736557006836,31.857330322265625,98.9620361328125,84.14091491699219,61.87724685668945,27.180496215820312,124.08818817138672,79.01822662353516
2023-10-13,178.8300018310547,78.30058288574219,41.28677749633789,31.92461585998535,98.08480072021484,82.93595886230469,62.419219970703125,27.48641586303711,124.86505126953125,77.85748291015625
2023-10-16,177.9600067138672,77.04041290283203,41.56328201293945,32.26107406616211,99.12589263916016,83.73270416259766,63.06396484375,27.769161224365234,125.80496215820312,79.11618041992188
2023-10-17,178.2899932861328,76.19136810302734,41.99647521972656,32.41488265991211,99.43438720703125,83.34416961669922,63.33493423461914,27.694997787475586,125.63233947753906,79.30228424072266
2023-10-18,180.8699951171875,75.52106475830078,42.378971099853516,31.857330322265625,97.03407287597656,82.48838806152344,63.56855392456055,27.453969955444336,124.5389633178711,77.4411849975586
2023-10-19,183.08999633789062,73.97486877441406,42.305240631103516,31.43436050415039,96.1375732421875,82.01624298095703,63.10133743286133,27.180496215820312,123.31132507324219,75.4625473022461
2023-10-20,183.58999633789062,74.39495849609375,41.59554672241211,30.953712463378906,95.14466094970703,80.62931823730469,62.858402252197266,26.89775276184082,122.8221664428711,74.29202270507812
2023-10-23,182.97000122070312,75.28871154785156,40.92271423339844,30.761455535888672,94.70123291015625,80.72276306152344,62.73692321777344,26.670629501342773,122.0549087524414,74.38016510009766
2023-10-24,182.9499969482422,76.28072357177734,40.34666442871094,30.97294044494629,95.41458892822266,81.27851867675781,63.26954650878906,27.356632232666016,122.42894744873047,75.17359924316406
2023-10-25,183.72000122070312,74.5826416015625,40.27293395996094,30.857580184936523,94.1903305053711,80.31945037841797,63.48445510864258,27.509592056274414,121.33558654785156,73.65533447265625
2023-10-26,184.00999450683594,75.72663116455078,39.95956039428711,30.7902889251709,93.79510498046875,78.78497314453125,63.073299407958984,27.74598503112793,120.13670349121094,72.50439453125
2023-10-27,186.14999389648438,75.40486145019531,39.000999450683594,30.23274040222168,92.9660873413086,79.24236297607422,62.21365737915039,27.222213745117188,118.1034164428711,73.26351928710938
2023-10-30,185.10000610351562,75.06526947021484,39.130043029785156,30.77106475830078,94.12284851074219,80.09321594238281,63.18545150756836,27.430797576904297,118.76519775390625,73.93450164794922
2023-10-31,184.08999633789062,74.69878387451172,39.25907897949219,31.107515335083008,94.81692504882812,80.66373443603516,63.40968704223633,27.667186737060547,119.4461441040039,74.4928207397461
2023-11-01,183.50999450683594,76.31844329833984,39.166908264160156,31.309389114379883,95.12538146972656,82.22279357910156,63.34429168701172,27.982376098632812,119.69551086425781,75.41357421875
2023-11-02,184.1199951171875,78.05827331542969,40.35127639770508,32.049598693847656,97.08226013183594,83.61466217041016,64.16659545898438,28.506147384643555,121.59452819824219,77.38241577148438
2023-11-03,184.7899932861328,78.58737182617188,39.945735931396484,32.472557067871094,97.9402084350586,84.47535705566406,64.24134063720703,28.67301368713379,122.19876098632812,78.46968078613281
2023-11-06,183.35000610351562,77.82508850097656,39.494102478027344,32.37643051147461,97.6799545288086,85.03112030029297,64.3441162109375,28.598852157592773,123.01398468017578,78.56765747070312
2023-11-07,182.58999633789062,78.97301483154297,38.61850357055664,32.328365325927734,97.4389419555664,85.96064758300781,64.50297546386719,28.390270233154297,123.10031127929688,79.44432067871094
2023-11-08,180.77000427246094,80.31822967529297,38.13462829589844,32.36681365966797,97.66065979003906,86.44756317138672,64.25067901611328,28.18168830871582,122.92765808105469,79.23371887207031
2023-11-09,181.49000549316406,78.47081756591797,38.01941680908203,32.23223876953125,97.44857025146484,86.04425811767578,63.98904800415039,27.81087875366211,120.38606262207031,77.754638671875
2023-11-10,179.50999450683594,78.91027069091797,38.438777923583984,32.59752655029297,98.85597229003906,88.29188537597656,64.43756866455078,27.959203720092773,121.10538482666016,79.04761505126953
2023-11-13,180.50999450683594,78.73088073730469,38.71528625488281,32.549461364746094,98.94274139404297,87.77546691894531,64.64313507080078,27.625471115112305,121.8055419921875,79.38555145263672
2023-11-14,182.1199951171875,80.51551818847656,39.06092071533203,33.164695739746094,100.92854309082031,89.53128051757812,65.30655670166016,28.728633880615234,122.63035583496094,82.05965423583984
2023-11-15,181.63999938964844,79.38556671142578,38.9871826171875,33.34733200073242,101.14061737060547,89.64441680908203,65.82984161376953,28.640567779541016,122.72627258300781,82.1576156616211
2023-11-16,183.69000244140625,80.3720474243164,38.22678756713867,33.48192596435547,101.1598892211914,90.09195709228516,65.01689910888672,28.793527603149414,123.25376892089844,81.3152084350586
2023-11-17,183.6699981689453,80.74868774414062,39.02865219116211,33.65494918823242,101.8057632446289,89.90507507324219,64.93280792236328,28.872323989868164,123.00440979003906,81.85885620117188
2023-11-20,183.3699951171875,81.241943359375,39.083961486816406,33.78953170776367,102.11422729492188,91.20838928222656,64.88609313964844,28.784255981445312,123.75250244140625,82.280029296875
2023-11-21,185.35000610351562,81.20606231689453,38.996395111083984,33.77030944824219,102.03711700439453,90.47066497802734,65.08232116699219,28.844512939453125,124.50059509277344,82.0694351196289
2023-11-22,184.55999755859375,81.49305725097656,38.977970123291016,33.90488815307617,102.25883483886719,90.87395477294922,65.54952239990234,28.983572006225586,125.09522247314453,82.31922149658203
2023-11-24,185.52000427246094,80.5334701538086,39.13925552368164,34.0106315612793,102.50945281982422,90.6968994140625,65.79248046875,29.05773162841797,125.7666244506836,82.39759063720703
2023-11-27,186.77000427246094,81.87867736816406,39.000999450683594,33.895267486572266,101.93107604980469,90.69198608398438,65.60559844970703,29.104082107543945,124.98013305664062,82.52982330322266
2023-11-28,189.25999450683594,82.04010009765625,39.01022720336914,33.88566970825195,101.69007873535156,90.86412811279297,65.90460968017578,29.196788787841797,124.33756256103516,83.0048828125
2023-11-29,189.5399932861328,83.07142639160156,38.71989059448242,34.12598419189453,102.07567596435547,90.93297576904297,65.37197875976562,28.965030670166016,124.37590789794922,82.77960205078125
2023-11-30,188.75,82.11186981201172,38.977970123291016,34.5105094909668,103.19390106201172,91.0657730102539,66.02606964111328,29.090177536010742,125.93922424316406,82.66205596923828
2023-12-01,192.00999450683594,83.65835571289062,39.18073272705078,34.770050048828125,104.82302856445312,91.2723388671875,66.29705810546875,29.447086334228516,126.43798828125,83.79340362548828
2023-12-04,187.86000061035156,83.32547760009766,39.000999450683594,34.73160934448242,104.99652099609375,90.16082000732422,66.38115692138672,29.331205368041992,126.677734375,83.47506713867188
2023-12-05,187.14999389648438,85.11578369140625,38.3189582824707,34.558570861816406,104.14823150634766,90.70182037353516,65.8578872680664,29.122621536254883,126.51469421386719,83.62199401855469
2023-12-06,187.83999633789062,86.24932098388672,37.74751281738281,34.385536193847656,104.61092376708984,89.9345932006836,65.68968200683594,29.511974334716797,126.6106185913086,83.74443054199219
2023-12-07,188.14999389648438,85.75453186035156,37.489444732666016,34.54895782470703,104.70733642578125,91.02642059326172,65.97001647949219,29.447086334228516,126.45718383789062,84.43499755859375
2023-12-08,185.63999938964844,85.05281066894531,37.894989013671875,34.73160934448242,105.03508758544922,91.80350494384766,65.51213836669922,29.391462326049805,126.66816711425781,84.82191467285156
2023-12-11,183.58999633789062,84.87289428710938,37.941078186035156,34.94308853149414,106.03762817382812,92.60516357421875,66.1382064819336,29.58150291442871,127.50259399414062,85.04720306396484
2023-12-12,183.49000549316406,85.12478637695312,37.42031478881836,35.193023681640625,106.51960754394531,93.21995544433594,66.3531265258789,29.460988998413086,128.04925537109375,85.31168365478516
2023-12-13,187.6300048828125,87.12198638916016,37.941078186035156,35.760189056396484,107.705322265625,94.04129791259766,67.55853271484375,30.573423385620117,130.40866088867188,86.42832946777344
2023-12-14,188.72999572753906,89.3883056640625,39.056312561035156,36.115867614746094,109.09343719482422,93.81014251708984,66.56803894042969,30.174802780151367,129.775634765625,87.58906555175781
2023-12-15,187.0,89.487548828125,38.84893035888672,35.904380798339844,108.94884490966797,94.28228759765625,66.56803894042969,29.651033401489258,128.67266845703125,87.77027893066406
2023-12-18,187.85000610351562,88.7745590209961,39.16624450683594,36.02417755126953,108.9439926147461,94.5642318725586,67.260986328125,29.584123611450195,128.8826904296875,88.31488037109375
2023-12-19,189.1300048828125,89.25292205810547,39.63616180419922,36.29467010498047,109.7872314453125,94.9240493774414,67.3927993774414,29.752561569213867,129.74974060058594,89.0066909790039
2023-12-20,188.10000610351562,89.85762786865234,39.26859664916992,35.64741516113281,108.01351165771484,93.48968505859375,66.08409881591797,29.14899253845215,127.87113952636719,87.38268280029297
2023-12-21,189.42999267578125,89.28902435302734,39.422142028808594,35.99518966674805,109.12814331054688,94.53958892822266,66.54544067382812,29.200458526611328,129.4318084716797,88.71228790283203
2023-12-22,190.27000427246094,88.88285827636719,39.53845977783203,36.07247543334961,109.65154266357422,94.6628189086914,67.05384826660156,29.2987117767334,130.07730102539062,88.05975341796875
2023-12-26,191.72000122070312,89.13555908203125,39.87809753417969,36.2173957824707,110.42695617675781,95.05713653564453,67.33629608154297,29.476511001586914,130.36634826660156,88.43264770507812
2023-12-27,192.58999633789062,90.71503448486328,39.70130157470703,36.33331298828125,110.59173583984375,95.05220794677734,67.64700317382812,29.457794189453125,130.9154510498047,88.73683166503906
2023-12-28,191.47000122070312,90.05616760253906,39.09645080566406,36.439579010009766,110.62079620361328,95.16558074951172,67.67523956298828,29.6683406829834,131.2526397705078,88.275634765625
2023-12-29,191.1699981689453,89.2438735961914,39.0080451965332,36.323646545410156,110.48509979248047,94.87476348876953,67.81646728515625,29.63091468811035,131.3875274658203,87.73101806640625
2024-01-02,190.72000122070312,88.72942352294922,39.426788330078125,36.478214263916016,109.3704605102539,92.39049530029297,68.5790786743164,30.06136131286621,133.69964599609375,86.91657257080078
2024-01-03,189.1300048828125,89.09947967529297,40.06886291503906,36.16908264160156,107.74211883544922,91.4490737915039,68.04243469238281,30.17365074157715,133.47808837890625,85.16008758544922
2024-01-04,189.32000732421875,87.74565887451172,39.36631393432617,36.313995361328125,107.87781524658203,90.77869415283203,67.94827270507812,30.080074310302734,134.14283752441406,84.56151580810547
2024-01-05,189.35000610351562,86.90628814697266,39.39887619018555,36.46855926513672,108.0038070678711,90.7540512084961,67.79763793945312,30.19236946105957,134.0272216796875,84.6939697265625
2024-01-08,187.8699951171875,87.7636947631836,38.942909240722656,36.700416564941406,108.71137237548828,93.03130340576172,68.29664611816406,30.412269592285156,135.21218872070312,86.1364517211914
2024-01-09,187.92999267578125,87.2041244506836,38.319454193115234,36.46855926513672,108.37213134765625,93.17916107177734,68.47552490234375,30.16429328918457,135.19293212890625,85.81754302978516
2024-01-10,187.5,86.79798126220703,37.94258117675781,36.52652359008789,108.92459869384766,93.97273254394531,68.33428955078125,30.159616470336914,135.80946350097656,86.50444030761719
2024-01-11,187.8699951171875,87.28535461425781,38.0402946472168,36.39126968383789,108.672607421875,94.45085906982422,68.32488250732422,29.457794189453125,135.71315002441406,86.39157104492188
2024-01-12,189.7100067138672,87.11384582519531,38.46833801269531,36.323646545410156,108.66291046142578,94.75646209716797,68.54143524169922,29.62623405456543,135.3759765625,85.35143280029297
2024-01-16,187.91000366210938,85.57953643798828,37.551761627197266,36.07247543334961,107.56766510009766,94.99305725097656,68.1648178100586,29.303394317626953,134.5666961669922,85.25330352783203
2024-01-17,185.83999633789062,85.44416046142578,37.24003601074219,36.00484848022461,106.8407211303711,94.52479553222656,68.11774444580078,28.877622604370117,134.2969512939453,84.50752258300781
2024-01-18,187.3699951171875,84.64993286132812,37.17954635620117,36.06282043457031,108.284912109375,96.44220733642578,68.03301239013672,28.56882095336914,134.27769470214844,84.98836517333984
2024-01-19,187.92999267578125,84.92068481445312,37.300514221191406,36.64244842529297,108.9924545288086,98.66521453857422,67.8353042602539,28.531389236450195,134.35479736328125,85.8077163696289
2024-01-22,187.22000122070312,85.42607879638672,37.440093994140625,36.816341400146484,109.83570098876953,99.09898376464844,67.50577545166016,28.386348724365234,134.9424591064453,85.429931640625
2024-01-23,187.9499969482422,84.74920654296875,37.51919174194336,36.87429428100586,109.74846649169922,99.49822998046875,68.24015045166016,28.43781280517578,134.8460693359375,85.22386169433594
2024-01-24,186.39999389648438,84.25279235839844,38.05424499511719,37.019203186035156,109.06999206542969,100.18336486816406,67.4021987915039,28.049474716186523,133.6129913330078,84.9000473022461
2024-01-25,187.13999938964844,84.80335998535156,38.91034698486328,37.202762603759766,110.11678314208984,100.60234832763672,68.05184173583984,28.55478286743164,133.41061401367188,83.8500747680664
2024-01-26,187.00999450683594,84.64087677001953,39.19881057739258,37.338016510009766,109.94231414794922,99.44400787353516,68.38137817382812,28.639001846313477,134.17172241210938,84.23277282714844
2024-01-29,188.3300018310547,85.61564636230469,39.142974853515625,37.43461227416992,110.6595687866211,100.35589599609375,68.77680206298828,28.821475982666016,135.11585998535156,85.46428680419922
2024-01-30,188.58999633789062,86.39183044433594,39.54775619506836,37.907981872558594,110.6983413696289,99.52780151367188,69.1628189086914,28.81212043762207,135.4241180419922,85.41522216796875
2024-01-31,188.4499969482422,87.24024200439453,38.8079833984375,37.44427490234375,109.4189224243164,97.43787384033203,68.65441131591797,28.751296997070312,135.2410888671875,83.85989379882812
2024-02-01,190.41000366210938,88.95154571533203,38.8033332824707,37.502235412597656,111.27987670898438,98.66521453857422,70.0572509765625,29.2987117767334,136.9944610595703,85.4740982055664
2024-02-02,188.61000061035156,86.9866943359375,38.85915756225586,37.65680694580078,112.0262222290039,99.68553161621094,69.83128356933594,28.770009994506836,136.7921600341797,86.99998474121094
2024-02-05,187.57000732421875,85.2301254272461,38.76145935058594,37.43461227416992,111.41557312011719,99.91226959228516,69.398193359375,28.171119689941406,137.21603393554688,85.77337646484375
2024-02-06,188.5500030517578,86.06314849853516,38.8870849609375,37.51189422607422,112.4139175415039,99.4538803100586,69.5582504272461,28.2740535736084,138.7092742919922,86.29346466064453
2024-02-07,188.5,85.64665222167969,38.96617889404297,37.79205322265625,113.16024780273438,100.76993560791016,69.49234008789062,28.29277229309082,139.0850067138672,87.26002502441406
2024-02-08,188.3300018310547,85.14864349365234,39.36631393432617,37.64714431762695,113.17961883544922,101.08538818359375,69.4735107421875,28.09157943725586,138.84420776367188,87.64270782470703
2024-02-09,187.60000610351562,84.97660064697266,38.76145935058594,37.75341796875,113.35409545898438,102.44581604003906,68.83329772949219,28.199195861816406,138.73818969726562,88.26581573486328
2024-02-12,187.11000061035156,85.07617950439453,39.18950653076172,37.92729568481445,113.51886749267578,101.66703033447266,69.32286834716797,28.52671241760254,138.92123413085938,88.19223022460938
2024-02-13,184.52999877929688,83.61842346191406,38.79402542114258,37.4152946472168,112.35575866699219,99.94184875488281,68.5790786743164,28.054147720336914,137.6302947998047,86.43574523925781
2024-02-14,184.4199981689453,84.04399108886719,38.75680923461914,37.772727966308594,114.23612213134766,100.98680877685547,68.44727325439453,28.20854949951172,138.8249053955078,87.34832763671875
2024-02-15,185.66000366210938,84.47860717773438,39.83622741699219,38.419986724853516,115.08906555175781,100.77486419677734,68.8897933959961,28.681110382080078,139.8364715576172,88.35903930664062
2024-02-16,186.33999633789062,83.98966217041016,39.812965393066406,38.28474426269531,114.40087890625,99.84820556640625,68.99334716796875,28.648361206054688,140.2892608642578,87.83406066894531
2024-02-20,187.47000122070312,84.06208801269531,39.45005416870117,38.178470611572266,114.04226684570312,98.83279418945312,69.71831512451172,28.6296443939209,139.81719970703125,87.0048828125
2024-02-21,187.47999572753906,83.46449279785156,40.18982696533203,38.294410705566406,114.49781036376953,98.21173095703125,69.97251892089844,29.008628845214844,140.12550354003906,87.64762878417969
2024-02-22,187.55999755859375,83.87196350097656,40.25961685180664,38.7387809753418,115.91291809082031,101.4255142211914,70.18907165527344,28.784046173095703,141.7729034423828,89.35013580322266
2024-02-23,188.6199951171875,84.99469757080078,39.99441146850586,38.9319953918457,116.52354431152344,101.18889617919922,70.40560913085938,28.989912033081055,142.447265625,88.94779968261719
2024-02-26,188.1999969482422,84.74118041992188,40.13399887084961,38.7387809753418,116.34909057617188,101.28748321533203,70.12315368652344,28.419097900390625,141.71507263183594,89.22257232666016
2024-02-27,188.0,84.14360046386719,39.96185302734375,38.84505081176758,116.52354431152344,101.37620544433594,70.132568359375,28.9571590423584,141.36827087402344,89.51695251464844
2024-02-28,188.33999633789062,84.67778778076172,39.88275146484375,38.98995590209961,116.92094421386719,100.89808654785156,70.20787811279297,29.046056747436523,140.6649932861328,89.8702163696289
2024-02-29,189.30999755859375,85.27540588378906,40.07816696166992,38.970645904541016,117.2795639038086,102.02192687988281,70.09490203857422,29.0554141998291,139.5185546875,90.4786148071289
2024-03-01,192.88999938964844,85.80674743652344,40.543434143066406,38.922340393066406,117.78357696533203,103.88510131835938,70.10432434082031,28.877622604370117,140.98292541503906,90.77790069580078
2024-03-04,196.00999450683594,85.46160125732422,40.11073684692383,39.018943786621094,118.21004486083984,103.88510131835938,70.16081237792969,29.36421775817871,140.77096557617188,89.55130767822266
2024-03-05,197.19000244140625,86.67871856689453,40.40850830078125,39.02860641479492,117.24079895019531,101.33183288574219,70.33027648925781,29.279998779296875,139.7208709716797,88.43754577636719
2024-03-06,198.80999755859375,87.18734741210938,40.53413009643555,39.231475830078125,117.85140991210938,102.13528442382812,70.92343139648438,29.560728073120117,140.67465209960938,88.12355041503906
2024-03-07,199.94000244140625,87.1056137084961,40.8784294128418,39.17351531982422,118.80128479003906,103.74708557128906,71.32827758789062,29.752561569213867,141.32972717285156,88.79571533203125
2024-03-08,201.6300048828125,86.95120239257812,41.02265548706055,39.24113464355469,118.53960418701172,102.20428466796875,70.76338195800781,29.827421188354492,141.06961059570312,88.46697998046875
2024-03-11,202.0,86.90579223632812,41.44605255126953,39.30876159667969,117.92897033691406,101.92333221435547,71.14940643310547,29.977140426635742,140.9925537109375,88.22657775878906
2024-03-12,199.7899932861328,86.17916107177734,41.38092041015625,39.47298812866211,118.45235443115234,104.01326751708984,71.5165786743164,29.687057495117188,141.6476287841797,88.9870376586914
2024-03-13,201.19000244140625,85.76133728027344,42.04159927368164,39.7628059387207,118.77220916748047,102.88943481445312,71.6954574584961,29.88824462890625,141.09852600097656,88.8006362915039
2024-03-14,200.35000610351562,84.44429779052734,42.47429656982422,39.44401550292969,118.26819610595703,102.90914154052734,71.13996124267578,29.649625778198242,140.59754943847656,88.23638153076172
2024-03-15,199.7100067138672,84.41705322265625,42.59991455078125,39.40536117553711,118.2875747680664,101.35648345947266,71.11173248291016,29.69173812866211,140.03878784179688,87.35814666748047
2024-03-18,200.02999877929688,84.1627426147461,42.747196197509766,39.63130187988281,118.49758911132812,101.85465240478516,71.56887817382812,29.828540802001953,140.02235412597656,88.025390625
2024-03-19,199.8000030517578,84.3989028930664,43.234981536865234,39.82524108886719,119.51844787597656,102.38292694091797,71.83444213867188,30.092721939086914,140.9505615234375,88.78754425048828
2024-03-20,202.17999267578125,84.37165832519531,43.174015045166016,40.300392150878906,120.95738983154297,103.52837371826172,72.0525894165039,30.130455017089844,140.6314697265625,90.11022186279297
2024-03-21,201.97000122070312,84.55330657958984,43.43196487426758,40.630088806152344,122.15324401855469,103.6024169921875,72.09051513671875,30.083284378051758,140.81520080566406,90.63636016845703
2024-03-22,200.35000610351562,85.36167907714844,43.33816909790039,40.16462707519531,121.73516845703125,103.63697814941406,71.7396011352539,30.125741958618164,140.62181091308594,89.84469604492188
2024-03-25,200.99000549316406,84.93478393554688,43.74152755737305,40.00947952270508,120.94766235351562,102.95072174072266,71.5404281616211,30.267271041870117,140.42843627929688,89.54967498779297
2024-03-26,201.63999938964844,85.17094421386719,43.40382766723633,40.14524459838867,120.51013946533203,102.526123046875,71.578369140625,29.92289161682129,140.94088745117188,89.66277313232422
2024-03-27,203.10000610351562,86.01566314697266,43.80718994140625,40.620384216308594,122.4449234008789,103.04945373535156,72.32762145996094,30.757883071899414,142.8166046142578,90.70027923583984
2024-03-28,205.72000122070312,85.94300842285156,44.28091812133789,40.84341812133789,122.46435546875,102.82730102539062,72.42247009277344,30.970165252685547,142.83595275878906,90.42000579833984
2024-04-01,207.82000732421875,84.34092712402344,44.60923385620117,40.620384216308594,121.52128601074219,103.1136474609375,71.84393310546875,30.78146743774414,141.6177215576172,89.7463607788086
2024-04-02,210.88999938964844,83.87615203857422,45.2330436706543,40.40705871582031,120.95738983154297,102.12126922607422,71.47402954101562,30.833364486694336,139.41322326660156,88.42366790771484
2024-04-03,212.74000549316406,83.85792541503906,45.54259490966797,40.387664794921875,121.57962036132812,102.39280700683594,70.68682861328125,30.710710525512695,139.25851440429688,88.48759460449219
2024-04-04,211.52000427246094,84.45938110351562,45.51445770263672,39.93191146850586,120.51013946533203,100.77339935302734,70.38333129882812,30.64937973022461,137.2474365234375,87.4500961303711
2024-04-05,215.13999938964844,83.2838134765625,46.00224304199219,40.31009292602539,122.1823959350586,101.92871856689453,70.49714660644531,30.73902130126953,138.47535705566406,87.9368896484375
2024-04-08,216.47999572753906,83.27469635009766,45.71144485473633,40.4846305847168,121.968505859375,101.81022644042969,70.392822265625,30.941862106323242,138.03057861328125,88.77277374267578
2024-04-09,217.6699981689453,84.04930877685547,45.72551345825195,40.25190734863281,121.68656921386719,102.32369232177734,70.7342529296875,31.111692428588867,138.523681640625,89.19074249267578
2024-04-10,215.61000061035156,82.21760559082031,45.86622619628906,39.650691986083984,120.64625549316406,101.06964874267578,70.4781723022461,30.57862091064453,136.8993377685547,87.81394958496094
2024-04-11,219.8000030517578,81.84395599365234,45.83338928222656,39.36949157714844,120.78237915039062,103.0889663696289,70.30745697021484,30.517292022705078,136.33856201171875,88.52201080322266
2024-04-12,216.88999938964844,82.2813949584961,45.08763885498047,38.84585189819336,119.48929595947266,101.42019653320312,69.59613037109375,30.286134719848633,134.3081512451172,87.08623504638672
2024-04-15,220.9499969482422,81.00558471679688,44.6655158996582,38.651912689208984,118.63370513916016,99.49468231201172,69.31159973144531,30.0078067779541,134.0373992919922,85.63569641113281
2024-04-16,221.22000122070312,80.46788787841797,44.27622604370117,38.390098571777344,118.3614730834961,99.6131591796875,69.3400650024414,29.61153793334961,134.0857696533203,85.14889526367188
2024-04-17,219.58999633789062,81.3609848022461,44.14958572387695,38.487060546875,117.74896240234375,98.17642211914062,69.59613037109375,30.229524612426758,133.85372924804688,84.7358627319336
2024-04-18,220.33999633789062,80.95089721679688,44.01356506347656,38.622825622558594,117.34061431884766,97.0556869506836,69.91861724853516,30.399356842041016,133.84402465820312,84.20973205566406
2024-04-19,221.02999877929688,81.24250030517578,44.54357147216797,39.15615463256836,117.12672424316406,95.05612182617188,70.60148620605469,30.86638832092285,134.3468017578125,83.4721908569336
2024-04-22,215.57000732421875,81.1058120727539,44.8343620300293,39.63130187988281,118.011474609375,95.90531158447266,71.27486419677734,31.149431228637695,134.85926818847656,83.84095764160156
2024-04-23,215.0399932861328,81.13314819335938,45.08295440673828,39.8834228515625,119.65457153320312,97.32723236083984,71.47402954101562,31.295673370361328,136.61898803710938,84.83912658691406
2024-04-24,214.63999938964844,80.55902862548828,45.11578369140625,39.87372970581055,118.70175170898438,97.7715835571289,72.01464080810547,31.484375,136.1935272216797,85.65045166015625
2024-04-25,215.9199981689453,79.99402618408203,45.32215118408203,39.6410026550293,119.0615005493164,97.55928802490234,71.84393310546875,31.569286346435547,135.28466796875,85.72421264648438
2024-04-26,216.6199951171875,80.4132308959961,44.90471649169922,39.58281326293945,119.25595092773438,98.66028594970703,71.69216918945312,31.224916458129883,135.32334899902344,86.49617767333984
2024-04-29,216.17999267578125,81.08757781982422,45.20958709716797,39.524635314941406,120.05318450927734,99.08488464355469,71.9197998046875,31.649478912353516,135.77777099609375,88.50726318359375
2024-04-30,211.8699951171875,80.39497375488281,43.86347579956055,39.13676452636719,118.14757537841797,96.90263366699219,71.6068115234375,31.484375,135.68109130859375,86.35358428955078
2024-05-01,213.7899932861328,80.98757934570312,43.16462707519531,39.13676452636719,117.85591125488281,95.91024780273438,71.15156555175781,31.847614288330078,135.92282104492188,85.81270599365234
2024-05-02,213.1300048828125,81.33509826660156,43.4132080078125,39.233734130859375,118.53648376464844,97.29266357421875,71.74909210205078,32.017452239990234,135.8261260986328,86.89446258544922
2024-05-03,212.9600067138672,82.15814971923828,43.41790008544922,39.32099914550781,119.36289978027344,100.00321197509766,71.96721649169922,32.27219009399414,136.16452026367188,87.47958374023438
2024-05-06,215.1999969482422,82.47821807861328,43.760292053222656,39.82524108886719,120.5684814453125,101.17825317382812,72.0051498413086,32.43730545043945,136.71563720703125,88.4138412475586
2024-05-07,214.2100067138672,82.98118591308594,43.718074798583984,39.961002349853516,120.8990478515625,100.84746551513672,72.7923583984375,32.805267333984375,137.84689331054688,87.77954864501953
2024-05-08,213.5800018310547,82.47821807861328,43.66648483276367,40.10645294189453,120.8990478515625,101.13382720947266,72.57422637939453,33.149635314941406,137.3731231689453,87.4500961303711
2024-05-09,216.9499969482422,82.8805923461914,44.252769470214844,40.40705871582031,122.10462951660156,101.10420227050781,73.20018768310547,33.6544075012207,138.55270385742188,88.04505920410156
2024-05-10,218.7100067138672,82.41419219970703,44.00887680053711,40.56221008300781,122.19212341308594,101.47943115234375,73.61749267578125,33.62138366699219,138.8330841064453,87.5730209350586
2024-05-13,216.25999450683594,82.6245346069336,43.89162063598633,40.39735794067383,121.67684173583984,101.95834350585938,73.4088363647461,33.62138366699219,138.69775390625,87.45993041992188
2024-05-14,218.08999633789062,83.0909194946289,43.947898864746094,40.60099411010742,121.64766693115234,102.86185455322266,73.26658630371094,33.71101760864258,139.28753662109375,87.85820007324219
2024-05-15,220.88999938964844,84.22489929199219,44.0463981628418,40.9015998840332,122.4449234008789,105.1773910522461,73.31400299072266,34.21579360961914,141.3566436767578,87.990966796875
2024-05-16,220.02999877929688,84.14259338378906,43.92445373535156,40.9015998840332,121.71573638916016,104.81205749511719,74.35726928710938,34.09784698486328,141.19224548339844,87.42058563232422
2024-05-17,223.66000366210938,83.57559967041016,44.538875579833984,41.202205657958984,121.85185241699219,104.58000946044922,74.17707824707031,34.12615203857422,141.46299743652344,87.8680419921875
2024-05-20,224.55999755859375,83.32867431640625,44.24808120727539,40.63978958129883,122.0851821899414,105.80935668945312,73.6649169921875,34.06954574584961,141.1632537841797,87.21407318115234
2024-05-21,224.22999572753906,83.75849914550781,44.03232955932617,40.9015998840332,121.68656921386719,105.982177734375,74.1011962890625,34.376182556152344,141.40496826171875,87.77461242675781
2024-05-22,220.11000061035156,83.85910034179688,43.18807601928711,40.66887283325195,121.8323974609375,106.21916198730469,73.80718231201172,33.97047805786133,141.65635681152344,86.86003875732422
2024-05-23,215.72000122070312,83.31954956054688,42.79409408569336,40.10645294189453,120.39348602294922,105.35513305664062,72.93462371826172,33.39494323730469,140.10939025878906,85.4537582397461
2024-05-24,215.9199981689453,83.56645965576172,42.855064392089844,40.348873138427734,121.00599670410156,106.24384307861328,73.12429809570312,33.729881286621094,139.6356201171875,86.31423950195312
2024-05-28,218.19000244140625,82.36847686767578,43.29595184326172,39.90282440185547,119.52818298339844,106.69312286376953,72.55525207519531,33.69686508178711,137.94358825683594,86.10281372070312
2024-05-29,216.16000366210938,81.37166595458984,42.53143310546875,39.58281326293945,117.83645629882812,106.01673889160156,72.03361511230469,33.262855529785156,136.87034606933594,85.53734588623047
2024-05-30,216.57000732421875,82.15814971923828,42.653385162353516,39.7961540222168,118.6434326171875,103.59749603271484,72.2232894897461,33.71101760864258,136.93804931640625,86.04380798339844
2024-05-31,215.3000030517578,82.71595001220703,43.71338653564453,40.377960205078125,120.08235931396484,103.76042175292969,73.35192108154297,34.305419921875,138.93943786621094,86.52568817138672
2024-06-03,217.22000122070312,84.05387115478516,42.56896209716797,40.12584686279297,118.61426544189453,104.0220947265625,73.32347869873047,33.91386795043945,139.91600036621094,86.48635864257812
2024-06-04,215.27000427246094,85.03572845458984,42.16090774536133,39.94160842895508,118.32259368896484,104.23932647705078,73.95893096923828,33.89971160888672,140.32208251953125,86.57485961914062
2024-06-05,217.82000732421875,85.65971374511719,42.15621566772461,40.05796813964844,119.51844787597656,106.55488586425781,73.79769897460938,33.706298828125,140.960205078125,87.08131408691406
2024-06-06,219.42999267578125,85.5312271118164,42.37665939331055,40.038578033447266,118.8087158203125,106.19939422607422,74.02532958984375,33.35720443725586,141.42430114746094,87.71560668945312
2024-06-07,211.60000610351562,83.96212768554688,42.20780944824219,40.22281265258789,118.93510437011719,106.4462661743164,73.65544128417969,32.99396514892578,141.57899475097656,87.3566665649414
2024-06-10,213.5399932861328,83.4023666381836,42.5267448425293,40.067665100097656,119.30455780029297,106.71781158447266,73.59852600097656,33.41853713989258,142.10113525390625,87.63693237304688
2024-06-11,214.14999389648438,84.26492309570312,42.442325592041016,39.611907958984375,118.62397766113281,108.70256042480469,73.56060028076172,33.21568298339844,141.51133728027344,87.40583038330078
2024-06-12,214.72000122070312,84.89807891845703,41.987369537353516,39.573123931884766,119.75179290771484,111.10697174072266,72.75442504882812,32.998680114746094,141.2115936279297,88.31550598144531
2024-06-13,212.97000122070312,86.14601135253906,41.602760314941406,39.544029235839844,118.98371124267578,111.98582458496094,72.84925842285156,33.07415771484375,141.09555053710938,88.38433837890625
2024-06-14,215.72999572753906,86.87095642089844,41.29320526123047,39.417972564697266,117.7878646850586,112.40547943115234,72.98204803466797,32.99396514892578,141.0472412109375,87.68610382080078
2024-06-17,214.61000061035156,86.00839233398438,41.40108108520508,39.767059326171875,119.09066009521484,114.10881042480469,73.67440032958984,32.630714416503906,140.90219116210938,89.22515869140625
2024-06-18,215.47000122070312,86.79754638671875,41.574623107910156,40.01918411254883,119.73235321044922,114.25199127197266,73.76924896240234,32.64487075805664,141.08587646484375,88.92521667480469
2024-06-20,218.16000366210938,86.21944427490234,42.33913803100586,40.23251724243164,119.81012725830078,112.96831512451172,73.60801696777344,32.92791748046875,141.54998779296875,89.03829193115234
2024-06-21,214.77999877929688,86.21944427490234,42.095237731933594,40.077362060546875,119.55734252929688,112.77082824707031,73.6649169921875,32.73450469970703,141.94644165039062,89.79061126708984
2024-06-24,215.6300048828125,86.56815338134766,43.15666580200195,40.48917007446289,120.06562805175781,110.00608825683594,74.45042419433594,33.164878845214844,142.7744140625,89.4072494506836
2024-06-25,214.55999755859375,86.71497344970703,43.25594711303711,40.18737030029297,119.04125213623047,112.02400207519531,73.97261810302734,32.851009368896484,142.327880859375,89.04752349853516
2024-06-26,212.5800018310547,85.47618865966797,42.83043670654297,39.93425369262695,118.71930694580078,111.89541625976562,73.81974029541016,32.71310043334961,141.8231658935547,90.33857727050781
2024-06-27,214.99000549316406,85.8156967163086,42.92972946166992,39.88557434082031,118.84613800048828,111.9498291015625,73.50438690185547,32.77016830444336,141.59019470214844,90.89047241210938
2024-06-28,215.00999450683594,84.21903228759766,43.09520721435547,40.02186965942383,118.89492797851562,111.89046478271484,73.17948913574219,32.403995513916016,141.47372436523438,89.88029479980469
2024-07-01,215.57000732421875,82.76551818847656,43.118839263916016,40.109493255615234,117.61688995361328,112.73621368408203,72.66345977783203,32.180484771728516,140.6777801513672,90.1858139038086
2024-07-02,215.55999755859375,83.4098892211914,43.08574676513672,40.576778411865234,118.26078796386719,113.300048828125,73.16991424560547,32.346927642822266,140.163330078125,91.9400634765625
2024-07-03,217.99000549316406,84.50532531738281,43.274864196777344,40.45022964477539,118.69004821777344,114.82832336425781,73.04570007324219,32.541908264160156,139.09559631347656,92.52645111083984
2024-07-05,220.92999267578125,85.20494079589844,42.5987663269043,40.44049072265625,118.26078796386719,115.1794662475586,73.9439468383789,32.59897232055664,140.17303466796875,93.28038024902344
2024-07-08,218.19000244140625,85.38904571533203,42.33872985839844,40.33340072631836,118.4071273803711,115.96587371826172,73.82929229736328,32.632259368896484,140.0177001953125,93.32471466064453
2024-07-09,218.55999755859375,85.01161193847656,41.96522521972656,40.64493179321289,117.89005279541016,115.87188720703125,73.63816833496094,32.72737121582031,140.69720458984375,93.63517761230469
2024-07-10,219.36000061035156,85.278564453125,42.248905181884766,40.800697326660156,118.94369506835938,117.5534896850586,73.96305847167969,33.03647232055664,142.0269775390625,94.33982849121094
2024-07-11,223.25,86.10706329345703,42.688602447509766,41.12196350097656,120.45586395263672,114.61068725585938,73.6859359741211,33.64042282104492,143.0267791748047,93.14240264892578
2024-07-12,223.11000061035156,86.47527313232422,42.797340393066406,41.25825500488281,121.14852142333984,115.63448333740234,74.01083374023438,33.88771057128906,143.9197998046875,94.35953521728516
2024-07-15,223.8300018310547,85.48109436035156,43.445064544677734,41.861846923828125,122.01679992675781,115.84221649169922,73.58082580566406,33.06501388549805,143.41506958007812,94.2511215209961
2024-07-16,228.2899932861328,86.68699645996094,43.638916015625,42.33887481689453,125.06063079833984,115.45643615722656,74.2879638671875,33.32180404663086,145.463134765625,95.9413070678711
2024-07-17,227.22999572753906,86.70540618896484,44.073890686035156,42.66013717651367,123.4606704711914,110.96559143066406,75.24356842041016,33.340824127197266,146.1231689453125,94.33982849121094
2024-07-18,225.77999877929688,86.04261779785156,44.154258728027344,42.1441650390625,122.49483489990234,110.9754867553711,74.87088012695312,33.31229782104492,142.80352783203125,93.3789291381836
2024-07-19,221.72999572753906,85.53633880615234,43.6720085144043,41.71581268310547,121.8216781616211,109.23946380615234,74.62242889404297,33.350337982177734,143.53152465820312,92.5461654663086
2024-07-22,221.8000030517578,85.28777313232422,43.39779281616211,41.949466705322266,123.0606689453125,111.826171875,74.67021179199219,33.630916595458984,144.35655212402344,93.5661849975586
2024-07-23,222.5800018310547,85.1681137084961,42.70751190185547,42.027347564697266,122.82654571533203,111.38103485107422,74.40263366699219,33.42167282104492,144.2692413330078,93.1473388671875
2024-07-24,221.8000030517578,84.24757385253906,42.71223831176758,41.45296859741211,120.18269348144531,106.77149200439453,74.33575439453125,33.7973518371582,145.4728240966797,89.33826446533203
2024-07-25,218.3300018310547,84.93797302246094,43.449806213378906,41.608726501464844,121.14852142333984,105.62899780273438,74.24974060058594,33.51678466796875,144.74484252929688,88.98839569091797
2024-07-26,220.6300048828125,85.60079193115234,43.58690643310547,42.260986328125,123.21678161621094,106.96931457519531,75.0046615600586,33.844905853271484,145.56019592285156,89.9837875366211
2024-07-29,220.32000732421875,86.06103515625,43.213401794433594,42.202579498291016,123.00215148925781,106.49451446533203,75.03333282470703,33.9970817565918,145.64755249023438,91.4867172241211
2024-07-30,222.52000427246094,86.39242553710938,43.884765625,42.68933868408203,123.36310577392578,103.81879425048828,74.52687072753906,34.173038482666016,145.7737274169922,90.97916412353516
2024-07-31,226.5500030517578,87.2761459350586,44.06915283203125,42.58226013183594,124.73869323730469,108.21568298339844,74.39308166503906,34.61530303955078,145.2398681640625,92.38848876953125
2024-08-01,225.77000427246094,88.02887725830078,42.90135955810547,41.978668212890625,122.42654418945312,104.17984771728516,75.08111572265625,35.238277435302734,146.72499084472656,90.12175750732422
2024-08-02,225.33999633789062,90.7719955444336,41.795013427734375,40.94672775268555,119.73393249511719,101.25189971923828,75.740478515625,35.29534149169922,146.43380737304688,86.80545806884766
2024-08-05,222.47999572753906,91.25226593017578,40.87307357788086,39.75901412963867,117.65592956542969,97.87881469726562,74.24974060058594,34.363258361816406,142.5220184326172,84.35147857666016
2024-08-06,220.6999969482422,89.21109771728516,41.123653411865234,40.401546478271484,119.07052612304688,99.20925903320312,74.76576232910156,34.653350830078125,143.1820831298828,85.28280639648438
2024-08-07,220.5500030517578,88.58303833007812,41.289127349853516,40.45022964477539,118.49492645263672,97.60184478759766,74.84222412109375,34.84832000732422,141.72608947753906,83.79466247558594
2024-08-08,224.00999450683594,88.03811645507812,42.177978515625,41.10248565673828,121.22657775878906,101.24695587158203,75.52068328857422,34.88636779785156,144.861328125,85.622802734375
2024-08-09,224.55999755859375,88.90630340576172,42.272544860839844,41.2777214050293,121.24607849121094,101.70197296142578,75.63534545898438,35.00525665283203,145.57960510253906,85.90861511230469
2024-08-12,228.41000366210938,89.22954559326172,42.48056411743164,41.06354904174805,120.63146209716797,102.53288269042969,75.25312042236328,35.06707763671875,145.0263214111328,85.56861114501953
2024-08-13,228.05999755859375,89.84839630126953,42.069236755371094,41.4042854309082,121.89973449707031,105.68338775634766,75.59712982177734,35.27156066894531,146.7832489013672,87.71212768554688
2024-08-14,226.1999969482422,90.41178894042969,42.315093994140625,41.910518646240234,122.39728546142578,106.26206970214844,75.94114685058594,35.24778747558594,147.307373046875,87.24401092529297
2024-08-15,226.91000366210938,89.68215942382812,42.82097244262695,42.29993438720703,124.0460205078125,109.31861114501953,76.7247314453125,35.24302673339844,148.22950744628906,90.02813720703125
2024-08-16,231.99000549316406,89.99616241455078,42.773704528808594,42.61146545410156,123.87041473388672,109.50160217285156,76.93496704101562,35.399967193603516,148.3848114013672,90.24002838134766
2024-08-19,231.61000061035156,90.41178894042969,43.062110900878906,42.84510803222656,124.62161254882812,111.3068618774414,77.19298553466797,35.63297653198242,149.2875518798828,91.34873962402344
2024-08-20,232.4600067138672,91.1322021484375,41.927398681640625,42.70881652832031,124.28016662597656,110.91612243652344,77.5752182006836,35.55689239501953,149.8893280029297,91.26496887207031
2024-08-21,232.14999389648438,91.1875991821289,41.99831771850586,42.64066696166992,125.03135681152344,111.5689926147461,78.10079193115234,35.808937072753906,150.1417236328125,92.41803741455078
2024-08-22,229.3699951171875,90.282470703125,42.10706329345703,42.88405227661133,124.87527465820312,109.0020751953125,77.98611450195312,35.76613235473633,150.23876953125,90.82148742675781
2024-08-23,232.02000427246094,90.87358093261719,42.735877990722656,43.25399398803711,126.12403106689453,110.76775360107422,78.2059097290039,35.865997314453125,150.88912963867188,92.57572174072266
2024-08-26,232.75999450683594,90.6426773071289,43.118839263916016,43.390296936035156,125.9874496459961,109.37796020507812,78.7601547241211,36.099021911621094,150.81146240234375,91.85629272460938
2024-08-27,233.38999938964844,90.48567199707031,42.71696472167969,43.614192962646484,126.06548309326172,110.04071807861328,78.9512710571289,35.813690185546875,151.04444885253906,91.61483764648438
2024-08-28,231.75,90.37484741210938,42.44274139404297,43.72128677368164,126.00696563720703,108.52233123779297,78.61680603027344,35.813690185546875,151.21914672851562,90.72785949707031
2024-08-29,232.9499969482422,90.07929229736328,42.995914459228516,44.11070251464844,126.8947525024414,107.54303741455078,78.22502899169922,36.0086669921875,151.53945922851562,90.83625793457031
2024-08-30,231.2899932861328,89.11873626708984,43.15666580200195,44.52932357788086,128.25079345703125,108.97240447998047,78.84616088867188,36.27973175048828,152.58778381347656,92.20614624023438
2024-09-03,230.2899932861328,90.57628631591797,42.08341979980469,44.19831466674805,125.41184997558594,103.96717834472656,79.40039825439453,36.227420806884766,152.2965850830078,90.93974304199219
2024-09-04,230.42999267578125,91.74382019042969,41.50188446044922,44.24699783325195,125.5386734008789,103.7000961303711,79.77307891845703,36.53652572631836,152.03453063964844,91.17626190185547
2024-09-05,232.35000610351562,92.26272583007812,41.180389404296875,43.760231018066406,124.07528686523438,103.54183197021484,79.46729278564453,36.44617462158203,149.9475860595703,92.21107482910156
2024-09-06,230.6300048828125,92.2534408569336,40.6650390625,43.117706298828125,122.81678009033203,100.85623168945312,79.3048324584961,36.099021911621094,149.43312072753906,89.88029479980469
2024-09-09,231.60000610351562,92.65190887451172,40.958168029785156,43.760231018066406,124.69966125488281,102.50813293457031,79.91642761230469,36.465187072753906,150.4814453125,91.1910629272461
2024-09-10,232.6199951171875,93.30054473876953,40.25370788574219,43.312408447265625,124.9142837524414,104.04136657714844,79.8973159790039,36.63639450073242,151.17062377929688,92.23570251464844
2024-09-11,232.25,93.22640991210938,39.88019943237305,43.10796356201172,125.13868713378906,107.59249877929688,79.1519546508789,36.750518798828125,150.72409057617188,93.15718078613281
2024-09-12,236.3300018310547,92.79090118408203,40.23951721191406,43.205318450927734,126.10449981689453,108.4827651977539,79.63929748535156,36.83136749267578,151.26768493652344,94.20677185058594
2024-09-13,238.67999267578125,93.04108428955078,40.46646499633789,43.331878662109375,127.38255310058594,109.02680969238281,80.20309448242188,37.34972381591797,151.5782928466797,94.84737396240234
2024-09-16,238.66000366210938,93.89356994628906,40.929805755615234,43.89652633666992,128.03619384765625,108.6113510131836,80.51844787597656,37.635047912597656,152.6265869140625,94.68475341796875
2024-09-17,237.33999633789062,93.43952178955078,41.482975006103516,44.13018035888672,128.73861694335938,108.39867401123047,79.75397491455078,37.60651397705078,151.05410766601562,95.16767120361328
2024-09-18,235.50999450683594,92.28125,41.563350677490234,43.993873596191406,128.6313018798828,107.40950775146484,79.44818115234375,37.32118225097656,150.8017578125,94.98041534423828
2024-09-19,239.1699981689453,91.9754867553711,42.059783935546875,44.48064422607422,130.84588623046875,110.5995864868164,78.97994232177734,37.1024284362793,151.34532165527344,97.14364624023438
2024-09-20,242.2100067138672,91.62338256835938,41.96522521972656,44.45144271850586,129.9287872314453,110.06049346923828,79.3621826171875,38.08206558227539,150.72409057617188,96.92190551757812
2024-09-23,242.67999267578125,91.42877960205078,42.483402252197266,44.3976936340332,130.80088806152344,110.04017639160156,79.82233428955078,38.45981979370117,150.4289093017578,98.09957885742188
2024-09-24,246.07000732421875,91.4102554321289,42.37852096557617,44.02641677856445,131.74050903320312,110.79329681396484,79.63020324707031,38.186920166015625,150.1268768310547,98.95877075195312
2024-09-25,245.72999572753906,90.65044403076172,41.549072265625,43.762611389160156,131.12388610839844,111.11042022705078,79.42845916748047,38.38800048828125,148.6654510498047,98.60323333740234
2024-09-26,246.97999572753906,90.86357879638672,40.73390579223633,43.987327575683594,131.77964782714844,112.58197784423828,79.61099243164062,38.12467575073242,149.16233825683594,99.02294921875
2024-09-27,245.02000427246094,91.33611297607422,41.56336975097656,44.11435317993164,131.965576171875,111.53157043457031,79.75509643554688,38.50291061401367,149.0843963623047,99.17108917236328
2024-09-30,243.05999755859375,90.90061950683594,41.85415267944336,44.280452728271484,132.5626678466797,111.85857391357422,79.73588562011719,38.675262451171875,150.05868530273438,98.93901062011719
2024-10-01,245.61000061035156,91.55692291259766,42.80754852294922,44.04595947265625,132.63116455078125,109.13346099853516,79.4668960571289,38.98646926879883,149.26953125,98.53904724121094
2024-10-02,245.66000366210938,90.78533935546875,43.24611282348633,44.094810485839844,132.38648986816406,109.94108581542969,78.79441833496094,39.005619049072266,148.96746826171875,97.70455932617188
2024-10-03,245.49000549316406,89.9300765991211,44.00883102416992,43.860313415527344,131.7111358642578,110.39691925048828,78.00666809082031,38.99126052856445,147.62298583984375,96.57379150390625
2024-10-04,245.0,88.82386779785156,44.418792724609375,44.602882385253906,132.63116455078125,111.62570190429688,78.26604461669922,38.92901611328125,147.73988342285156,97.8526840209961
2024-10-07,244.1699981689453,88.15457153320312,44.57610321044922,44.055728912353516,132.30816650390625,110.85771179199219,77.4879150390625,38.03371047973633,147.08709716796875,96.33184051513672
2024-10-08,242.3699951171875,88.30329895019531,43.41295623779297,44.30976486206055,132.601806640625,112.92880249023438,77.8721694946289,38.052860260009766,147.88600158691406,97.2700424194336
2024-10-09,241.0500030517578,87.8012924194336,43.67514419555664,44.72012710571289,133.78610229492188,114.19225311279297,78.34291076660156,37.727294921875,149.39614868164062,97.96625518798828
2024-10-10,242.82000732421875,87.45735168457031,43.970699310302734,44.583343505859375,133.10096740722656,114.16252899169922,77.99706268310547,37.612388610839844,148.84085083007812,97.48234558105469
2024-10-11,245.47000122070312,87.10408782958984,44.24241256713867,45.443153381347656,135.47935485839844,114.36073303222656,78.42936706542969,37.942745208740234,149.93199157714844,97.06758117675781
2024-10-14,245.07000732421875,87.169189453125,44.22334671020508,45.72650146484375,136.2917022705078,115.85211181640625,78.74637603759766,38.4215202331543,150.76016235351562,97.49223327636719
2024-10-15,245.9199981689453,88.22891235351562,42.79801559448242,45.82421112060547,135.2444305419922,113.30535888671875,79.24593353271484,38.5938720703125,148.91876220703125,97.70455932617188
2024-10-16,247.14999389648438,88.60076141357422,43.002994537353516,46.39090347290039,136.2917022705078,113.65715789794922,79.18830108642578,39.35990905761719,149.3376922607422,98.21808624267578
2024-10-17,248.6300048828125,87.19705963134766,43.207977294921875,46.517921447753906,135.9002227783203,114.00399017333984,78.83284759521484,39.010406494140625,148.47059631347656,98.12920379638672
2024-10-18,251.27000427246094,87.26213073730469,43.06496810913086,46.527687072753906,136.311279296875,114.4102783203125,79.0057601928711,39.23542785644531,149.19155883789062,98.51435852050781
2024-10-21,251.22000122070312,85.73759460449219,42.93626022338867,46.156410217285156,135.83168029785156,114.94538879394531,78.34291076660156,39.08222198486328,147.43785095214844,97.7490005493164
2024-10-22,253.92999267578125,85.82125091552734,43.03636932373047,46.068477630615234,134.1873779296875,114.82647705078125,78.7848129272461,38.94337463378906,147.2235107421875,97.35397338867188
2024-10-23,250.8699951171875,85.58885192871094,42.812313079833984,46.029396057128906,133.7958984375,113.1814956665039,78.63111114501953,39.31682586669922,146.5317840576172,95.8232421875
2024-10-24,252.8000030517578,86.13732147216797,42.80754852294922,46.068477630615234,132.87583923339844,113.51346588134766,78.52543640136719,39.06306457519531,145.56723022460938,98.8451919555664
2024-10-25,253.32000732421875,85.65392303466797,42.793243408203125,45.560401916503906,132.5234832763672,114.10307312011719,77.8721694946289,38.483760833740234,144.768310546875,99.15628051757812
2024-10-28,253.3300018310547,85.42149353027344,42.52153015136719,46.127098083496094,132.9149932861328,114.06840515136719,78.01627349853516,38.78538513183594,144.98268127441406,99.38835144042969
2024-10-29,256.0899963378906,85.55164337158203,41.87321853637695,45.84375,132.73880004882812,115.6043701171875,77.24773406982422,37.95709991455078,144.58322143554688,98.86988067626953
2024-10-30,257.5,85.80266571044922,41.968563079833984,46.0489387512207,132.5137176513672,113.76615905761719,77.12285614013672,37.86614227294922,144.31040954589844,98.73161315917969
2024-10-31,253.50999450683594,85.94209289550781,42.230743408203125,45.41384506225586,130.9868621826172,110.11450958251953,76.9691390991211,38.25873565673828,143.0925750732422,97.22064208984375
2024-11-01,252.47000122070312,84.73045349121094,41.96379470825195,45.57017517089844,131.16302490234375,110.94194793701172,76.99797058105469,37.406517028808594,143.94020080566406,98.80075073242188
2024-11-04,252.8300018310547,86.04562377929688,42.69791030883789,45.21842956542969,131.01622009277344,110.85771179199219,77.20932006835938,36.96125793457031,142.99513244628906,98.46002960205078
2024-11-05,253.39999389648438,86.50267028808594,42.98392868041992,45.63856506347656,133.20863342285156,112.41845703125,77.69925689697266,37.51663589477539,144.04737854003906,100.20309448242188
2024-11-06,245.6999969482422,84.13349914550781,44.59994125366211,48.41341781616211,138.42538452148438,115.6192398071289,76.43115234375,37.12882614135742,144.2324676513672,103.40773010253906
2024-11-07,249.64999389648438,85.18750762939453,44.394954681396484,47.631771087646484,137.59347534179688,117.63581848144531,76.70975494384766,37.195858001708984,145.2749481201172,104.73600769042969
2024-11-08,247.9600067138672,86.26950073242188,44.690513610839844,48.061676025390625,139.0713653564453,117.50700378417969,77.64161682128906,37.90922927856445,146.31741333007812,106.2222900390625
2024-11-11,242.13999938964844,85.84973907470703,44.94316101074219,48.74562072753906,140.14801025390625,116.8579330444336,77.37262725830078,38.01456069946289,145.46006774902344,108.36529541015625
2024-11-12,240.0500030517578,84.56257629394531,44.70481491088867,48.59907150268555,138.9441375732422,117.00656127929688,77.45907592773438,37.57887649536133,143.43357849121094,106.91851806640625
2024-11-13,237.6300048828125,83.76042175292969,45.05280685424805,48.62837600708008,139.23776245117188,116.60027313232422,77.68965148925781,37.511844635009766,143.0535888671875,107.83202362060547
2024-11-14,237.00999450683594,84.24543762207031,45.22441864013672,48.50136184692383,136.88873291015625,116.20388793945312,77.49751281738281,37.38258361816406,140.8030242919922,106.30130004882812
2024-11-15,236.58999633789062,84.02156829833984,45.15768051147461,48.72608184814453,136.15467834472656,113.32022094726562,76.8154296875,37.942745208740234,138.1919403076172,105.39273834228516
2024-11-18,241.08999633789062,84.17082214355469,45.75831604003906,48.87264633178711,135.96871948242188,113.68687438964844,77.35340881347656,38.273094177246094,138.28936767578125,106.36549377441406
2024-11-19,243.25,84.59986877441406,45.467525482177734,48.550209045410156,135.8512725830078,114.61837768554688,77.45907592773438,38.517269134521484,137.57815551757812,106.44449615478516
2024-11-20,244.6199951171875,84.32939147949219,45.9251594543457,48.40365219116211,135.9980926513672,114.51927947998047,77.06520080566406,38.53642272949219,139.20518493652344,105.97539520263672
2024-11-21,246.66000366210938,84.26408386230469,46.29698944091797,49.019203186035156,137.70111083984375,115.68363952636719,77.9010009765625,39.20669937133789,140.3256072998047,106.16303253173828
2024-11-22,249.83999633789062,84.31072235107422,46.368492126464844,49.56635284423828,139.61947631835938,115.74311065673828,78.62149810791016,38.99604034423828,140.4522705078125,107.69376373291016
2024-11-25,242.47999572753906,86.49335479736328,45.45323181152344,49.88878631591797,140.49057006835938,115.73814392089844,79.0538101196289,39.06786346435547,141.650634765625,108.79488372802734
2024-11-26,242.9499969482422,86.1575698852539,45.39126205444336,49.98649597167969,140.65696716308594,116.3178482055664,79.38043212890625,39.69026565551758,142.4105682373047,109.1899185180664
2024-11-27,243.49000549316406,86.7544937133789,45.343589782714844,50.084197998046875,140.13819885253906,114.74224090576172,79.54375457763672,39.69026565551758,143.17050170898438,108.65168762207031
2024-11-29,245.58999633789062,87.64993286132812,45.53903579711914,50.16236114501953,140.93101501464844,115.80751037597656,79.94722747802734,39.70462417602539,143.61866760253906,109.76764678955078
2024-12-02,243.44000244140625,87.86053466796875,45.05757141113281,49.66407012939453,139.8935089111328,116.90746307373047,79.85116577148438,38.85240936279297,143.36537170410156,110.72557067871094
2024-12-03,243.92999267578125,87.10240173339844,45.05280685424805,49.292781829833984,139.01263427734375,117.32862091064453,79.43807983398438,38.517269134521484,143.0438690185547,110.64163970947266
2024-12-04,244.6699981689453,88.03837585449219,43.96593475341797,49.10713577270508,139.61947631835938,119.47403717041016,79.21711730957031,38.512481689453125,142.96591186523438,111.66868591308594
2024-12-05,242.86000061035156,88.2162094116211,44.13753890991211,49.253700256347656,137.9262237548828,118.86956024169922,79.53414916992188,38.632179260253906,141.36807250976562,112.58219146728516
2024-12-06,242.9499969482422,88.34725952148438,43.38912582397461,49.24393081665039,137.57386779785156,119.3303451538086,79.14026641845703,38.15340805053711,140.56918334960938,114.95234680175781
2024-12-09,245.36000061035156,87.53294372558594,43.317623138427734,48.56975173950195,136.37979125976562,118.55245208740234,79.01537322998047,37.67463302612305,140.97837829589844,114.58694458007812
2024-12-10,248.58999633789062,87.1211166381836,43.022064208984375,48.55998611450195,136.04701232910156,116.90746307373047,79.39002990722656,37.401729583740234,140.39381408691406,114.77458953857422
2024-12-11,250.9600067138672,86.29744720458984,43.09357452392578,48.65768814086914,135.7338104248047,118.60199737548828,78.7848129272461,37.16712951660156,138.48423767089844,116.78921508789062
2024-12-12,247.27999877929688,85.2491455078125,42.74557876586914,48.4427375793457,134.8627166748047,117.93806457519531,79.01537322998047,37.14797592163086,137.38328552246094,115.82139587402344
2024-12-13,244.2899932861328,84.37870788574219,42.53106689453125,48.40365219116211,134.51036071777344,118.44345092773438,78.81362915039062,37.17191696166992,137.36380004882812,116.28062438964844
2024-12-16,244.8800048828125,84.63140869140625,41.59674072265625,48.31571578979492,134.62782287597656,119.62763977050781,78.4005355834961,36.87507629394531,135.72702026367188,117.85577392578125
2024-12-17,243.94000244140625,84.83731079101562,41.28688049316406,47.973751068115234,133.39459228515625,118.90422821044922,78.26604461669922,36.72187042236328,135.6295928955078,118.22611999511719
2024-12-18,239.25999450683594,83.77648162841797,40.066532135009766,46.53746795654297,129.6263885498047,115.06925201416016,77.07481384277344,35.85529327392578,133.78819274902344,112.89822387695312
2024-12-19,239.60000610351562,82.50801086425781,39.718544006347656,46.70356369018555,129.4600067138672,115.19312286376953,76.52723693847656,36.0180778503418,132.77493286132812,112.7451400756836
2024-12-20,242.10000610351562,82.97781372070312,40.10943603515625,47.397281646728516,130.97705078125,116.91242980957031,76.79623413085938,36.59260559082031,134.45071411132812,113.03153228759766
2024-12-23,240.9600067138672,82.21671295166016,40.34497833251953,47.5110969543457,130.94754028320312,118.15115356445312,76.39160919189453,36.71714782714844,135.79347229003906,113.3743667602539
2024-12-24,241.44000244140625,82.56436920166016,40.686275482177734,48.07040023803711,131.9705810546875,119.37202453613281,76.89495849609375,36.91990280151367,136.35133361816406,115.99637603759766
2024-12-26,243.07000732421875,82.51740264892578,40.652626037597656,48.188148498535156,132.06895446777344,119.45142364501953,77.13693237304688,36.8330078125,136.62535095214844,115.56597900390625
2024-12-27,241.39999389648438,81.84087371826172,40.6478157043457,47.834903717041016,131.08526611328125,117.86331176757812,76.75944519042969,36.726806640625,135.98919677734375,113.65636444091797
2024-12-30,240.6300048828125,82.49861145019531,40.64301300048828,47.37372970581055,129.76715087890625,116.3645248413086,75.85923767089844,36.57232666015625,134.31564331054688,111.83085632324219
2024-12-31,242.1300048828125,82.0569839477539,41.17658996582031,47.42279052734375,129.60975646972656,115.39676666259766,76.0915298461914,36.538536071777344,134.6385955810547,110.98983764648438
2025-01-02,245.4199981689453,82.28251647949219,41.65728759765625,47.30503845214844,129.15725708007812,115.12380981445312,75.85923767089844,36.81852340698242,134.67776489257812,109.5304183959961
2025-01-03,243.49000549316406,82.01940155029297,42.046653747558594,47.67790985107422,130.5540771484375,116.99977111816406,75.82051849365234,37.20954513549805,135.99899291992188,111.74674987792969
2025-01-06,243.19000244140625,81.65296173095703,41.854373931884766,47.530723571777344,130.268798828125,118.48863220214844,75.02678680419922,36.79438781738281,136.05770874023438,112.18704986572266
2025-01-07,244.55999755859375,80.73211669921875,42.2725830078125,47.42279052734375,130.1409454345703,116.11141967773438,74.76543426513672,36.70267105102539,136.73301696777344,110.01524353027344
2025-01-08,245.86000061035156,80.83548736572266,42.31583786010742,47.57978820800781,130.6524658203125,116.07171630859375,74.90094757080078,36.693016052246094,137.4376678466797,110.32691192626953
2025-01-10,248.2100067138672,80.29988861083984,42.4888916015625,46.4317512512207,129.18675231933594,113.5406494140625,73.8942642211914,36.48543930053711,136.6645050048828,109.24347686767578
2025-01-13,245.74000549316406,80.2717056274414,43.38298797607422,46.76536560058594,130.70162963867188,112.73666381835938,74.02010345458984,36.06062316894531,138.44573974609375,109.86188507080078
2025-01-14,247.02999877929688,80.14015197753906,43.849266052246094,47.34429168701172,132.2460174560547,113.03443145751953,74.03945922851562,36.53371047973633,137.016845703125,109.6491470336914
2025-01-15,248.8800048828125,81.52140808105469,44.498207092285156,48.551204681396484,133.08213806152344,115.2826156616211,73.78779602050781,37.06955337524414,137.57469177246094,112.4393539428711
2025-01-16,250.60000610351562,81.78449249267578,44.820274353027344,48.87500762939453,134.69537353515625,114.39425659179688,74.33953094482422,38.00606918334961,138.12277221679688,111.83085632324219
2025-01-17,249.27000427246094,81.9254379272461,45.166378021240234,49.28712844848633,135.5019989013672,116.18585205078125,74.76543426513672,38.05916213989258,137.1929931640625,113.39911651611328
2025-01-21,253.1300048828125,82.6583480834961,44.935646057128906,49.699241638183594,138.28582763671875,117.15361785888672,75.11389923095703,38.643280029296875,139.46356201171875,114.23023986816406
2025-01-22,254.42999267578125,82.22611236572266,44.11845779418945,49.463748931884766,137.96121215820312,119.798828125,74.7460708618164,37.80813980102539,139.1503448486328,113.79983520507812
2025-01-23,254.07000732421875,81.587158203125,44.32034683227539,49.7483024597168,139.3580322265625,120.01224517822266,75.01709747314453,37.98675537109375,141.00991821289062,114.48748016357422
2025-01-24,255.64999389648438,81.9536361694336,43.89252853393555,49.89548873901367,138.767822265625,118.7615966796875,75.404296875,38.37294387817383,141.2349853515625,113.78993225097656
2025-01-27,252.99000549316406,82.92144775390625,43.43586730957031,50.44497299194336,136.9086456298828,112.94014739990234,77.44669342041016,37.484703063964844,144.40594482421875,114.43801879882812
2025-01-28,255.17999267578125,82.86506652832031,43.02246856689453,50.35666275024414,136.003662109375,115.95260620117188,76.23674774169922,36.968177795410156,143.39791870117188,114.5765380859375
2025-01-29,254.1999969482422,82.69593811035156,43.11860656738281,50.31741714477539,135.5413360595703,115.0096664428711,76.42064666748047,37.04541015625,142.5562286376953,114.2500228881836
2025-01-30,258.04998779296875,83.00599670410156,43.33972930908203,50.7982177734375,137.05621337890625,115.22305297851562,77.1756591796875,37.81779479980469,144.20042419433594,115.36808013916016
2025-01-31,258.55999755859375,82.4610366821289,42.12836456298828,50.50385284423828,136.09222412109375,114.54811096191406,76.44969177246094,37.595733642578125,143.74044799804688,114.85852813720703
2025-02-03,259.94000244140625,83.13243103027344,42.39274978637695,50.29779052734375,134.7445526123047,113.0046615600586,76.749755859375,37.79848861694336,144.29830932617188,113.33973693847656
2025-02-04,262.5,83.38703918457031,43.282039642333984,50.1800422668457,134.78392028808594,114.63248443603516,76.1012191772461,37.465396881103516,143.9068145751953,114.67547607421875
2025-02-05,264.1300048828125,84.76375579833984,43.37337875366211,50.70990753173828,134.8822784423828,116.22557067871094,76.57552337646484,37.84193420410156,145.28677368164062,113.3743667602539
2025-02-06,263.42999267578125,84.72604370117188,42.575416564941406,51.131832122802734,135.49215698242188,116.54318237304688,76.92398834228516,37.79848861694336,143.985107421875,113.82456970214844
2025-02-07,263.8999938964844,84.17913055419922,42.57060623168945,50.8472785949707,135.0888671875,115.54566192626953,76.80783081054688,37.721248626708984,143.30979919433594,111.59835052490234
2025-02-10,268.3699951171875,83.92452239990234,43.507972717285156,50.44497299194336,136.2987823486328,117.23302459716797,77.28213500976562,38.13157653808594,143.18260192871094,111.97927856445312
2025-02-11,267.3900146484375,83.38703918457031,43.85887908935547,50.57253646850586,136.3479766845703,117.28761291503906,78.02747344970703,38.324668884277344,142.9183349609375,110.70783996582031
2025-02-12,267.6700134277344,82.25546264648438,42.80134582519531,50.395912170410156,135.5019989013672,117.03451538085938,77.96940612792969,38.25708770751953,142.71282958984375,110.68806457519531
2025-02-13,270.30999755859375,83.6227798461914,43.123409271240234,50.72953414916992,135.63970947265625,118.6921157836914,78.81151580810547,38.3439826965332,143.27066040039062,112.35031127929688
2025-02-14,266.2900085449219,84.06595611572266,43.29646682739258,50.82765579223633,135.30526733398438,119.09410095214844,78.02747344970703,38.18467712402344,141.7145538330078,112.30082702636719
2025-02-18,270.70001220703125,83.07585906982422,43.88772201538086,51.190704345703125,136.36764526367188,120.18097686767578,78.30818176269531,38.54190444946289,141.44052124023438,111.9891586303711
2025-02-19,270.8500061035156,83.17958068847656,44.233829498291016,51.210330963134766,136.50535583496094,120.1908950805664,78.9373550415039,38.74465560913086,143.28045654296875,111.92485046386719
2025-02-20,270.989990234375,83.49076843261719,44.637611389160156,50.425350189208984,135.61019897460938,119.80875396728516,78.62760925292969,38.739830017089844,144.0830078125,110.96014404296875
2025-02-21,270.739990234375,84.49972534179688,43.70986557006836,49.797367095947266,132.6394805908203,116.56303405761719,79.54717254638672,38.74948501586914,143.30979919433594,108.04132080078125
2025-02-24,272.2099914550781,84.74490356445312,43.71947479248047,50.01323699951172,132.0394287109375,114.8955078125,79.7891616821289,38.556392669677734,144.47445678710938,107.63565063476562
2025-02-25,268.6199951171875,86.2065200805664,43.08976364135742,50.00341796875,132.71815490722656,113.40664672851562,80.92167663574219,38.3632926940918,145.7174072265625,107.07166290283203
2025-02-26,269.0299987792969,86.71571350097656,42.844608306884766,49.89548873901367,132.79689025878906,114.64240264892578,79.37293243408203,38.5225944519043,144.6702117919922,106.63137817382812
2025-02-27,264.92999267578125,86.10277557373047,43.075340270996094,50.170230865478516,132.3345489501953,110.4686279296875,79.3632583618164,37.66814422607422,144.0830078125,105.09281158447266
2025-02-28,263.2699890136719,87.15892028808594,43.74351119995117,51.200523376464844,134.1051788330078,111.9277114868164,80.4183349609375,38.24260711669922,145.7565460205078,106.83916473388672
2025-03-03,266.739990234375,87.565673828125,42.21489334106445,50.76878356933594,132.19683837890625,108.52317810058594,80.84423065185547,38.295711517333984,146.3927001953125,104.87017059326172
2025-03-04,269.05999755859375,86.4873046875,41.80630111694336,48.982940673828125,129.61961364746094,108.43881225585938,79.4697265625,37.6729736328125,145.03233337402344,103.01994323730469
2025-03-05,269.6199951171875,85.7967529296875,41.1958122253418,49.26750183105469,131.6656494140625,109.9624252319336,79.79883575439453,37.407466888427734,146.49057006835938,104.58820343017578
2025-03-06,268.25,85.51298522949219,41.320796966552734,48.45308303833008,130.53439331054688,106.91024017333984,79.94403076171875,36.63025665283203,146.0893096923828,101.93650817871094
2025-03-07,268.3900146484375,85.23865509033203,42.02742004394531,48.19796371459961,132.05909729003906,108.45866394042969,80.20537567138672,37.31092071533203,146.09909057617188,101.7485122680664
2025-03-10,266.0400085449219,86.12784576416016,42.33987808227539,47.11861038208008,129.99337768554688,103.84814453125,80.03114318847656,37.721248626708984,144.5233917236328,98.1172866821289
2025-03-11,269.1600036621094,85.51298522949219,42.003387451171875,46.716304779052734,127.99651336669922,103.42630767822266,78.85990905761719,37.36885070800781,142.9476776123047,97.15753936767578
2025-03-12,270.3299865722656,85.0021743774414,42.1956672668457,46.78499221801758,127.98668670654297,105.05413055419922,77.1466293334961,37.25299072265625,141.51881408691406,97.72151947021484
2025-03-13,275.1300048828125,85.74946594238281,41.90725326538086,46.52987289428711,126.67839813232422,103.0590591430664,76.7884750366211,37.34471130371094,140.76522827148438,95.2825698852539
2025-03-14,275.239990234375,85.29541778564453,43.14745330810547,47.60922622680664,128.99005126953125,106.17574310302734,76.96270751953125,38.073646545410156,141.84176635742188,97.31089782714844
2025-03-17,276.7300109863281,85.7210922241211,43.83484649658203,48.16852569580078,130.77049255371094,106.91519927978516,78.0855484008789,38.23295211791992,143.64259338378906,97.46426391601562
2025-03-18,279.9599914550781,85.80622100830078,43.90694808959961,48.10964584350586,129.72779846191406,105.28738403320312,77.19501495361328,37.967445373535156,143.71107482910156,95.7278060913086
2025-03-19,281.1099853515625,86.25080871582031,44.62318801879883,48.63951110839844,131.44924926757812,106.65714263916016,77.19501495361328,38.10744094848633,143.7893829345703,97.5632095336914
2025-03-20,280.75,86.30757141113281,44.78662872314453,48.70820236206055,130.7901611328125,105.89781951904297,76.81751251220703,38.26191329956055,143.87745666503906,97.33070373535156
2025-03-21,278.489990234375,85.7967529296875,44.47417068481445,48.531578063964844,130.09176635742188,106.18567657470703,76.7884750366211,38.015716552734375,143.4761962890625,97.68194580078125
2025-03-24,277.25,84.91703796386719,44.98090362548828,49.387367248535156,132.50424194335938,108.1966781616211,77.26334381103516,38.003562927246094,144.5716552734375,101.34398651123047
2025-03-25,278.4700012207031,84.90757751464844,45.165000915527344,49.66310501098633,132.7015838623047,108.55463409423828,76.56271362304688,37.39585876464844,142.724609375,102.15259552001953
2025-03-26,278.239990234375,84.34947204589844,45.43144226074219,49.515384674072266,131.8234100341797,106.13346099853516,77.74989318847656,37.643802642822266,142.20388793945312,100.81814575195312
2025-03-27,281.9700012207031,84.10354614257812,44.99059295654297,49.41690444946289,131.12286376953125,105.154052734375,78.6353988647461,37.63407897949219,142.4298553466797,100.88263702392578
2025-03-28,284.05999755859375,85.26703643798828,44.77743911743164,48.46165466308594,128.41929626464844,102.60364532470703,78.24617004394531,37.911197662353516,141.98773193359375,97.74742126464844
2025-03-31,288.1400146484375,86.1089096069336,45.271575927734375,49.05253219604492,129.32705688476562,102.65335083007812,79.47225189208984,38.33415603637695,143.45164489746094,97.95576477050781
2025-04-01,287.57000732421875,86.85509490966797,45.538021087646484,48.993446350097656,130.05722045898438,103.40406036376953,79.58903503417969,38.431392669677734,140.8284149169922,98.97769927978516
2025-04-02,288.1600036621094,86.79815673828125,45.60099792480469,49.39720916748047,131.28073120117188,104.16968536376953,79.3554916381836,38.611270904541016,141.7716064453125,100.85784149169922
2025-04-03,286.4200134277344,87.19685363769531,42.02093505859375,46.96477508544922,124.17646789550781,97.06031799316406,79.81282806396484,38.368186950683594,140.62208557128906,94.76598358154297
2025-04-04,279.7200012207031,88.14622497558594,38.155052185058594,43.52784729003906,116.37166595458984,90.6668472290039,76.34864044189453,36.23392105102539,132.90965270996094,90.67829132080078
2025-04-07,273.7099914550781,85.48805236816406,37.907981872558594,43.419517517089844,115.82896423339844,91.20875549316406,75.46312713623047,35.679691314697266,132.11383056640625,89.60675811767578
2025-04-08,275.20001220703125,83.87419128417969,37.031131744384766,43.252098083496094,114.87187194824219,89.35435485839844,74.29541778564453,35.53384017944336,130.64993286132812,87.47857666015625
2025-04-09,285.3800048828125,84.3678207397461,39.8990592956543,46.51176834106445,125.07437133789062,101.35079956054688,77.1757583618164,36.93400192260742,136.32867431640625,97.00330352783203
2025-04-10,292.3500061035156,82.04193115234375,37.29273223876953,45.21184158325195,121.84785461425781,96.63275909423828,77.21468353271484,36.65688705444336,132.52647399902344,93.21324157714844
2025-04-11,297.92999267578125,82.4881362915039,38.21802520751953,45.96027755737305,123.99886322021484,98.6114501953125,78.18777465820312,37.104156494140625,134.47178649902344,94.11611938476562
2025-04-14,296.2300109863281,83.07672882080078,38.35367202758789,46.432987213134766,125.29144287109375,99.51131439208984,79.52091217041016,37.770206451416016,136.11251831054688,94.38896179199219
2025-04-15,297.7799987792969,83.37102508544922,38.29553985595703,46.55116271972656,124.66981506347656,99.87423706054688,78.84947967529297,37.765342712402344,135.2774200439453,93.7093276977539
2025-04-16,307.4700012207031,83.8362045288086,38.61042785644531,45.82241439819336,122.96282196044922,96.40406799316406,78.00289154052734,37.42502975463867,133.90194702148438,91.3976058959961
2025-04-17,306.1199951171875,83.09574127197266,39.4824333190918,45.940589904785156,123.6337890625,95.88204956054688,79.66688537597656,37.80909729003906,133.115966796875,91.97305297851562
2025-04-21,315.5899963378906,81.64321899414062,38.4505615234375,44.95579528808594,120.86115264892578,93.40620422363281,78.9078598022461,36.914554595947266,130.2471466064453,89.5174560546875
2025-04-22,311.1099853515625,82.09891510009766,39.42914581298828,46.442832946777344,122.97269439697266,95.68319702148438,80.02690887451172,37.92091751098633,132.69349670410156,92.35008239746094
2025-04-23,303.6499938964844,82.8963623046875,39.356475830078125,46.99431610107422,124.51195526123047,98.45732879638672,79.5695571899414,38.08135223388672,133.3517608642578,94.41376495361328
2025-04-24,308.07000732421875,83.76976776123047,39.98625946044922,47.516258239746094,127.30432891845703,102.13133239746094,78.86894226074219,38.13969039916992,134.98268127441406,96.29390716552734
2025-04-25,304.7300109863281,84.38682556152344,39.91358947753906,47.28975296020508,127.29444885253906,103.6427001953125,78.66458129882812,38.02301025390625,135.631103515625,98.02522277832031
2025-04-28,309.07000732421875,84.91846466064453,40.19457244873047,47.437469482421875,127.71874237060547,103.47367095947266,78.40186309814453,38.25636672973633,136.17149353027344,98.05994415283203
2025-04-29,306.05999755859375,85.63046264648438,40.078304290771484,47.92987060546875,128.5475616455078,103.95591735839844,79.05381774902344,38.55293273925781,136.8395538330078,98.75446319580078
2025-04-30,303.7699890136719,84.93743896484375,38.99798583984375,48.018497467041016,129.47506713867188,104.38843536376953,79.6279525756836,38.358463287353516,138.0087127685547,97.85655212402344
2025-05-01,297.4599914550781,84.50675964355469,39.14331817626953,48.0086555480957,130.451904296875,105.919677734375,78.93705749511719,38.47028350830078,134.24581909179688,98.39728546142578
2025-05-02,297.9800109863281,83.592041015625,39.714969635009766,49.0032958984375,132.79039001464844,107.6895751953125,79.3652114868164,38.77170181274414,136.1027069091797,99.92520141601562
2025-05-05,306.8800048828125,83.12512969970703,38.99798583984375,48.68815994262695,132.85943603515625,107.11784362792969,79.29710388183594,38.674476623535156,135.7195281982422,98.86360168457031
2025-05-06,315.4800109863281,83.4014663696289,39.00767517089844,48.412418365478516,131.69512939453125,106.22792053222656,79.16085815429688,39.146053314208984,131.97630310058594,98.00042724609375
2025-05-07,310.75,83.75403594970703,39.02220916748047,48.6980094909668,132.3660888671875,107.2918472290039,79.2873764038086,39.257869720458984,132.9882354736328,98.76437377929688
2025-05-08,304.6300048828125,82.82025146484375,39.53572463989258,49.10177230834961,134.1914825439453,108.31599426269531,79.19005584716797,38.941864013671875,131.7896270751953,99.93016815185547
2025-05-09,306.8399963378906,82.9441146850586,39.93296813964844,49.10177230834961,134.300048828125,108.1817626953125,78.73271179199219,39.009925842285156,130.35519409179688,100.41136169433594
2025-05-12,298.19000244140625,82.17231750488281,40.97452926635742,50.096412658691406,138.43431091308594,113.20306396484375,78.84947967529297,38.77656936645508,133.57772827148438,105.40191650390625
2025-05-13,299.4599914550781,81.83880615234375,41.55101776123047,50.303226470947266,139.40127563476562,115.64907836914062,77.788818359375,38.723087310791016,129.5594024658203,106.7958984375
2025-05-14,293.1600036621094,81.29571533203125,41.299110412597656,50.16535186767578,138.73033142089844,116.3998031616211,77.3703842163086,38.55293273925781,126.51371765136719,107.20764923095703
2025-05-15,297.8399963378906,82.01032257080078,41.4735107421875,50.500179290771484,140.26959228515625,116.55888366699219,78.9565200805664,39.374549865722656,128.17410278320312,106.96952819824219
2025-05-16,294.239990234375,82.22949981689453,41.41053009033203,50.80546569824219,141.8680419921875,116.77763366699219,79.86148834228516,39.95309066772461,130.75799560546875,107.98152923583984
2025-05-19,298.0299987792969,81.99127960205078,40.87279510498047,50.83500671386719,142.3515167236328,116.60860443115234,80.09503173828125,40.12324523925781,132.0155792236328,107.72853088378906
2025-05-20,303.5799865722656,81.4005126953125,40.49492263793945,50.55926513671875,141.8384552001953,116.17109680175781,80.37722778320312,40.23992156982422,132.3397979736328,107.16796112060547
2025-05-21,305.82000732421875,80.0093994140625,39.748878479003906,49.52523422241211,139.4407501220703,113.98857879638672,79.44306945800781,39.50581359863281,129.27447509765625,104.99512481689453
2025-05-22,303.1099853515625,80.42864990234375,39.5938606262207,49.466148376464844,139.41114807128906,114.01840209960938,79.11221313476562,38.941864013671875,128.2625274658203,105.44656372070312
2025-05-23,309.75,80.5620346069336,39.719810485839844,49.288883209228516,138.95726013183594,112.76058959960938,79.40413665771484,39.4085807800293,128.0561981201172,104.49905395507812
2025-05-27,304.5,81.68637084960938,40.06377029418945,50.15550231933594,141.404296875,115.44027709960938,80.12422180175781,39.705142974853516,129.8443145751953,107.58465576171875
2025-05-28,303.80999755859375,81.33382415771484,39.55509948730469,49.820674896240234,140.7037353515625,114.9630126953125,79.57929992675781,39.15091323852539,129.1762237548828,106.59747314453125
2025-05-29,305.6099853515625,82.08655548095703,39.85061264038086,50.076717376708984,140.83200073242188,115.15689849853516,79.90042114257812,39.42316436767578,130.04080200195312,106.64212036132812
2025-05-30,303.6000061035156,82.21041870117188,39.49696731567383,50.1850471496582,140.9208221435547,114.7989501953125,80.60104370117188,39.826683044433594,130.31590270996094,106.06171417236328
2025-06-02,311.6700134277344,81.4453353881836,40.01532745361328,50.204742431640625,140.74319458007812,115.81314086914062,80.64969635009766,39.95309066772461,130.39451599121094,106.30973815917969
2025-06-03,308.9100036621094,81.30187225341797,40.49008560180664,50.303226470947266,141.82858276367188,117.5531997680664,80.57185363769531,40.0600471496582,130.69906616210938,106.87527465820312
2025-06-04,310.8999938964844,82.62166595458984,39.70043182373047,50.01763153076172,141.9075164794922,117.72721099853516,80.00746154785156,39.35996627807617,130.95449829101562,106.5925064086914
2025-06-05,309.3299865722656,82.67904663085938,39.661678314208984,49.879756927490234,141.808837890625,117.39411926269531,79.23871612548828,39.29676818847656,130.7776641845703,103.90375518798828
2025-06-06,305.17999267578125,81.62702941894531,40.4077262878418,50.500179290771484,143.00274658203125,118.50277709960938,79.4917221069336,39.47178268432617,132.02542114257812,105.25308990478516
2025-06-09,306.6199951171875,81.71311950683594,40.48523712158203,50.22443771362305,142.87448120117188,119.08445739746094,79.38468170166016,39.21897888183594,131.79945373535156,106.09642791748047
2025-06-10,306.7099914550781,82.13391876220703,41.20706558227539,50.28352737426758,142.2528533935547,119.75064086914062,79.5598373413086,39.31135177612305,133.3026123046875,107.36638641357422
2025-06-11,308.3699951171875,82.38256072998047,41.80293655395508,50.22443771362305,142.32192993164062,119.48714447021484,79.2873764038086,39.33565902709961,133.3714141845703,106.51809692382812
2025-06-12,312.20001220703125,83.36764526367188,41.948265075683594,50.22443771362305,141.94699096679688,120.59581756591797,79.75445556640625,39.81209945678711,134.41282653808594,106.01705169677734
2025-06-13,316.2900085449219,82.56429290771484,42.679786682128906,49.200252532958984,140.75306701660156,118.90547180175781,78.78135681152344,39.58359909057617,133.74476623535156,105.03977966308594
2025-06-16,311.7799987792969,81.73224639892578,42.55382537841797,49.76158142089844,141.72003173828125,120.82947540283203,79.03437042236328,39.38913345336914,133.33212280273438,106.17083740234375
2025-06-17,311.94000244140625,82.72689056396484,42.951072692871094,49.47599792480469,140.65440368652344,119.974365234375,78.3629379272461,39.06340408325195,131.13134765625,104.34030151367188
2025-06-18,310.260009765625,82.8703384399414,42.67009735107422,49.456302642822266,140.3189239501953,120.11854553222656,78.26561737060547,39.16550064086914,130.9053955078125,104.38990783691406
2025-06-20,310.1300048828125,82.7173080444336,43.106101989746094,49.594173431396484,140.47677612304688,119.58657836914062,78.8397445678711,39.272457122802734,130.276611328125,104.51393127441406
2025-06-23,311.0799865722656,82.98509979248047,42.016014099121094,50.21868896484375,142.37899780273438,120.95006561279297,79.75289154052734,39.770320892333984,130.46417236328125,106.58549499511719
2025-06-24,306.19000244140625,83.58760833740234,41.469024658203125,50.96969985961914,143.566650390625,123.12126922607422,79.6843032836914,39.94165802001953,132.06336975097656,107.17707824707031
2025-06-25,307.1199951171875,83.69281005859375,41.2883186340332,50.80170822143555,142.29983520507812,124.17201232910156,78.6163558959961,39.408058166503906,132.1818389892578,105.91436004638672
2025-06-26,306.7799987792969,84.1136245727539,41.87926483154297,51.177215576171875,143.84376525878906,125.0285415649414,78.54777526855469,39.73604965209961,132.49774169921875,106.88874053955078
2025-06-27,301.2200012207031,83.57804870605469,41.65949630737305,51.325435638427734,145.27883911132812,124.879150390625,78.92008972167969,39.81438064575195,132.21145629882812,108.6684799194336
2025-06-30,304.8299865722656,84.4005355834961,41.42018127441406,51.75035095214844,146.00132751464844,126.10417938232422,79.33158874511719,39.975929260253906,133.06040954589844,108.0420913696289
2025-07-01,307.54998779296875,84.60980987548828,41.737632751464844,52.03691864013672,146.4862823486328,124.9787368774414,80.32115173339844,40.112998962402344,134.95579528808594,108.50442504882812
2025-07-02,309.25,84.07223510742188,42.455562591552734,51.99739456176758,146.63473510742188,126.29839324951172,80.55628967285156,39.76542282104492,133.62310791015625,109.3744125366211
2025-07-03,307.1400146484375,83.48666381835938,42.50440216064453,52.560646057128906,147.8817596435547,127.96165466308594,80.51710510253906,40.06404113769531,133.7613067626953,109.9709701538086
2025-07-07,307.3699951171875,82.68990325927734,42.09415817260742,52.05668258666992,147.36712646484375,126.9457778930664,80.44852447509766,40.14726638793945,132.6359405517578,108.57402038574219
2025-07-08,304.1600036621094,82.58431243896484,43.22721862792969,51.59224319458008,147.32754516601562,127.62802124023438,79.70389556884766,39.72136306762695,133.2381134033203,108.20614624023438
2025-07-09,305.5199890136719,83.44827270507812,43.007442474365234,51.779998779296875,148.3568115234375,128.3948974609375,79.18462371826172,40.09341812133789,133.75143432617188,108.84745025634766
2025-07-10,306.20001220703125,83.505859375,43.33466339111328,52.08633041381836,149.1881866455078,127.97162628173828,79.46875,40.42140579223633,134.57080078125,110.0505142211914
2025-07-11,309.1400146484375,82.35393524169922,43.53001403808594,51.54283905029297,148.65374755859375,127.40889739990234,79.1748275756836,40.3626594543457,133.45530700683594,110.08033752441406
2025-07-14,308.010009765625,82.18113708496094,43.05139923095703,51.928218841552734,149.4553985595703,127.30431365966797,79.243408203125,40.52421188354492,133.29734802246094,110.48799133300781
2025-07-15,306.7300109863281,81.60517120361328,42.4311408996582,51.038875579833984,148.33705139160156,128.43475341796875,78.44979858398438,40.137474060058594,130.89852905273438,108.90711212158203
2025-07-16,308.260009765625,81.72035217285156,42.064849853515625,51.39461135864258,148.861572265625,128.83311462402344,78.72412872314453,40.15705490112305,132.52735900878906,109.10596466064453
2025-07-17,307.5899963378906,81.70116424560547,42.323699951171875,51.888694763183594,150.23727416992188,130.00338745117188,79.46875,40.32350158691406,131.01698303222656,109.47880554199219
2025-07-18,308.3900146484375,81.82596588134766,41.98182678222656,51.91834259033203,149.90077209472656,129.91873168945312,79.25321197509766,40.99906921386719,130.1482696533203,110.4482192993164
2025-07-21,313.1300048828125,82.5555191040039,41.54716110229492,51.770118713378906,149.1090087890625,130.0880584716797,79.243408203125,41.1312370300293,129.40789794921875,110.97021484375
2025-07-22,316.1000061035156,83.0546875,41.742515563964844,52.05668258666992,149.46530151367188,128.8829345703125,79.96843719482422,41.63547134399414,131.81658935546875,112.09373474121094
2025-07-23,312.17999267578125,82.59391021728516,42.39695739746094,52.47171401977539,152.1473846435547,129.6199493408203,79.99783325195312,41.32217025756836,134.5214385986328,112.62567138671875
2025-07-24,310.2699890136719,82.44992065429688,42.69976043701172,52.44207000732422,151.89007568359375,130.167724609375,79.71369934082031,41.268314361572266,134.01797485351562,110.76141357421875
2025-07-25,307.3999938964844,82.96829986572266,42.5385856628418,52.80768966674805,153.39442443847656,130.4665069580078,79.85086059570312,41.37601089477539,134.72872924804688,111.79048156738281
2025-07-28,305.4100036621094,82.43072509765625,43.0220947265625,52.44207000732422,152.9193572998047,131.5072784423828,79.02787017822266,40.935428619384766,133.5540008544922,112.44172668457031
2025-07-29,306.25,83.82264709472656,43.44210433959961,52.175262451171875,151.177490234375,131.5122833251953,79.5471420288086,41.40538787841797,132.7050323486328,111.66619873046875
2025-07-30,300.9599914550781,83.39067840576172,42.82185745239258,52.076446533203125,150.43521118164062,131.80609130859375,78.84170532226562,41.71379470825195,132.46812438964844,110.96025848388672
2025-07-31,302.9599914550781,83.43866729736328,42.592315673828125,51.75035095214844,150.44509887695312,130.8400115966797,78.16566467285156,41.93898391723633,128.75636291503906,110.08033752441406
2025-08-01,309.1099853515625,84.62488555908203,41.80112075805664,50.791831970214844,148.19847106933594,128.01644897460938,78.53797912597656,42.00262451171875,129.4473876953125,107.42565155029297
2025-08-04,310.9100036621094,84.85616302490234,41.70833206176758,51.29579544067383,149.5642547607422,130.61590576171875,78.92008972167969,42.746726989746094,131.30325317382812,108.6883773803711
2025-08-05,311.1600036621094,85.11632537841797,41.762054443359375,51.088279724121094,149.25746154785156,129.53529357910156,78.84170532226562,42.29145431518555,130.79981994628906,108.82756042480469
2025-08-06,310.5,84.62488555908203,41.37622833251953,51.335323333740234,149.376220703125,130.99435424804688,79.96843719482422,41.91450881958008,128.83534240722656,111.08952331542969
2025-08-07,313.1199951171875,84.48033142089844,41.21506118774414,50.76218032836914,149.15850830078125,131.11387634277344,80.57588195800781,42.36978530883789,127.35458374023438,111.05472564697266
2025-08-08,313.04998779296875,84.11417388916016,41.478790283203125,51.23650360107422,149.27725219726562,132.42359924316406,80.81103515625,42.18865203857422,128.4898223876953,111.24861145019531
2025-08-11,308.54998779296875,84.21052551269531,41.14668655395508,51.216739654541016,148.79229736328125,131.52720642089844,80.7424545288086,42.05647659301758,128.6181640625,111.53694915771484
2025-08-12,308.2699890136719,83.78653717041016,41.346927642822266,51.83928680419922,150.33624267578125,133.56396484375,80.95799255371094,42.237606048583984,129.50662231445312,112.72012329101562
2025-08-13,309.2099914550781,84.48033142089844,41.82554244995117,52.135738372802734,150.91026306152344,133.61376953125,80.95799255371094,42.33061599731445,131.5796661376953,114.26622009277344
2025-08-14,307.25,83.85397338867188,41.78647232055664,52.38277816772461,149.5741729736328,133.32493591308594,80.23296356201172,42.036895751953125,132.24107360839844,114.13694763183594
2025-08-15,307.42999267578125,83.25655364990234,41.78647232055664,51.83928680419922,148.89126586914062,132.3140411376953,80.36034393310547,41.91450881958008,134.4622039794922,113.863525390625
2025-08-18,306.95001220703125,83.0156478881836,41.53739929199219,51.878814697265625,149.47518920898438,132.59786987304688,80.25257110595703,41.733375549316406,134.1463165283203,114.32089233398438
2025-08-19,305.2699890136719,83.49744415283203,41.55204772949219,51.977630615234375,149.80178833007812,130.28225708007812,81.0755615234375,42.13969802856445,135.00514221191406,114.26622009277344
2025-08-20,308.3599853515625,83.68053436279297,41.8988037109375,52.24443435668945,149.6632537841797,129.4008331298828,81.53605651855469,42.183753967285156,135.7356414794922,113.1377182006836
2025-08-21,307.2900085449219,83.26618957519531,42.186946868896484,52.076446533203125,149.12879943847656,128.9327392578125,80.80123901367188,41.894927978515625,135.2815399169922,112.4665756225586
2025-08-22,310.5799865722656,83.88289642333984,43.046512603759766,52.936153411865234,151.5634765625,130.6806640625,80.80123901367188,42.1201171875,136.3970489501953,115.88189697265625
2025-08-25,309.8299865722656,83.64199829101562,43.158843994140625,52.629817962646484,150.0492401123047,130.3868408203125,79.41976928710938,41.645259857177734,134.4523162841797,115.64824676513672
2025-08-26,312.0799865722656,83.59381103515625,43.09047317504883,53.034969329833984,151.59317016601562,130.98440551757812,78.9004898071289,41.738277435302734,135.2914276123047,116.18017578125
2025-08-27,312.7099914550781,83.49744415283203,43.573974609375,53.1436653137207,151.5733642578125,131.69155883789062,79.13562774658203,41.74806213378906,135.2124481201172,116.20502471923828
2025-08-28,315.0299987792969,84.04670715332031,43.90607452392578,53.21284103393555,151.84059143066406,132.73233032226562,78.63595581054688,41.42986297607422,134.6793670654297,116.40387725830078
2025-08-29,318.07000732421875,83.44926452636719,44.145389556884766,53.3511848449707,150.44509887695312,130.69558715820312,79.14543151855469,41.27810287475586,135.66653442382812,115.20579528808594
2025-09-02,325.5899963378906,82.82826232910156,44.20887756347656,52.95591735839844,149.01002502441406,129.37591552734375,79.01806640625,41.14103698730469,135.7948760986328,114.34574890136719
2025-09-03,328.1400146484375,83.73751068115234,43.21744918823242,52.866981506347656,148.25784301757812,130.14781188964844,78.95927429199219,41.038230895996094,135.15321350097656,114.80809020996094
2025-09-04,326.69000244140625,84.37591552734375,43.50559997558594,53.42036056518555,149.93045043945312,130.79022216796875,79.00826263427734,40.98927688598633,135.66653442382812,116.90599060058594
2025-09-05,331.04998779296875,85.66239929199219,42.66557312011719,52.44207000732422,149.376220703125,130.89974975585938,79.23360443115234,40.861995697021484,136.13050842285156,116.88113403320312
2025-09-08,334.82000732421875,86.80379486083984,42.56789779663086,52.481597900390625,149.71273803710938,131.8807830810547,78.93968200683594,40.44588851928711,136.08116149902344,117.33352661132812
2025-09-09,334.05999755859375,86.31049346923828,42.77301788330078,52.70887756347656,148.70321655273438,132.13475036621094,79.09645080566406,40.72492599487305,136.81166076660156,117.16947174072266
2025-09-10,335.260009765625,86.80379486083984,43.5202522277832,52.531002044677734,149.80178833007812,134.53004455566406,78.32244110107422,41.424964904785156,135.56784057617188,115.7675552368164
2025-09-11,334.760009765625,87.38416290283203,43.53001403808594,53.390708923339844,151.2269744873047,134.98321533203125,78.95927429199219,41.645259857177734,137.9271697998047,118.01956939697266
2025-09-12,335.4200134277344,87.00692749023438,43.27117156982422,53.163429260253906,150.01953125,134.89356994628906,78.69474029541016,41.85576248168945,136.3378143310547,118.63104248046875
2025-09-15,338.9100036621094,87.2100601196289,43.124656677246094,53.04485321044922,150.71234130859375,136.10865783691406,77.7933578491211,41.953670501708984,135.17295837402344,119.66011047363281
2025-09-16,339.5899963378906,87.39382934570312,43.84746551513672,52.926273345947266,150.2669677734375,135.6355743408203,78.14607238769531,41.18998718261719,135.17295837402344,120.39586639404297
2025-09-17,336.9700012207031,87.17137145996094,43.95003128051758,53.44012451171875,149.5840606689453,135.16746520996094,78.6163558959961,41.292789459228516,135.4394989013672,120.09262084960938
2025-09-18,335.6199951171875,86.27179718017578,43.81328201293945,53.48952865600586,151.177490234375,137.50302124023438,77.93052673339844,41.32217025756836,135.70602416992188,119.55073547363281
2025-09-19,339.17999267578125,86.10735321044922,43.23209762573242,53.60810852050781,151.54367065429688,138.89736938476562,77.77375793457031,41.58651351928711,135.52833557128906,120.00313568115234
2025-09-22,345.04998779296875,85.79782104492188,43.182350158691406,53.53672409057617,152.05052185058594,140.9407196044922,76.90663146972656,41.989654541015625,135.49363708496094,119.61219787597656
2025-09-23,346.4599914550781,86.39753723144531,43.926109313964844,53.29878234863281,152.09027099609375,139.72409057617188,77.29136657714844,42.206504821777344,135.80105590820312,118.48668670654297
2025-09-24,343.32000732421875,86.06867218017578,44.497474670410156,53.15007400512695,151.30516052246094,138.8614501953125,77.45906829833984,42.50713348388672,135.25563049316406,119.32335662841797
2025-09-25,344.75,86.06867218017578,44.89645004272461,53.01127624511719,150.2815704345703,138.6171417236328,76.71920013427734,42.098079681396484,133.01443481445312,117.64007568359375
2025-09-26,346.739990234375,85.99127960205078,45.3101921081543,53.397926330566406,151.6331329345703,139.03598022460938,76.90663146972656,42.783119201660156,134.37303161621094,119.37813568115234
2025-09-29,352.4599914550781,86.6973876953125,44.47777557373047,53.665611267089844,152.10020446777344,139.77891540527344,77.05461120605469,42.90633010864258,134.7696990966797,119.90103912353516
2025-09-30,355.4700012207031,86.44590759277344,44.004920959472656,53.407840728759766,153.2728729248047,140.54180908203125,77.31110382080078,42.98025894165039,138.01251220703125,119.34326934814453
2025-10-01,356.0299987792969,86.66915893554688,44.004920959472656,52.93195724487305,152.84556579589844,141.9180145263672,77.19271850585938,43.39424133300781,142.27674865722656,120.09028625488281
2025-10-02,354.7900085449219,86.92152404785156,43.561622619628906,52.892303466796875,153.24305725097656,142.68589782714844,76.88690948486328,43.31538391113281,141.9990692138672,119.22374725341797
2025-10-03,357.6400146484375,86.75650024414062,43.793121337890625,53.259132385253906,153.45176696777344,141.96788024902344,76.97569274902344,43.81808090209961,143.6155242919922,118.4568099975586
2025-10-06,364.3800048828125,86.0673599243164,44.00984573364258,53.23929977416992,154.16729736328125,143.40391540527344,76.41339111328125,44.241912841796875,142.9213409423828,119.47274780273438
2025-10-07,366.260009765625,86.56238555908203,44.07880401611328,53.30870056152344,153.29275512695312,142.44656372070312,77.12366485595703,44.4439811706543,143.03041076660156,117.38111114501953
2025-10-08,372.29998779296875,86.63032531738281,43.82267761230469,53.050926208496094,154.6244354248047,144.9446563720703,76.73893737792969,44.749542236328125,143.30809020996094,117.7297134399414
2025-10-09,365.42999267578125,86.56238555908203,43.226680755615234,52.8625602722168,152.33871459960938,144.70033264160156,76.98555755615234,44.63618850708008,142.99075317382812,117.1420669555664
2025-10-10,369.1199951171875,87.96012115478516,41.975589752197266,51.7125129699707,148.96974182128906,138.8115997314453,77.04474639892578,44.453834533691406,140.9280548095703,113.91993713378906
2025-10-13,378.0899963378906,87.91158294677734,42.54695510864258,52.208221435546875,150.52008056640625,142.19227600097656,76.78825378417969,44.79389572143555,140.76937866210938,116.46477508544922
2025-10-14,380.7900085449219,88.19307708740234,42.542030334472656,52.78324890136719,152.28903198242188,140.3673095703125,78.0213623046875,45.19308853149414,141.1561279296875,116.70880126953125
2025-10-15,387.3900146484375,87.99894714355469,42.51740264892578,52.78324890136719,151.6529998779297,141.75845336914062,78.15948486328125,45.78449630737305,141.3743133544922,116.87812042236328
2025-10-16,396.45001220703125,88.65898895263672,42.00514602661133,51.315940856933594,150.65921020507812,141.86317443847656,77.61690521240234,45.28672790527344,141.13632202148438,115.74763488769531
2025-10-17,388.989990234375,88.5230941772461,42.34993362426758,51.732337951660156,150.78839111328125,142.11248779296875,78.65272521972656,45.129024505615234,142.0784149169922,116.74365234375
2025-10-20,403.1499938964844,88.86282348632812,42.79815673828125,52.33710479736328,152.56729125976562,143.69810485839844,78.58367156982422,45.11423873901367,143.58575439453125,117.66996002197266
2025-10-21,377.239990234375,89.29961395263672,42.699649810791016,52.27762222290039,153.91885375976562,143.7729034423828,78.21867370605469,44.65590286254883,143.92294311523438,119.10920715332031
2025-10-22,377.2799987792969,89.35784149169922,43.24638748168945,51.980194091796875,151.92132568359375,142.35182189941406,78.66258239746094,44.55240249633789,144.7460479736328,118.17793273925781
2025-10-23,378.7900085449219,88.74634552001953,43.82267761230469,52.08925247192383,153.8194580078125,144.1468505859375,78.2778549194336,44.51791000366211,144.8253631591797,118.7107925415039
2025-10-24,377.5199890136719,88.78516387939453,43.37937545776367,52.654361724853516,153.94866943359375,146.38568115234375,78.0213623046875,45.04030990600586,144.81544494628906,118.35721588134766
2025-10-27,367.010009765625,89.08606719970703,43.482810974121094,52.872474670410156,154.8231964111328,149.08822631835938,78.14961242675781,45.16352081298828,145.15261840820312,120.06040954589844
2025-10-28,364.3800048828125,89.31901550292969,43.029659271240234,52.53539276123047,153.7200927734375,150.5641326904297,77.37029266357422,44.41933822631836,144.2402801513672,120.09028625488281
2025-10-29,363.0,88.41632080078125,43.349822998046875,51.64311218261719,154.1175994873047,151.64614868164062,75.5452880859375,44.4045524597168,142.78250122070312,119.0992431640625
2025-10-30,370.1300048828125,87.90187072753906,43.09368896484375,51.78190994262695,153.73004150390625,149.78131103515625,75.46636199951172,44.21727752685547,143.099853515625,116.40998840332031
2025-10-31,368.1199951171875,87.63980102539062,43.4089241027832,51.92070770263672,154.0977325439453,149.92588806152344,75.24933624267578,43.91171646118164,143.05026245117188,119.48768615722656
2025-11-03,368.7799987792969,87.42062377929688,43.41385269165039,51.702598571777344,153.4418182373047,150.53919982910156,74.65744018554688,43.93635940551758,143.2485809326172,120.60821533203125
2025-11-04,362.32000732421875,87.61544799804688,42.945926666259766,51.97027587890625,151.66293334960938,146.565185546875,74.9632568359375,43.77865219116211,143.89320373535156,118.60621643066406
2025-11-05,366.510009765625,86.66078186035156,43.05921173095703,52.14873504638672,152.249267578125,147.13861083984375,74.91393280029297,43.78850555419922,144.44854736328125,120.05044555664062
2025-11-06,366.07000732421875,87.44010162353516,43.477882385253906,51.96036911010742,151.64305114746094,144.1817626953125,74.57852172851562,43.5963020324707,144.7261962890625,117.27653503417969
2025-11-07,368.30999755859375,87.2550048828125,44.103431701660156,52.32719039916992,152.37847900390625,143.68313598632812,75.67352294921875,44.202491760253906,144.92454528808594,117.4607925415039
2025-11-10,378.3800048828125,87.23553466796875,44.50239944458008,52.51556396484375,153.24305725097656,147.35800170898438,75.39730834960938,44.18770980834961,146.0550537109375,119.00463104248047
2025-11-11,379.8699951171875,87.63492584228516,45.0836181640625,52.753501892089844,153.28282165527344,146.10147094726562,76.38379669189453,44.21234893798828,149.42677307128906,119.29845428466797
2025-11-12,385.989990234375,87.79080200195312,44.453147888183594,53.209556579589844,153.43190002441406,146.5552215576172,76.27528381347656,44.31584167480469,151.54898071289062,118.49665832519531
2025-11-13,382.8699951171875,87.0699234008789,44.566436767578125,52.52547836303711,151.0567169189453,142.90029907226562,76.27528381347656,43.70472717285156,151.4696502685547,115.53846740722656
2025-11-14,375.9599914550781,86.57311248779297,45.32497024536133,52.000022888183594,151.066650390625,143.67816162109375,76.21609497070312,43.74415588378906,150.5672149658203,114.98567962646484
2025-11-17,371.6499938964844,86.78740692138672,44.497474670410156,51.00860595703125,149.58590698242188,141.42938232421875,75.73271179199219,44.13842010498047,150.43829345703125,113.90499114990234
2025-11-18,374.3500061035156,86.75818634033203,44.85211181640625,50.92928695678711,148.92007446289062,139.13072204589844,76.0582504272461,43.970855712890625,151.32089233398438,111.80339050292969
2025-11-19,374.9599914550781,86.58283996582031,44.27090072631836,51.11766052246094,149.41696166992188,140.09803771972656,75.47622680664062,43.60123062133789,151.0630645751953,111.80836486816406
2025-11-20,374.8500061035156,86.9238052368164,43.76849365234375,50.6715202331543,146.91259765625,135.7001953125,76.018798828125,43.379451751708984,150.16061401367188,110.1400375366211
2025-11-21,374.2699890136719,87.18681335449219,44.0443229675293,51.226715087890625,148.70143127441406,136.2237548828125,76.84745025634766,43.44352340698242,153.3240966796875,112.30139923095703
2025-11-24,380.20001220703125,87.68363952636719,43.92118453979492,51.444828033447266,149.0691375732422,139.4697723388672,75.95960998535156,43.93635940551758,153.96868896484375,113.8004150390625
2025-11-25,380.0799865722656,87.90769958496094,43.645355224609375,52.08925247192383,150.9772186279297,139.84375,77.00528717041016,43.76879119873047,157.44949340820312,116.23567962646484
2025-11-26,383.1199951171875,88.29735565185547,43.975364685058594,52.49573516845703,151.8517608642578,141.49917602539062,77.84380340576172,44.350341796875,157.10240173339844,117.03250122070312
2025-11-28,387.8800048828125,87.87847137451172,44.55165481567383,52.872474670410156,152.73623657226562,142.7158203125,78.29759216308594,44.66575622558594,156.33880615234375,117.75959777832031
2025-12-01,389.75,86.78450012207031,44.98017883300781,52.436248779296875,150.50021362304688,142.7806396484375,78.21867370605469,43.620941162109375,153.99842834472656,117.8293228149414
2025-12-02,387.239990234375,86.82360076904297,44.39896774291992,52.38667678833008,151.81199645996094,144.25157165527344,77.7056884765625,43.31045913696289,153.076171875,117.74964141845703
2025-12-03,386.8800048828125,87.0680160522461,45.23138427734375,53.0905876159668,153.25302124023438,144.5956268310547,77.76488494873047,43.17245864868164,153.79019165039062,119.01956939697266
2025-12-04,387.1300048828125,86.5987548828125,45.42348098754883,53.199642181396484,154.04803466796875,145.13414001464844,77.3900146484375,43.0837516784668,152.6199951171875,118.59626007080078
2025-12-05,386.44000244140625,86.19792175292969,45.236305236816406,53.2194709777832,153.62071228027344,146.19619750976562,77.39988708496094,42.67962646484375,151.9853057861328,119.25363159179688
2025-12-08,385.4200134277344,85.91441345214844,44.743751525878906,53.02118682861328,153.43190002441406,147.22337341308594,76.75865936279297,42.10793685913086,150.1705322265625,117.52054595947266
2025-12-09,387.3999938964844,86.00238800048828,45.019588470458984,52.82290267944336,152.30889892578125,147.61228942871094,76.93622589111328,42.13750457763672,148.71278381347656,117.5105972290039
2025-12-10,389.04998779296875,86.33478546142578,45.49243927001953,53.427669525146484,155.09152221679688,148.32032775878906,77.16313171386719,42.11779022216797,150.8746337890625,119.23370361328125
2025-12-11,393.239990234375,86.21746826171875,45.27571487426758,54.399261474609375,156.75115966796875,147.5624237060547,77.73529052734375,42.4233512878418,152.30267333984375,119.70184326171875
2025-12-12,395.44000244140625,85.38648223876953,44.83241271972656,54.47857666015625,155.76731872558594,143.29421997070312,78.34690856933594,42.21636199951172,152.77867126464844,120.21976470947266
2025-12-15,395.79998779296875,85.44513702392578,44.51717758178711,54.51823425292969,156.01576232910156,141.90805053710938,78.5639419555664,42.600772857666016,154.80169677734375,121.24568176269531
2025-12-16,395.8900146484375,85.91441345214844,43.1577262878418,54.171234130859375,155.09152221679688,142.16732788085938,78.20880126953125,42.4233512878418,152.78858947753906,121.44487762451172
2025-12-17,399.2900085449219,85.83619689941406,44.11328125,54.16132354736328,152.5772247314453,139.0060577392578,78.57380676269531,42.147361755371094,152.5109100341797,120.04048919677734
2025-12-18,398.57000732421875,86.24679565429688,43.47296142578125,54.07209396362305,153.57101440429688,141.150146484375,78.1200180053711,42.561344146728516,152.62991333007812,121.85324096679688
2025-12-19,399.0199890136719,85.92489624023438,43.47296142578125,54.3695182800293,154.8927764892578,144.20172119140625,77.71556091308594,42.01922607421875,153.65135192871094,121.36519622802734
2025-12-22,408.2300109863281,85.73841094970703,43.92301940917969,55.03709030151367,156.6099395751953,144.979736328125,77.44408416748047,42.17513656616211,154.6641845703125,122.0947265625
2025-12-23,413.6400146484375,85.87581634521484,44.21113586425781,55.14652633666992,156.55010986328125,145.7687530517578,77.07616424560547,42.324092864990234,154.35545349121094,121.9250717163086
2025-12-24,411.92999267578125,86.39598083496094,44.08198165893555,55.44499206542969,157.05868530273438,146.1183319091797,77.68274688720703,42.51277542114258,155.16213989257812,122.34423065185547
2025-12-26,416.739990234375,86.11136627197266,43.9130859375,55.33555221557617,156.76950073242188,146.34803771972656,77.79212951660156,42.48298263549805,155.41111755371094,121.8053207397461
2025-12-29,398.6000061035156,86.43524169921875,44.33035659790039,55.03709030151367,156.43045043945312,145.68885803222656,77.84185028076172,42.56242752075195,155.17208862304688,120.60771942138672
2025-12-30,398.8900146484375,86.22913360595703,44.66815185546875,54.897804260253906,155.98170471191406,145.22943115234375,77.71257781982422,42.6617317199707,155.04261779785156,120.11870574951172
2025-12-31,396.30999755859375,85.5421371459961,44.41977310180664,54.48990249633789,154.6853485107422,143.7912139892578,77.24520874023438,42.39360809326172,154.16622924804688,119.17060852050781
2026-01-02,398.2799987792969,85.41455078125,45.35367202758789,54.64908218383789,157.53733825683594,144.1208038330078,77.2551498413086,42.88020706176758,154.87332153320312,118.11273193359375
2026-01-05,408.760009765625,85.83656311035156,46.58562088012695,55.84294891357422,159.402099609375,144.44039916992188,76.91705322265625,42.403541564941406,154.40524291992188,120.05882263183594
2026-01-06,413.17999267578125,85.65990447998047,45.34373474121094,56.111568450927734,161.56602478027344,146.46788024902344,77.03638458251953,42.61207962036133,157.4427490234375,120.82727813720703
2026-01-07,409.2300109863281,86.16043853759766,44.8370475769043,55.32560729980469,158.52456665039062,146.34803771972656,76.1911392211914,41.57929992675781,159.00633239746094,120.65762329101562
2026-01-08,411.489990234375,85.72859954833984,46.24782943725586,55.6141242980957,159.72120666503906,144.06088256835938,78.0009536743164,41.69847106933594,157.47262573242188,122.67356872558594
2026-01-09,414.4700012207031,86.29783630371094,46.36705017089844,55.44499206542969,161.47625732421875,145.968505859375,78.8064193725586,42.2148551940918,156.66595458984375,124.16058349609375
2026-01-12,422.2300109863281,86.04266357421875,46.03919219970703,55.00724411010742,162.71279907226562,146.6077117919922,79.73121643066406,42.28437423706055,156.7356719970703,124.27035522460938
2026-01-13,421.6300048828125,86.18988037109375,46.694908142089844,53.95266342163086,163.55043029785156,146.298095703125,80.656005859375,42.55249786376953,156.09829711914062,123.96098327636719
2026-01-14,425.94000244140625,86.69041442871094,47.74802780151367,53.87307357788086,163.80972290039062,144.5203094482422,81.76974487304688,42.87027359008789,157.2136993408203,122.00491333007812
2026-01-15,423.3299865722656,86.67078399658203,47.30094909667969,54.09194564819336,165.3154754638672,145.2793731689453,81.9089584350586,43.307220458984375,156.31739807128906,122.45401000976562
2026-01-16,421.2900085449219,86.17025756835938,47.380428314208984,54.16158676147461,166.43234252929688,145.4391632080078,81.6504135131836,43.088748931884766,155.10238647460938,122.05481719970703
2026-01-20,437.2300109863281,85.0416030883789,47.291011810302734,52.92793273925781,163.07179260253906,141.6638641357422,81.89900970458984,42.6617317199707,154.76376342773438,118.88118743896484
2026-01-21,443.6000061035156,85.68933868408203,48.43354797363281,53.18659973144531,165.89385986328125,143.63140869140625,81.97856903076172,42.721317291259766,157.612060546875,121.1566162109375
2026-01-22,451.7900085449219,86.06229400634766,48.59251022338867,53.534812927246094,165.03627014160156,144.70008850097656,81.80950927734375,42.41346740722656,157.64193725585938,122.37417602539062
2026-01-23,458.0,86.29783630371094,48.87069320678711,52.7985954284668,163.75985717773438,144.90982055664062,82.44593811035156,42.26451110839844,156.8352508544922,122.88314819335938
2026-01-26,464.70001220703125,86.71003723144531,48.90049743652344,53.13685607910156,163.91940307617188,145.8986053466797,82.31665802001953,42.572357177734375,157.45272827148438,122.07477569580078
2026-01-27,476.1000061035156,86.17025756835938,49.34757614135742,52.72895431518555,164.59750366210938,147.86614990234375,82.69453430175781,43.12847137451172,154.81356811523438,122.44403076171875
2026-01-28,494.55999755859375,85.97396087646484,49.7251091003418,52.7190055847168,163.68008422851562,149.044677734375,81.85923767089844,43.02916717529297,153.67823791503906,121.52587127685547
2026-01-29,495.8999938964844,85.99359130859375,50.18212127685547,53.27614212036133,165.395263671875,146.68760681152344,81.67029571533203,43.02916717529297,153.19024658203125,120.94703674316406
2026-01-30,444.95001220703125,85.51268005371094,50.7186164855957,53.16670227050781,164.9764404296875,143.7013397216797,83.0425796508789,42.94972229003906,154.10647583007812,120.92707824707031
2026-02-02,427.1300048828125,85.26836395263672,49.7251091003418,53.753684997558594,167.06057739257812,145.07960510253906,84.02703094482422,42.324092864990234,155.05258178710938,121.72547912597656
2026-02-03,454.2900085449219,85.47525787353516,51.334590911865234,53.25624084472656,168.4666290283203,141.903564453125,85.38936614990234,42.93979263305664,153.46910095214844,120.7474365234375
2026-02-04,453.9700012207031,85.25851440429688,52.487064361572266,53.684043884277344,168.9153594970703,137.94847106933594,86.50309753417969,42.78090286254883,155.3911895751953,119.85922241210938
2026-02-05,441.8800048828125,86.1845932006836,51.871089935302734,53.01747131347656,167.89822387695312,135.46157836914062,86.43348693847656,42.80076217651367,154.2060546875,117.2744140625
2026-02-06,455.4599914550781,86.24370574951172,52.90433883666992,53.98250961303711,172.69473266601562,140.95474243164062,87.44778442382812,43.04902648925781,157.06431579589844,117.75344848632812
2026-02-09,467.0299987792969,86.22399139404297,53.291805267333984,53.664146423339844,173.21328735351562,143.1719970703125,86.94063568115234,43.178123474121094,155.6800079345703,117.31433868408203
2026-02-10,462.3999938964844,87.21903991699219,53.23219680786133,53.27614212036133,173.42269897460938,142.37298583984375,86.66220092773438,43.89312744140625,154.69406127929688,118.0927734375
2026-02-11,467.6300048828125,86.75599670410156,54.62310791015625,52.47028350830078,174.35009765625,142.79246520996094,87.90520477294922,44.280418395996094,155.61029052734375,117.52391815185547
2026-02-12,451.3900146484375,87.90867614746094,53.629600524902344,51.42565155029297,172.2659454345703,139.03713989257812,88.7106704711914,44.93583679199219,155.36131286621094,115.89717864990234
2026-02-13,462.6199951171875,88.39141845703125,53.997196197509766,51.385860443115234,173.68197631835938,139.38668823242188,89.00899505615234,46.17715835571289,157.02447509765625,115.94708251953125
2026-02-17,448.20001220703125,88.53919982910156,53.401092529296875,51.93304443359375,174.5894317626953,139.30679321289062,87.7063217163086,46.05799102783203,156.7257080078125,115.80736541748047
2026-02-18,458.2799987792969,88.20423126220703,54.42440414428711,52.32105255126953,174.54953002929688,140.73501586914062,87.5472183227539,45.2933349609375,157.02447509765625,116.78539276123047
2026-02-19,459.55999755859375,88.29290008544922,54.82181167602539,51.88330078125,175.84588623046875,140.035888671875,87.17929077148438,45.78986358642578,156.61614990234375,116.0069580078125
2026-02-20,468.6199951171875,88.08601379394531,54.52375793457031,52.22156524658203,176.7333984375,140.70506286621094,87.39805603027344,46.008338928222656,156.17796325683594,117.21453094482422
2026-02-23,481.2799987792969,88.41111755371094,54.79200744628906,50.47056198120117,174.34011840820312,138.34799194335938,88.47201538085938,46.35590744018555,157.8909149169922,114.75946807861328
2026-02-24,474.6099853515625,88.5687484741211,54.74232864379883,50.71928405761719,176.48410034179688,140.145751953125,89.23770141601562,46.87229919433594,157.22366333007812,116.5059585571289
2026-02-25,473.4200134277344,88.57860565185547,54.51382064819336,51.604732513427734,175.10797119140625,142.8323974609375,88.51179504394531,47.031185150146484,157.18382263183594,116.85525512695312
2026-02-26,477.4800109863281,88.93326568603516,54.69265365600586,52.231510162353516,176.2048797607422,140.8348846435547,88.36263275146484,46.85243606567383,156.77549743652344,116.81533813476562
2026-02-27,483.75,89.47512817382812,55.557003021240234,51.16698455810547,176.64364624023438,138.58767700195312,89.50619506835938,47.398616790771484,159.5441131591797,116.62571716308594
2026-03-02,490.0,88.57661437988281,56.66973876953125,51.03764724731445,178.39871215820312,139.36671447753906,88.21347045898438,47.041114807128906,157.88095092773438,115.18860626220703
2026-03-03,468.1400146484375,88.39868927001953,56.15311050415039,50.9481086730957,174.9484100341797,137.32925415039062,87.24889373779297,46.74319839477539,156.09829711914062,114.13072967529297
2026-03-04,471.79998779296875,88.12191772460938,55.825252532958984,51.23662567138672,175.4769287109375,139.6663360595703,86.67214965820312,46.941810607910156,156.4070281982422,116.15666198730469
2026-03-05,466.1300048828125,87.76606750488281,56.11336898803711,50.9680061340332,171.577880859375,140.00592041015625,84.93194580078125,46.57438278198242,153.27987670898438,116.31634521484375
2026-03-06,473.510009765625,87.43987274169922,56.20278549194336,50.31138229370117,169.4638214111328,137.1195068359375,85.29986572265625,46.41549301147461,152.0748291015625,114.2105712890625
2026-03-09,472.5299987792969,88.20099639892578,55.954410552978516,50.072608947753906,170.46102905273438,139.58644104003906,85.48880767822266,46.52472686767578,153.62843322753906,114.36026763916016
2026-03-10,477.8599853515625,87.26194763183594,55.23908233642578,49.80398941040039,169.54360961914062,139.58644104003906,85.24020385742188,46.23674011230469,152.52297973632812,114.2105712890625
2026-03-11,476.239990234375,86.13509368896484,56.61012649536133,49.38613510131836,169.0150909423828,140.25559997558594,84.11652374267578,45.84944534301758,152.22421264648438,113.91117095947266
2026-03-12,466.8800048828125,85.96705627441406,57.13668441772461,48.58028030395508,164.77700805664062,137.6688232421875,83.77843475341797,46.17715835571289,149.54522705078125,111.29642486572266
2026-03-13,460.8399963378906,85.54202270507812,57.3254508972168,48.63997268676758,164.1886444091797,136.630126953125,84.26568603515625,46.63396072387695,149.17672729492188,110.63774871826172
2026-03-16,460.42999267578125,86.20429229736328,57.52415466308594,49.047874450683594,165.59469604492188,138.607666015625,84.50434875488281,46.93187713623047,150.39173889160156,111.97505950927734
2026-03-17,459.2699890136719,86.44152069091797,58.130191802978516,49.306549072265625,166.03346252441406,139.36671447753906,84.22591400146484,46.80278396606445,149.02735900878906,112.95309448242188
2026-03-18,444.739990234375,85.95716857910156,58.05071258544922,48.719566345214844,164.7171630859375,137.78868103027344,82.17744445800781,46.40555953979492,146.53758239746094,110.34832763671875
2026-03-19,426.4100036621094,86.4810562133789,58.97467803955078,48.739463806152344,163.6002960205078,138.25808715820312,81.51119232177734,46.216880798339844,146.009765625,109.48007202148438
2026-03-20,413.3800048828125,84.84020233154297,58.92500305175781,48.829002380371094,161.2169952392578,135.1219940185547,80.83499908447266,44.340003967285156,144.73500061035156,107.52400207519531
2026-03-23,404.0400085449219,85.39374542236328,59.630001068115234,49.27000045776367,163.0500030517578,136.9499969482422,81.18000030517578,44.779998779296875,144.77000427246094,110.12000274658203
2026-03-24,404.1300048828125,85.01812744140625,60.84000015258789,49.279998779296875,164.0,136.14999389648438,81.11000061035156,45.09000015258789,144.7899932861328,109.68000030517578
2026-03-25,416.2900085449219,85.83855438232422,60.56999969482422,49.34000015258789,165.10000610351562,136.75999450683594,81.51000213623047,45.25,146.24000549316406,110.7300033569336
2026-03-26,400.6400146484375,85.11697387695312,61.52000045776367,49.04999923706055,161.27000427246094,132.5,81.13999938964844,45.33000183105469,145.74000549316406,108.83000183105469
2026-03-27,414.70001220703125,84.65239715576172,62.560001373291016,47.810001373291016,159.1999969482422,129.9199981689453,81.77999877929688,45.59000015258789,143.25999450683594,105.68000030517578
2026-03-30,414.5799865722656,85.77925109863281,61.959999084472656,48.36000061035156,156.61000061035156,127.5,81.87999725341797,45.91999816894531,143.82000732421875,105.66000366210938
2026-03-31,430.2900085449219,85.6902847290039,61.2599983215332,49.369998931884766,161.72999572753906,132.89999389648438,81.9800033569336,45.88999938964844,146.61000061035156,108.9800033569336
2026-04-01,437.82000732421875,85.6059341430664,58.970001220703125,49.439998626708984,164.42999267578125,134.91000366210938,81.45999908447266,46.11000061035156,147.72999572753906,109.80000305175781
2026-04-02,429.4100036621094,86.13191223144531,59.25,49.529998779296875,163.77000427246094,135.99000549316406,81.88999938964844,46.34000015258789,146.80999755859375,108.1500015258789
2026-04-06,427.6499938964844,85.99297332763672,59.68000030517578,49.880001068115234,164.61000061035156,136.77999877929688,82.66000366210938,46.16999816894531,146.27999877929688,109.04000091552734
2026-04-07,431.80999755859375,85.98304748535156,60.15999984741211,49.880001068115234,164.27999877929688,137.42999267578125,81.26000213623047,46.27000045776367,146.57000732421875,107.7699966430664
2026-04-08,434.5299987792969,86.26092529296875,58.04999923706055,51.20000076293945,170.44000244140625,141.69000244140625,82.77999877929688,46.779998779296875,149.6699981689453,110.81999969482422
2026-04-09,437.9100036621094,86.04259490966797,57.33000183105469,51.33000183105469,172.19000244140625,142.07000732421875,83.44999694824219,47.150001525878906,149.3300018310547,112.73999786376953
2026-04-10,437.1300048828125,85.83418273925781,56.939998626708984,50.77000045776367,171.52000427246094,142.6199951171875,82.37000274658203,46.959999084472656,147.30999755859375,112.88999938964844
2026-04-13,435.3599853515625,86.09221649169922,57.11000061035156,51.65999984741211,172.72999572753906,145.61000061035156,81.55000305175781,46.38999938964844,147.97000122070312,113.91999816894531
2026-04-14,445.0899963378906,86.5487289428711,55.95000076293945,51.779998779296875,173.35000610351562,147.94000244140625,81.47000122070312,46.470001220703125,148.8300018310547,116.44000244140625
2026-04-15,440.4599914550781,86.1716079711914,55.7599983215332,52.16999816894531,171.17999267578125,150.3000030517578,81.05999755859375,46.02000045776367,147.77000427246094,118.18000030517578
2026-04-16,440.0799865722656,85.62577819824219,56.58000183105469,52.029998779296875,170.3300018310547,152.02000427246094,81.43000030517578,46.349998474121094,146.61000061035156,117.62999725341797
2026-04-17,445.92999267578125,86.40978240966797,55.02000045776367,52.43000030517578,173.50999450683594,154.35000610351562,82.45999908447266,46.15999984741211,148.8000030517578,120.41000366210938
2026-04-20,442.0899963378906,86.38994598388672,55.06999969482422,52.630001068115234,173.89999389648438,154.55999755859375,82.38999938964844,45.75,147.4199981689453,119.87000274658203
2026-04-21,429.57000732421875,85.91357421875,55.869998931884766,52.29999923706055,171.44000244140625,154.69000244140625,81.83999633789062,44.95000076293945,145.9199981689453,118.97000122070312
2026-04-22,435.260009765625,86.08228302001953,56.540000915527344,52.209999084472656,171.0399932861328,158.08999633789062,82.11000061035156,44.869998931884766,146.3800048828125,118.93000030517578
2026-04-23,431.0400085449219,85.89373016357422,56.97999954223633,51.79999923706055,174.07000732421875,155.83999633789062,83.4800033569336,46.09000015258789,146.24000549316406,117.73999786376953
2026-04-24,433.25,86.05252075195312,56.869998931884766,51.41999816894531,172.47000122070312,160.22000122070312,83.2300033569336,46.18000030517578,144.17999267578125,118.69000244140625
2026-04-27,429.8900146484375,85.62577819824219,56.77000045776367,51.810001373291016,172.50999450683594,160.57000732421875,82.33999633789062,46.189998626708984,143.4600067138672,117.83999633789062
2026-04-28,421.9100036621094,85.71509552001953,57.709999084472656,51.849998474121094,170.97999572753906,157.85000610351562,83.08000183105469,46.25,143.83999633789062,117.01000213623047
2026-04-29,417.4100036621094,85.0501708984375,59.029998779296875,51.91999816894531,169.92999267578125,159.11000061035156,82.91999816894531,45.68000030517578,142.83999633789062,116.83999633789062
2026-04-30,423.6600036621094,84.97077941894531,59.650001525878906,52.130001068115234,174.5800018310547,159.5,84.30999755859375,46.849998474121094,145.99000549316406,118.3499984741211
2026-05-01,423.17999267578125,85.27458953857422,58.849998474121094,51.91999816894531,172.9600067138672,161.8699951171875,84.16999816894531,46.54999923706055,145.16000366210938,118.62999725341797
2026-05-04,414.7099914550781,84.62712860107422,59.38999938964844,51.58000183105469,170.97999572753906,162.0500030517578,83.54000091552734,46.369998931884766,144.72999572753906,117.72000122070312
2026-05-05,418.2699890136719,85.09529113769531,59.45000076293945,51.59000015258789,172.41000366210938,165.6300048828125,84.05999755859375,46.369998931884766,145.3000030517578,118.06999969482422
2026-05-06,430.9599914550781,85.74274444580078,57.0,51.84000015258789,176.8699951171875,170.02999877929688,84.23999786376953,45.709999084472656,145.39999389648438,119.87000274658203
2026-05-07,431.67999267578125,85.3144302368164,55.95000076293945,51.54999923706055,174.0,169.69000244140625,83.9800033569336,45.119998931884766,144.72000122070312,119.87999725341797
2026-05-08,433.7699890136719,85.74274444580078,55.70000076293945,51.2400016784668,173.1999969482422,175.52000427246094,84.18000030517578,44.720001220703125,143.49000549316406,120.19999694824219
2026-05-11,434.6499938964844,85.22477722167969,57.16999816894531,51.18000030517578,175.0399932861328,177.8800048828125,83.37000274658203,45.13999938964844,143.0399932861328,119.37000274658203
2026-05-12,432.92999267578125,84.65701293945312,57.56999969482422,51.58000183105469,174.35000610351562,175.1999969482422,84.44000244140625,45.189998626708984,145.85000610351562,118.29000091552734
2026-05-13,430.5,84.46776580810547,57.630001068115234,50.9900016784668,173.6199951171875,176.85000610351562,84.72000122070312,44.66999816894531,146.7100067138672,118.72000122070312
2026-05-14,427.2099914550781,84.58728790283203,58.06999969482422,51.290000915527344,174.50999450683594,179.5,84.9800033569336,44.900001525878906,146.6300048828125,118.66999816894531
2026-05-15,417.2900085449219,83.33222961425781,59.439998626708984,51.099998474121094,171.39999389648438,176.25999450683594,84.63999938964844,43.869998931884766,145.10000610351562,116.52999877929688
2026-05-18,418.42999267578125,83.23261260986328,60.58000183105469,51.7400016784668,170.75,174.36000061035156,85.9000015258789,43.939998626708984,145.72000122070312,116.31999969482422
2026-05-19,411.5,82.69473266601562,61.290000915527344,51.099998474121094,168.74000549316406,173.24000549316406,86.08999633789062,44.34000015258789,147.32000732421875,115.02999877929688
2026-05-20,417.3999938964844,83.58125305175781,59.79999923706055,51.65999984741211,170.72999572753906,177.13999938964844,85.5199966430664,44.5099983215332,147.1300048828125,117.94000244140625
2026-05-21,416.989990234375,83.89002990722656,59.130001068115234,51.72999954223633,170.52999877929688,178.60000610351562,84.66000366210938,45.0,148.14999389648438,118.69999694824219
2026-05-22,413.82000732421875,84.34822845458984,59.4900016784668,51.939998626708984,171.77000427246094,180.38999938964844,84.80000305175781,45.349998474121094,149.88999938964844,119.18000030517578
2026-05-26,414.0,84.7665786743164,57.849998474121094,51.849998474121094,174.3000030517578,185.13999938964844,83.62999725341797,45.33000183105469,148.50999450683594,119.44999694824219
2026-05-27,408.489990234375,84.96580505371094,56.9900016784668,51.41999816894531,174.3000030517578,184.42999267578125,84.58000183105469,45.13999938964844,148.7899932861328,121.55000305175781
2026-05-28,412.7699890136719,85.4040756225586,56.95000076293945,51.27000045776367,173.8000030517578,186.85000610351562,84.43000030517578,44.630001068115234,150.8800048828125,122.05999755859375
2026-05-29,417.1199951171875,85.42400360107422,56.290000915527344,51.58000183105469,173.1300048828125,191.02000427246094,82.91000366210938,44.41999816894531,149.47000122070312,120.87000274658203
